PHP Warning:  Undefined array key "HTTP_HOST" in /var/www/fb2/application/config/constants.php on line 78

Warning: Undefined array key "HTTP_HOST" in /var/www/fb2/application/config/constants.php on line 78
=== MULAI CLONE DATABASE ===
Sumber: forboysproduction.com / forboysp_2425
Tujuan: localhost / forboysp_2425
Waktu mulai: 2026-02-21 10:21:21
-----------------------------------
Total tabel ditemukan: 318
-----------------------------------
Memproses tabel: absensi
  -> Jumlah data sumber: 0 rows
  -> Tabel lokal di-truncate
  -> Tidak ada data untuk di-clone
Memproses tabel: absensi_bordir
  -> Jumlah data sumber: 0 rows
  -> Tabel lokal di-truncate
  -> Tidak ada data untuk di-clone
Memproses tabel: absensi_bordir_detail
  -> Jumlah data sumber: 0 rows
  -> Tabel lokal di-truncate
  -> Tidak ada data untuk di-clone
Memproses tabel: acc_ajuan_mingguan
  -> Jumlah data sumber: 3 rows
  -> Tabel lokal di-truncate
  -> SUKSES: 3 rows berhasil di-clone
Memproses tabel: adjust_kirimgudang
  -> Jumlah data sumber: 12 rows
  -> Tabel lokal di-truncate
  -> SUKSES: 12 rows berhasil di-clone
Memproses tabel: adjust_kirimgudang_detail
  -> Jumlah data sumber: 0 rows
  -> Tabel lokal di-truncate
  -> Tidak ada data untuk di-clone
Memproses tabel: adjust_kirimsetorcmt
  -> Jumlah data sumber: 10 rows
  -> Tabel lokal di-truncate
  -> SUKSES: 10 rows berhasil di-clone
Memproses tabel: adjust_kirimsetorcmt_detail
  -> Jumlah data sumber: 0 rows
  -> Tabel lokal di-truncate
  -> Tidak ada data untuk di-clone
Memproses tabel: ajuan_benang
  -> Jumlah data sumber: 0 rows
  -> Tabel lokal di-truncate
  -> Tidak ada data untuk di-clone
Memproses tabel: ajuan_benang_detail
  -> Jumlah data sumber: 0 rows
  -> Tabel lokal di-truncate
  -> Tidak ada data untuk di-clone
Memproses tabel: ajuan_kemeja_baru
  -> Jumlah data sumber: 25 rows
  -> Tabel lokal di-truncate
  -> SUKSES: 25 rows berhasil di-clone
Memproses tabel: ajuan_mingguan
  -> Jumlah data sumber: 2309 rows
  -> Tabel lokal di-truncate
  -> SUKSES: 2309 rows berhasil di-clone
Memproses tabel: ajuan_mingguan_detail
  -> Jumlah data sumber: 20789 rows
  -> Tabel lokal di-truncate
  -> SUKSES: 20789 rows berhasil di-clone
Memproses tabel: ajuan_mingguan_detail_kemeja
  -> Jumlah data sumber: 246 rows
  -> Tabel lokal di-truncate
  -> SUKSES: 246 rows berhasil di-clone
Memproses tabel: ajuan_mingguan_kemeja
  -> Jumlah data sumber: 137 rows
  -> Tabel lokal di-truncate
  -> SUKSES: 137 rows berhasil di-clone
Memproses tabel: ajuan_stock_mingguan
  -> Jumlah data sumber: 0 rows
  -> Tabel lokal di-truncate
  -> Tidak ada data untuk di-clone
Memproses tabel: ajuan_transfer
  -> Jumlah data sumber: 130 rows
  -> Tabel lokal di-truncate
  -> SUKSES: 130 rows berhasil di-clone
Memproses tabel: ajuanalatalat
  -> Jumlah data sumber: 3337 rows
  -> Tabel lokal di-truncate
  -> SUKSES: 3337 rows berhasil di-clone
Memproses tabel: ajuanalatalat_detail
  -> Jumlah data sumber: 240 rows
  -> Tabel lokal di-truncate
  -> SUKSES: 240 rows berhasil di-clone
Memproses tabel: aksesdata
  -> Jumlah data sumber: 63 rows
  -> Tabel lokal di-truncate
  -> SUKSES: 63 rows berhasil di-clone
Memproses tabel: alat_sukabumi
  -> Jumlah data sumber: 1225 rows
  -> Tabel lokal di-truncate
  -> SUKSES: 1225 rows berhasil di-clone
Memproses tabel: alert_notif
  -> Jumlah data sumber: 0 rows
  -> Tabel lokal di-truncate
  -> Tidak ada data untuk di-clone
Memproses tabel: alokasi
  -> Jumlah data sumber: 0 rows
  -> Tabel lokal di-truncate
  -> Tidak ada data untuk di-clone
Memproses tabel: alokasi_item
  -> Jumlah data sumber: 0 rows
  -> Tabel lokal di-truncate
  -> Tidak ada data untuk di-clone
Memproses tabel: alokasi_mingguan
  -> Jumlah data sumber: 1 rows
  -> Tabel lokal di-truncate
  -> SUKSES: 1 rows berhasil di-clone
Memproses tabel: alokasi_mingguan_detail
  -> Jumlah data sumber: 2 rows
  -> Tabel lokal di-truncate
  -> SUKSES: 2 rows berhasil di-clone
Memproses tabel: alokasi_po
  -> Jumlah data sumber: 63 rows
  -> Tabel lokal di-truncate
  -> SUKSES: 63 rows berhasil di-clone
Memproses tabel: alokasi_po_2022_2023
  -> Jumlah data sumber: 8 rows
  -> Tabel lokal di-truncate
  -> SUKSES: 8 rows berhasil di-clone
Memproses tabel: alokasi_po_detail
  -> Jumlah data sumber: 402 rows
  -> Tabel lokal di-truncate
  -> SUKSES: 402 rows berhasil di-clone
Memproses tabel: alokasi_po_detail_2022_2023.
  -> SKIP: Nama tabel 'alokasi_po_detail_2022_2023.' mengandung karakter bermasalah
Memproses tabel: alokasi_transferan
  -> Jumlah data sumber: 5912 rows
  -> Tabel lokal di-truncate
  -> SUKSES: 5912 rows berhasil di-clone
Memproses tabel: anggaran_operasional_sukabumi
  -> Jumlah data sumber: 170 rows
  -> Tabel lokal di-truncate
  -> SUKSES: 170 rows berhasil di-clone
Memproses tabel: anggaran_operasional_sukabumi_detail
  -> Jumlah data sumber: 305 rows
  -> Tabel lokal di-truncate
  -> SUKSES: 305 rows berhasil di-clone
Memproses tabel: aruskas
  -> Jumlah data sumber: 3027 rows
  -> Tabel lokal di-truncate
  -> SUKSES: 3027 rows berhasil di-clone
Memproses tabel: bagian
  -> Jumlah data sumber: 27 rows
  -> Tabel lokal di-truncate
  -> SUKSES: 27 rows berhasil di-clone
Memproses tabel: bagian_pengambilan
  -> Jumlah data sumber: 14 rows
  -> Tabel lokal di-truncate
  -> SUKSES: 14 rows berhasil di-clone
Memproses tabel: bagian_user
  -> Jumlah data sumber: 2 rows
  -> Tabel lokal di-truncate
  -> SUKSES: 2 rows berhasil di-clone
Memproses tabel: bank
  -> Jumlah data sumber: 1 rows
  -> Tabel lokal di-truncate
  -> SUKSES: 1 rows berhasil di-clone
Memproses tabel: barangkeluar_harian
  -> Jumlah data sumber: 2555 rows
  -> Tabel lokal di-truncate
  -> SUKSES: 2555 rows berhasil di-clone
Memproses tabel: barangkeluar_harian_2022_2023
  -> Jumlah data sumber: 443 rows
  -> Tabel lokal di-truncate
  -> SUKSES: 443 rows berhasil di-clone
Memproses tabel: barangkeluar_harian_detail
  -> Jumlah data sumber: 10816 rows
  -> Tabel lokal di-truncate
  -> SUKSES: 10816 rows berhasil di-clone
Memproses tabel: barangkeluar_harian_detail_2022_2023
  -> Jumlah data sumber: 2609 rows
  -> Tabel lokal di-truncate
  -> SUKSES: 2609 rows berhasil di-clone
Memproses tabel: barangkeluarharian
  -> Jumlah data sumber: 1622 rows
  -> Tabel lokal di-truncate
  -> SUKSES: 1622 rows berhasil di-clone
Memproses tabel: barangkeluarharian_2022_2023.
  -> SKIP: Nama tabel 'barangkeluarharian_2022_2023.' mengandung karakter bermasalah
Memproses tabel: barangkeluarharian_detail
  -> Jumlah data sumber: 5781 rows
  -> Tabel lokal di-truncate
  -> SUKSES: 5781 rows berhasil di-clone
Memproses tabel: barangkeluarharian_detail_2022_2023
  -> Jumlah data sumber: 4255 rows
  -> Tabel lokal di-truncate
  -> SUKSES: 4255 rows berhasil di-clone
Memproses tabel: biaya_hpp
  -> Jumlah data sumber: 2 rows
  -> Tabel lokal di-truncate
  -> SUKSES: 2 rows berhasil di-clone
Memproses tabel: biaya_hpp_perpo
  -> Jumlah data sumber: 110 rows
  -> Tabel lokal di-truncate
  -> SUKSES: 110 rows berhasil di-clone
Memproses tabel: biaya_hpp_perpodetail
  -> Jumlah data sumber: 253 rows
  -> Tabel lokal di-truncate
  -> SUKSES: 253 rows berhasil di-clone
Memproses tabel: boronganmesin
  -> Jumlah data sumber: 1804 rows
  -> Tabel lokal di-truncate
  -> SUKSES: 1804 rows berhasil di-clone
Memproses tabel: boronganmesin_2022_2023
  -> Jumlah data sumber: 1382 rows
  -> Tabel lokal di-truncate
  -> SUKSES: 1382 rows berhasil di-clone
Memproses tabel: buang_benang_finishing
  -> Jumlah data sumber: 1032 rows
  -> Tabel lokal di-truncate
  -> SUKSES: 1032 rows berhasil di-clone
Memproses tabel: buang_benang_finishing_2022_2023
  -> Jumlah data sumber: 478 rows
  -> Tabel lokal di-truncate
  -> SUKSES: 478 rows berhasil di-clone
Memproses tabel: cache
  -> Jumlah data sumber: 2 rows
  -> Tabel lokal di-truncate
  -> SUKSES: 2 rows berhasil di-clone
Memproses tabel: cache_locks
  -> Jumlah data sumber: 0 rows
  -> Tabel lokal di-truncate
  -> Tidak ada data untuk di-clone
Memproses tabel: claim_potongan_sablon_detail
  -> Jumlah data sumber: 1 rows
  -> Tabel lokal di-truncate
  -> SUKSES: 1 rows berhasil di-clone
Memproses tabel: claim_sablon
  -> Jumlah data sumber: 3 rows
  -> Tabel lokal di-truncate
  -> SUKSES: 3 rows berhasil di-clone
Memproses tabel: claim_timpotong
  -> Jumlah data sumber: 29 rows
  -> Tabel lokal di-truncate
  -> SUKSES: 29 rows berhasil di-clone
Memproses tabel: croscek_admin
  -> Jumlah data sumber: 2 rows
  -> Tabel lokal di-truncate
  -> SUKSES: 2 rows berhasil di-clone
Memproses tabel: cucian
  -> Jumlah data sumber: 949 rows
  -> Tabel lokal di-truncate
  -> SUKSES: 949 rows berhasil di-clone
Memproses tabel: cucian_2022_2023
  -> Jumlah data sumber: 606 rows
  -> Tabel lokal di-truncate
  -> SUKSES: 606 rows berhasil di-clone
Memproses tabel: cucianhpp_history
  -> Jumlah data sumber: 37 rows
  -> Tabel lokal di-truncate
  -> SUKSES: 37 rows berhasil di-clone
Memproses tabel: customer
  -> Jumlah data sumber: 16 rows
  -> Tabel lokal di-truncate
  -> SUKSES: 16 rows berhasil di-clone
Memproses tabel: daftarharga_cmt
  -> Jumlah data sumber: 25 rows
  -> Tabel lokal di-truncate
  -> SUKSES: 25 rows berhasil di-clone
Memproses tabel: distribusi_alat_sukabumi
  -> Jumlah data sumber: 2266 rows
  -> Tabel lokal di-truncate
  -> SUKSES: 2266 rows berhasil di-clone
Memproses tabel: divisi
  -> Jumlah data sumber: 17 rows
  -> Tabel lokal di-truncate
  -> SUKSES: 17 rows berhasil di-clone
Memproses tabel: ekspedisi
  -> Jumlah data sumber: 12 rows
  -> Tabel lokal di-truncate
  -> SUKSES: 12 rows berhasil di-clone
Memproses tabel: failed_jobs
  -> Jumlah data sumber: 0 rows
  -> Tabel lokal di-truncate
  -> Tidak ada data untuk di-clone
Memproses tabel: file_lap_tahunan
  -> Jumlah data sumber: 0 rows
  -> Tabel lokal di-truncate
  -> Tidak ada data untuk di-clone
Memproses tabel: finishing_kirim_gudang
  -> Jumlah data sumber: 2992 rows
  -> Tabel lokal di-truncate
  -> SUKSES: 2992 rows berhasil di-clone
Memproses tabel: finishing_kirim_gudang_2022_2023
  -> Jumlah data sumber: 2253 rows
  -> Tabel lokal di-truncate
  -> SUKSES: 2253 rows berhasil di-clone
Memproses tabel: finishing_kirim_gudang_faktur
  -> Jumlah data sumber: 2800 rows
  -> Tabel lokal di-truncate
  -> SUKSES: 2800 rows berhasil di-clone
Memproses tabel: finishing_kirim_gudang_faktur_2022_2023
  -> Jumlah data sumber: 1597 rows
  -> Tabel lokal di-truncate
  -> SUKSES: 1597 rows berhasil di-clone
Memproses tabel: finishing_kirim_gudang_rincian
  -> Jumlah data sumber: 11229 rows
  -> Tabel lokal di-truncate
  -> SUKSES: 11229 rows berhasil di-clone
Memproses tabel: finishing_kirim_gudang_rincian_2022_2023
  -> Jumlah data sumber: 8624 rows
  -> Tabel lokal di-truncate
  -> SUKSES: 8624 rows berhasil di-clone
Memproses tabel: finishing_proses_updated
  -> Jumlah data sumber: 330 rows
  -> Tabel lokal di-truncate
  -> SUKSES: 330 rows berhasil di-clone
Memproses tabel: formpengambilanalat
  -> Jumlah data sumber: 1468 rows
  -> Tabel lokal di-truncate
  -> SUKSES: 1468 rows berhasil di-clone
Memproses tabel: formpengambilanalat_detail
  -> Jumlah data sumber: 5735 rows
  -> Tabel lokal di-truncate
  -> SUKSES: 5735 rows berhasil di-clone
Memproses tabel: gagal_login
  -> Jumlah data sumber: 52 rows
  -> Tabel lokal di-truncate
  -> SUKSES: 52 rows berhasil di-clone
Memproses tabel: gaji_bulanan
  -> Jumlah data sumber: 55 rows
  -> Tabel lokal di-truncate
  -> SUKSES: 55 rows berhasil di-clone
Memproses tabel: gaji_finishing
  -> Jumlah data sumber: 397 rows
  -> Tabel lokal di-truncate
  -> SUKSES: 397 rows berhasil di-clone
Memproses tabel: gaji_finishing_detail
  -> Jumlah data sumber: 1363 rows
  -> Tabel lokal di-truncate
  -> SUKSES: 1363 rows berhasil di-clone
Memproses tabel: gaji_operator
  -> Jumlah data sumber: 218 rows
  -> Tabel lokal di-truncate
  -> SUKSES: 218 rows berhasil di-clone
Memproses tabel: gaji_operator_detail
  -> Jumlah data sumber: 1632 rows
  -> Tabel lokal di-truncate
  -> SUKSES: 1632 rows berhasil di-clone
Memproses tabel: gaji_operator_detail_new
  -> Jumlah data sumber: 11302 rows
  -> Tabel lokal di-truncate
  -> SUKSES: 11302 rows berhasil di-clone
Memproses tabel: gaji_operator_new
  -> Jumlah data sumber: 1632 rows
  -> Tabel lokal di-truncate
  -> SUKSES: 1632 rows berhasil di-clone
Memproses tabel: gaji_sablon_borongan
  -> Jumlah data sumber: 3651 rows
  -> Tabel lokal di-truncate
  -> SUKSES: 3651 rows berhasil di-clone
Memproses tabel: gaji_sablon_harian
  -> Jumlah data sumber: 305 rows
  -> Tabel lokal di-truncate
  -> SUKSES: 305 rows berhasil di-clone
Memproses tabel: gaji_sablon_harian_detail
  -> Jumlah data sumber: 305 rows
  -> Tabel lokal di-truncate
  -> SUKSES: 305 rows berhasil di-clone
Memproses tabel: gaji_timpotong
  -> Jumlah data sumber: 254 rows
  -> Tabel lokal di-truncate
  -> SUKSES: 254 rows berhasil di-clone
Memproses tabel: gaji_timpotong_detail
  -> Jumlah data sumber: 10042 rows
  -> Tabel lokal di-truncate
  -> SUKSES: 10042 rows berhasil di-clone
Memproses tabel: gajiborongan
  -> Jumlah data sumber: 5 rows
  -> Tabel lokal di-truncate
  -> SUKSES: 5 rows berhasil di-clone
Memproses tabel: gajisukabumi
  -> Jumlah data sumber: 171 rows
  -> Tabel lokal di-truncate
  -> SUKSES: 171 rows berhasil di-clone
Memproses tabel: gajisukabumi_detail
  -> Jumlah data sumber: 444 rows
  -> Tabel lokal di-truncate
  -> SUKSES: 444 rows berhasil di-clone
Memproses tabel: global_daftarharga
  -> Jumlah data sumber: 5 rows
  -> Tabel lokal di-truncate
  -> SUKSES: 5 rows berhasil di-clone
Memproses tabel: gudang_bahan_keluar
  -> Jumlah data sumber: 20259 rows
  -> Tabel lokal di-truncate
  -> SUKSES: 20259 rows berhasil di-clone
Memproses tabel: gudang_bahan_keluar_2022_2023
  -> Jumlah data sumber: 9994 rows
  -> Tabel lokal di-truncate
  -> SUKSES: 9994 rows berhasil di-clone
Memproses tabel: gudang_item_keluar
  -> Jumlah data sumber: 26963 rows
  -> Tabel lokal di-truncate
  -> SUKSES: 26963 rows berhasil di-clone
Memproses tabel: gudang_item_keluar_2022_2023
  -> Jumlah data sumber: 13561 rows
  -> Tabel lokal di-truncate
  -> SUKSES: 13561 rows berhasil di-clone
Memproses tabel: gudang_item_masuk
  -> Jumlah data sumber: 0 rows
  -> Tabel lokal di-truncate
  -> Tidak ada data untuk di-clone
Memproses tabel: gudang_out_po
  -> Jumlah data sumber: 8818 rows
  -> Tabel lokal di-truncate
  -> SUKSES: 8818 rows berhasil di-clone
Memproses tabel: gudang_out_po_2022_2023
  -> Jumlah data sumber: 3749 rows
  -> Tabel lokal di-truncate
  -> SUKSES: 3749 rows berhasil di-clone
Memproses tabel: gudang_pengajuan_item
  -> Jumlah data sumber: 0 rows
  -> Tabel lokal di-truncate
  -> Tidak ada data untuk di-clone
Memproses tabel: gudang_persediaan_item
  -> Jumlah data sumber: 2543 rows
  -> Tabel lokal di-truncate
  -> SUKSES: 2543 rows berhasil di-clone
Memproses tabel: harga_transport
  -> Jumlah data sumber: 8 rows
  -> Tabel lokal di-truncate
  -> SUKSES: 8 rows berhasil di-clone
Memproses tabel: history_stok_penjualan
  -> Jumlah data sumber: 189 rows
  -> Tabel lokal di-truncate
  -> SUKSES: 189 rows berhasil di-clone
Memproses tabel: insentifsecurity
  -> Jumlah data sumber: 3611 rows
  -> Tabel lokal di-truncate
  -> SUKSES: 3611 rows berhasil di-clone
Memproses tabel: insentifsecurity_detail
  -> Jumlah data sumber: 3599 rows
  -> Tabel lokal di-truncate
  -> SUKSES: 3599 rows berhasil di-clone
Memproses tabel: jabatan
  -> Jumlah data sumber: 54 rows
  -> Tabel lokal di-truncate
  -> SUKSES: 54 rows berhasil di-clone
Memproses tabel: jenis_potongan
  -> Jumlah data sumber: 4 rows
  -> Tabel lokal di-truncate
  -> SUKSES: 4 rows berhasil di-clone
Memproses tabel: job_batches
  -> Jumlah data sumber: 0 rows
  -> Tabel lokal di-truncate
  -> Tidak ada data untuk di-clone
Memproses tabel: jobs
  -> Jumlah data sumber: 0 rows
  -> Tabel lokal di-truncate
  -> Tidak ada data untuk di-clone
Memproses tabel: kalender
  -> Jumlah data sumber: 0 rows
  -> Tabel lokal di-truncate
  -> Tidak ada data untuk di-clone
Memproses tabel: kartustok_product
  -> Jumlah data sumber: 82071 rows
  -> Tabel lokal di-truncate
  -> SUKSES: 82071 rows berhasil di-clone
Memproses tabel: karyawan
  -> Jumlah data sumber: 75 rows
  -> Tabel lokal di-truncate
  -> SUKSES: 75 rows berhasil di-clone
Memproses tabel: karyawan_harian
  -> Jumlah data sumber: 266 rows
  -> Tabel lokal di-truncate
  -> SUKSES: 266 rows berhasil di-clone
Memproses tabel: karyawan_skb
  -> Jumlah data sumber: 5 rows
  -> Tabel lokal di-truncate
  -> SUKSES: 5 rows berhasil di-clone
Memproses tabel: kasbon
  -> Jumlah data sumber: 1457 rows
  -> Tabel lokal di-truncate
  -> SUKSES: 1457 rows berhasil di-clone
Memproses tabel: kasbon_acc
  -> Jumlah data sumber: 7 rows
  -> Tabel lokal di-truncate
  -> SUKSES: 7 rows berhasil di-clone
Memproses tabel: kategori_bahan
  -> Jumlah data sumber: 0 rows
  -> Tabel lokal di-truncate
  -> Tidak ada data untuk di-clone
Memproses tabel: kategori_barang
  -> Jumlah data sumber: 41 rows
  -> Tabel lokal di-truncate
  -> SUKSES: 41 rows berhasil di-clone
Memproses tabel: kelola_mesin_bordir
  -> Jumlah data sumber: 18996 rows
  -> Tabel lokal di-truncate
  -> SUKSES: 18996 rows berhasil di-clone
Memproses tabel: kelola_mesin_bordir_2022_2023
  -> Jumlah data sumber: 9908 rows
  -> Tabel lokal di-truncate
  -> SUKSES: 9908 rows berhasil di-clone
Memproses tabel: kelola_po_nota_kirim_cmt
  -> Jumlah data sumber: 0 rows
  -> Tabel lokal di-truncate
  -> Tidak ada data untuk di-clone
Memproses tabel: kelolapo_buang_benang
  -> Jumlah data sumber: 55224 rows
  -> Tabel lokal di-truncate
  -> SUKSES: 55224 rows berhasil di-clone
Memproses tabel: kelolapo_buang_benang_2022_2023
  -> Jumlah data sumber: 35143 rows
  -> Tabel lokal di-truncate
  -> SUKSES: 35143 rows berhasil di-clone
Memproses tabel: kelolapo_kirim_setor
  -> Jumlah data sumber: 18336 rows
  -> Tabel lokal di-truncate
  -> SUKSES: 18336 rows berhasil di-clone
Memproses tabel: kelolapo_kirim_setor_2022_2023
  -> Jumlah data sumber: 8493 rows
  -> Tabel lokal di-truncate
  -> SUKSES: 8493 rows berhasil di-clone
Memproses tabel: kelolapo_kirim_setor_atas
  -> Jumlah data sumber: 0 rows
  -> Tabel lokal di-truncate
  -> Tidak ada data untuk di-clone
Memproses tabel: kelolapo_kirim_setor_bawah
  -> Jumlah data sumber: 0 rows
  -> Tabel lokal di-truncate
  -> Tidak ada data untuk di-clone
Memproses tabel: kelolapo_kirim_setor_celana
  -> Jumlah data sumber: 0 rows
  -> Tabel lokal di-truncate
  -> Tidak ada data untuk di-clone
Memproses tabel: kelolapo_pengecekan_potongan
  -> Jumlah data sumber: 0 rows
  -> Tabel lokal di-truncate
  -> Tidak ada data untuk di-clone
Memproses tabel: kelolapo_pengecekan_potongan_atas
  -> Jumlah data sumber: 0 rows
  -> Tabel lokal di-truncate
  -> Tidak ada data untuk di-clone
Memproses tabel: kelolapo_pengecekan_potongan_bawah
  -> Jumlah data sumber: 0 rows
  -> Tabel lokal di-truncate
  -> Tidak ada data untuk di-clone
Memproses tabel: kelolapo_rincian_setor_cmt
  -> Jumlah data sumber: 2839 rows
  -> Tabel lokal di-truncate
  -> SUKSES: 2839 rows berhasil di-clone
Memproses tabel: kelolapo_rincian_setor_cmt_2022_2023
  -> Jumlah data sumber: 1496 rows
  -> Tabel lokal di-truncate
  -> SUKSES: 1496 rows berhasil di-clone
Memproses tabel: kelolapo_rincian_setor_cmt_celana
  -> Jumlah data sumber: 867 rows
  -> Tabel lokal di-truncate
  -> SUKSES: 867 rows berhasil di-clone
Memproses tabel: kelolapo_rincian_setor_cmt_finish
  -> Jumlah data sumber: 10134 rows
  -> Tabel lokal di-truncate
  -> SUKSES: 10134 rows berhasil di-clone
Memproses tabel: kelolapo_rincian_setor_cmt_finish_2022_2023
  -> Jumlah data sumber: 4804 rows
  -> Tabel lokal di-truncate
  -> SUKSES: 4804 rows berhasil di-clone
Memproses tabel: kelolapo_rincian_setor_cmt_finish_celana
  -> Jumlah data sumber: 3331 rows
  -> Tabel lokal di-truncate
  -> SUKSES: 3331 rows berhasil di-clone
Memproses tabel: keterangan_alokasipo
  -> Jumlah data sumber: 6 rows
  -> Tabel lokal di-truncate
  -> SUKSES: 6 rows berhasil di-clone
Memproses tabel: kirimbupot
  -> Jumlah data sumber: 76 rows
  -> Tabel lokal di-truncate
  -> SUKSES: 76 rows berhasil di-clone
Memproses tabel: kirimbupot_detail
  -> Jumlah data sumber: 765 rows
  -> Tabel lokal di-truncate
  -> SUKSES: 765 rows berhasil di-clone
Memproses tabel: kirimcmt
  -> Jumlah data sumber: 1156 rows
  -> Tabel lokal di-truncate
  -> SUKSES: 1156 rows berhasil di-clone
Memproses tabel: kirimcmt_2022_2023
  -> Jumlah data sumber: 547 rows
  -> Tabel lokal di-truncate
  -> SUKSES: 547 rows berhasil di-clone
Memproses tabel: kirimcmt_celana
  -> Jumlah data sumber: 161 rows
  -> Tabel lokal di-truncate
  -> SUKSES: 161 rows berhasil di-clone
Memproses tabel: kirimcmt_celana_detail
  -> Jumlah data sumber: 621 rows
  -> Tabel lokal di-truncate
  -> SUKSES: 621 rows berhasil di-clone
Memproses tabel: kirimcmt_detail
  -> Jumlah data sumber: 4422 rows
  -> Tabel lokal di-truncate
  -> SUKSES: 4422 rows berhasil di-clone
Memproses tabel: kirimcmt_detail_2022_2023
  -> Jumlah data sumber: 1758 rows
  -> Tabel lokal di-truncate
  -> SUKSES: 1758 rows berhasil di-clone
Memproses tabel: kirimcmt_detailatas
  -> Jumlah data sumber: 0 rows
  -> Tabel lokal di-truncate
  -> Tidak ada data untuk di-clone
Memproses tabel: kirimcmt_detailbawah
  -> Jumlah data sumber: 0 rows
  -> Tabel lokal di-truncate
  -> Tidak ada data untuk di-clone
Memproses tabel: kirimcmt_po
  -> Jumlah data sumber: 0 rows
  -> Tabel lokal di-truncate
  -> Tidak ada data untuk di-clone
Memproses tabel: kirimcmtbordir
  -> Jumlah data sumber: 0 rows
  -> Tabel lokal di-truncate
  -> Tidak ada data untuk di-clone
Memproses tabel: kirimcmtbordir_detail
  -> Jumlah data sumber: 0 rows
  -> Tabel lokal di-truncate
  -> Tidak ada data untuk di-clone
Memproses tabel: kirimcmtsablon
  -> Jumlah data sumber: 600 rows
  -> Tabel lokal di-truncate
  -> SUKSES: 600 rows berhasil di-clone
Memproses tabel: kirimcmtsablon_2022_2023
  -> Jumlah data sumber: 404 rows
  -> Tabel lokal di-truncate
  -> SUKSES: 404 rows berhasil di-clone
Memproses tabel: kirimcmtsablon_detail
  -> Jumlah data sumber: 2606 rows
  -> Tabel lokal di-truncate
  -> SUKSES: 2606 rows berhasil di-clone
Memproses tabel: kirimcmtsablon_detail_2022_2023
  -> Jumlah data sumber: 1063 rows
  -> Tabel lokal di-truncate
  -> SUKSES: 1063 rows berhasil di-clone
Memproses tabel: kirimgudang_bulanan
  -> Jumlah data sumber: 0 rows
  -> Tabel lokal di-truncate
  -> Tidak ada data untuk di-clone
Memproses tabel: kirimsetor_bulanan
  -> Jumlah data sumber: 0 rows
  -> Tabel lokal di-truncate
  -> Tidak ada data untuk di-clone
Memproses tabel: klo_bulanan
  -> Jumlah data sumber: 0 rows
  -> Tabel lokal di-truncate
  -> Tidak ada data untuk di-clone
Memproses tabel: konveksi_buku_potongan
  -> Jumlah data sumber: 2940 rows
  -> Tabel lokal di-truncate
  -> SUKSES: 2940 rows berhasil di-clone
Memproses tabel: konveksi_buku_potongan_2022_2023
  -> Jumlah data sumber: 1647 rows
  -> Tabel lokal di-truncate
  -> SUKSES: 1647 rows berhasil di-clone
Memproses tabel: konveksi_buku_potongan_utama
  -> Jumlah data sumber: 10685 rows
  -> Tabel lokal di-truncate
  -> SUKSES: 10685 rows berhasil di-clone
Memproses tabel: konveksi_buku_potongan_utama_2022_2023
  -> Jumlah data sumber: 6072 rows
  -> Tabel lokal di-truncate
  -> SUKSES: 6072 rows berhasil di-clone
Memproses tabel: konveksi_buku_potongan_variasi
  -> Jumlah data sumber: 6064 rows
  -> Tabel lokal di-truncate
  -> SUKSES: 6064 rows berhasil di-clone
Memproses tabel: konveksi_buku_potongan_variasi_2022_2023
  -> Jumlah data sumber: 2276 rows
  -> Tabel lokal di-truncate
  -> SUKSES: 2276 rows berhasil di-clone
Memproses tabel: laba_produksi
  -> Jumlah data sumber: 0 rows
  -> Tabel lokal di-truncate
  -> Tidak ada data untuk di-clone
Memproses tabel: lampiran_alat
  -> Jumlah data sumber: 0 rows
  -> Tabel lokal di-truncate
  -> Tidak ada data untuk di-clone
Memproses tabel: laporanexpedisi
  -> Jumlah data sumber: 0 rows
  -> Tabel lokal di-truncate
  -> Tidak ada data untuk di-clone
Memproses tabel: lembur_harian
  -> Jumlah data sumber: 54 rows
  -> Tabel lokal di-truncate
  -> SUKSES: 54 rows berhasil di-clone
Memproses tabel: log_user
  -> Jumlah data sumber: 9214 rows
  -> Tabel lokal di-truncate
  -> SUKSES: 9214 rows berhasil di-clone
Memproses tabel: lokasi_cmt
  -> Jumlah data sumber: 6 rows
  -> Tabel lokal di-truncate
  -> SUKSES: 6 rows berhasil di-clone
Memproses tabel: marketplace
  -> Jumlah data sumber: 4 rows
  -> Tabel lokal di-truncate
  -> SUKSES: 4 rows berhasil di-clone
Memproses tabel: master_cmt
  -> Jumlah data sumber: 104 rows
  -> Tabel lokal di-truncate
  -> SUKSES: 104 rows berhasil di-clone
Memproses tabel: master_cmt_job
  -> Jumlah data sumber: 261 rows
  -> Tabel lokal di-truncate
  -> SUKSES: 261 rows berhasil di-clone
Memproses tabel: master_gudang
  -> Jumlah data sumber: 2 rows
  -> Tabel lokal di-truncate
  -> SUKSES: 2 rows berhasil di-clone
Memproses tabel: master_harga_gaji
  -> Jumlah data sumber: 30 rows
  -> Tabel lokal di-truncate
  -> SUKSES: 30 rows berhasil di-clone
Memproses tabel: master_harga_potongan
  -> Jumlah data sumber: 86 rows
  -> Tabel lokal di-truncate
  -> SUKSES: 86 rows berhasil di-clone
Memproses tabel: master_jenis_kaos
  -> Jumlah data sumber: 39 rows
  -> Tabel lokal di-truncate
  -> SUKSES: 39 rows berhasil di-clone
Memproses tabel: master_jenis_po
  -> Jumlah data sumber: 103 rows
  -> Tabel lokal di-truncate
  -> SUKSES: 103 rows berhasil di-clone
Memproses tabel: master_job
  -> Jumlah data sumber: 172 rows
  -> Tabel lokal di-truncate
  -> SUKSES: 172 rows berhasil di-clone
Memproses tabel: master_karyawan_benang
  -> Jumlah data sumber: 62 rows
  -> Tabel lokal di-truncate
  -> SUKSES: 62 rows berhasil di-clone
Memproses tabel: master_karyawan_bordir
  -> Jumlah data sumber: 144 rows
  -> Tabel lokal di-truncate
  -> SUKSES: 144 rows berhasil di-clone
Memproses tabel: master_karyawan_finishing_gudang
  -> Jumlah data sumber: 7 rows
  -> Tabel lokal di-truncate
  -> SUKSES: 7 rows berhasil di-clone
Memproses tabel: master_karyawan_pengecekan
  -> Jumlah data sumber: 9 rows
  -> Tabel lokal di-truncate
  -> SUKSES: 9 rows berhasil di-clone
Memproses tabel: master_menu
  -> Jumlah data sumber: 42 rows
  -> Tabel lokal di-truncate
  -> SUKSES: 42 rows berhasil di-clone
Memproses tabel: master_mesin
  -> Jumlah data sumber: 17 rows
  -> Tabel lokal di-truncate
  -> SUKSES: 17 rows berhasil di-clone
Memproses tabel: master_nama_po
  -> Jumlah data sumber: 0 rows
  -> Tabel lokal di-truncate
  -> Tidak ada data untuk di-clone
Memproses tabel: master_po_luar
  -> Jumlah data sumber: 1789 rows
  -> Tabel lokal di-truncate
  -> SUKSES: 1789 rows berhasil di-clone
Memproses tabel: master_po_luar_2223
  -> Jumlah data sumber: 1450 rows
  -> Tabel lokal di-truncate
  -> SUKSES: 1450 rows berhasil di-clone
Memproses tabel: master_po_online
  -> Jumlah data sumber: 76 rows
  -> Tabel lokal di-truncate
  -> SUKSES: 76 rows berhasil di-clone
Memproses tabel: master_po_online_detail
  -> Jumlah data sumber: 1114 rows
  -> Tabel lokal di-truncate
  -> SUKSES: 1114 rows berhasil di-clone
Memproses tabel: master_po_online_serian
  -> Jumlah data sumber: 18 rows
  -> Tabel lokal di-truncate
  -> SUKSES: 18 rows berhasil di-clone
Memproses tabel: master_progress
  -> Jumlah data sumber: 4 rows
  -> Tabel lokal di-truncate
  -> SUKSES: 4 rows berhasil di-clone
Memproses tabel: master_satuan_barang
  -> Jumlah data sumber: 23 rows
  -> Tabel lokal di-truncate
  -> SUKSES: 23 rows berhasil di-clone
Memproses tabel: master_size
  -> Jumlah data sumber: 22 rows
  -> Tabel lokal di-truncate
  -> SUKSES: 22 rows berhasil di-clone
Memproses tabel: master_supplier
  -> Jumlah data sumber: 110 rows
  -> Tabel lokal di-truncate
  -> SUKSES: 110 rows berhasil di-clone
Memproses tabel: masterdata_hargapo
  -> Jumlah data sumber: 21 rows
  -> Tabel lokal di-truncate
  -> SUKSES: 21 rows berhasil di-clone
Memproses tabel: masterharga_bahan
  -> Jumlah data sumber: 0 rows
  -> Tabel lokal di-truncate
  -> Tidak ada data untuk di-clone
Memproses tabel: mastersize_potongan
  -> Jumlah data sumber: 16 rows
  -> Tabel lokal di-truncate
  -> SUKSES: 16 rows berhasil di-clone
Memproses tabel: menu
  -> Jumlah data sumber: 460 rows
  -> Tabel lokal di-truncate
  -> SUKSES: 460 rows berhasil di-clone
Memproses tabel: mesin_bordir
  -> Jumlah data sumber: 22 rows
  -> Tabel lokal di-truncate
  -> SUKSES: 22 rows berhasil di-clone
Memproses tabel: migrations
  -> Jumlah data sumber: 4 rows
  -> Tabel lokal di-truncate
  -> SUKSES: 4 rows berhasil di-clone
Memproses tabel: model_po
  -> Jumlah data sumber: 20 rows
  -> Tabel lokal di-truncate
  -> SUKSES: 20 rows berhasil di-clone
Memproses tabel: notifikasi
  -> Jumlah data sumber: 3499 rows
  -> Tabel lokal di-truncate
  -> SUKSES: 3499 rows berhasil di-clone
Memproses tabel: operational
  -> Jumlah data sumber: 1 rows
  -> Tabel lokal di-truncate
  -> SUKSES: 1 rows berhasil di-clone
Memproses tabel: packing
  -> Jumlah data sumber: 488 rows
  -> Tabel lokal di-truncate
  -> SUKSES: 488 rows berhasil di-clone
Memproses tabel: packing_2022_2023
  -> Jumlah data sumber: 494 rows
  -> Tabel lokal di-truncate
  -> SUKSES: 494 rows berhasil di-clone
Memproses tabel: packing_po
  -> Jumlah data sumber: 11 rows
  -> Tabel lokal di-truncate
  -> SUKSES: 11 rows berhasil di-clone
Memproses tabel: password_reset_tokens
  -> Jumlah data sumber: 0 rows
  -> Tabel lokal di-truncate
  -> Tidak ada data untuk di-clone
Memproses tabel: pelunasan_pembayaran_skb
  -> Jumlah data sumber: 37 rows
  -> Tabel lokal di-truncate
  -> SUKSES: 37 rows berhasil di-clone
Memproses tabel: pembayaran_cmt
  -> Jumlah data sumber: 1986 rows
  -> Tabel lokal di-truncate
  -> SUKSES: 1986 rows berhasil di-clone
Memproses tabel: pembayaran_cmt_2022_2023
  -> Jumlah data sumber: 682 rows
  -> Tabel lokal di-truncate
  -> SUKSES: 682 rows berhasil di-clone
Memproses tabel: pembayaran_cmt_detail
  -> Jumlah data sumber: 6922 rows
  -> Tabel lokal di-truncate
  -> SUKSES: 6922 rows berhasil di-clone
Memproses tabel: pembayaran_cmt_tambahan_lainnya
  -> Jumlah data sumber: 0 rows
  -> Tabel lokal di-truncate
  -> Tidak ada data untuk di-clone
Memproses tabel: pembayaran_sablon
  -> Jumlah data sumber: 0 rows
  -> Tabel lokal di-truncate
  -> Tidak ada data untuk di-clone
Memproses tabel: pembayaran_skb
  -> Jumlah data sumber: 154 rows
  -> Tabel lokal di-truncate
  -> SUKSES: 154 rows berhasil di-clone
Memproses tabel: pembayaran_skb_2022_2023
  -> Jumlah data sumber: 47 rows
  -> Tabel lokal di-truncate
  -> SUKSES: 47 rows berhasil di-clone
Memproses tabel: pembayaran_skb_alat
  -> Jumlah data sumber: 260 rows
  -> Tabel lokal di-truncate
  -> SUKSES: 260 rows berhasil di-clone
Memproses tabel: pembayaran_skb_pmb
  -> Jumlah data sumber: 154 rows
  -> Tabel lokal di-truncate
  -> SUKSES: 154 rows berhasil di-clone
Memproses tabel: pembayaran_skb_po
  -> Jumlah data sumber: 154 rows
  -> Tabel lokal di-truncate
  -> SUKSES: 154 rows berhasil di-clone
Memproses tabel: pembayaran_skb_setor
  -> Jumlah data sumber: 287 rows
  -> Tabel lokal di-truncate
  -> SUKSES: 287 rows berhasil di-clone
Memproses tabel: pemilik_poluar
  -> Jumlah data sumber: 10 rows
  -> Tabel lokal di-truncate
  -> SUKSES: 10 rows berhasil di-clone
Memproses tabel: pendapatan_transport
  -> Jumlah data sumber: 223 rows
  -> Tabel lokal di-truncate
  -> SUKSES: 223 rows berhasil di-clone
Memproses tabel: penerimaan_item
  -> Jumlah data sumber: 5237 rows
  -> Tabel lokal di-truncate
  -> SUKSES: 5237 rows berhasil di-clone
Memproses tabel: penerimaan_item_detail
  -> Jumlah data sumber: 13924 rows
  -> Tabel lokal di-truncate
  -> SUKSES: 13924 rows berhasil di-clone
Memproses tabel: pengajuan_barang
  -> Jumlah data sumber: 0 rows
  -> Tabel lokal di-truncate
  -> Tidak ada data untuk di-clone
Memproses tabel: pengajuan_harian_new
  -> Jumlah data sumber: 3990 rows
  -> Tabel lokal di-truncate
  -> SUKSES: 3990 rows berhasil di-clone
Memproses tabel: pengajuan_harian_new_detail
  -> Jumlah data sumber: 23531 rows
  -> Tabel lokal di-truncate
  -> SUKSES: 23531 rows berhasil di-clone
Memproses tabel: pengalihanpo
  -> Jumlah data sumber: 81 rows
  -> Tabel lokal di-truncate
  -> SUKSES: 81 rows berhasil di-clone
Memproses tabel: pengalihanpo_2022_2023
  -> Jumlah data sumber: 44 rows
  -> Tabel lokal di-truncate
  -> SUKSES: 44 rows berhasil di-clone
Memproses tabel: pengalokasian
  -> Jumlah data sumber: 21 rows
  -> Tabel lokal di-truncate
  -> SUKSES: 21 rows berhasil di-clone
Memproses tabel: pengeluaran_bordir
  -> Jumlah data sumber: 64 rows
  -> Tabel lokal di-truncate
  -> SUKSES: 64 rows berhasil di-clone
Memproses tabel: pengeluaran_bordir_detail
  -> Jumlah data sumber: 305 rows
  -> Tabel lokal di-truncate
  -> SUKSES: 305 rows berhasil di-clone
Memproses tabel: pengeluaran_sablon
  -> Jumlah data sumber: 163 rows
  -> Tabel lokal di-truncate
  -> SUKSES: 163 rows berhasil di-clone
Memproses tabel: pengembalian_bangke
  -> Jumlah data sumber: 397 rows
  -> Tabel lokal di-truncate
  -> SUKSES: 397 rows berhasil di-clone
Memproses tabel: pengembalian_bangke_2022_2023
  -> Jumlah data sumber: 160 rows
  -> Tabel lokal di-truncate
  -> SUKSES: 160 rows berhasil di-clone
Memproses tabel: penjualan_online
  -> Jumlah data sumber: 64 rows
  -> Tabel lokal di-truncate
  -> SUKSES: 64 rows berhasil di-clone
Memproses tabel: penjualan_online_product
  -> Jumlah data sumber: 157 rows
  -> Tabel lokal di-truncate
  -> SUKSES: 157 rows berhasil di-clone
Memproses tabel: periodeproduksi
  -> Jumlah data sumber: 1 rows
  -> Tabel lokal di-truncate
  -> SUKSES: 1 rows berhasil di-clone
Memproses tabel: personal_access_tokens
  -> Jumlah data sumber: 495 rows
  -> Tabel lokal di-truncate
  -> SUKSES: 495 rows berhasil di-clone
Memproses tabel: pinjaman_cmt
  -> Jumlah data sumber: 9 rows
  -> Tabel lokal di-truncate
  -> SUKSES: 9 rows berhasil di-clone
Memproses tabel: pinjaman_karyawan
  -> Jumlah data sumber: 60 rows
  -> Tabel lokal di-truncate
  -> SUKSES: 60 rows berhasil di-clone
Memproses tabel: pinjaman_karyawan_detail
  -> Jumlah data sumber: 0 rows
  -> Tabel lokal di-truncate
  -> Tidak ada data untuk di-clone
Memproses tabel: po_online
  -> Jumlah data sumber: 0 rows
  -> Tabel lokal di-truncate
  -> Tidak ada data untuk di-clone
Memproses tabel: po_online_stok
  -> Jumlah data sumber: 0 rows
  -> Tabel lokal di-truncate
  -> Tidak ada data untuk di-clone
Memproses tabel: po_online_tracking
  -> Jumlah data sumber: 0 rows
  -> Tabel lokal di-truncate
  -> Tidak ada data untuk di-clone
Memproses tabel: po_retur
  -> Jumlah data sumber: 119 rows
  -> Tabel lokal di-truncate
  -> SUKSES: 119 rows berhasil di-clone
Memproses tabel: po_retur_detail
  -> Jumlah data sumber: 500 rows
  -> Tabel lokal di-truncate
  -> SUKSES: 500 rows berhasil di-clone
Memproses tabel: podiluaralokasi
  -> Jumlah data sumber: 2 rows
  -> Tabel lokal di-truncate
  -> SUKSES: 2 rows berhasil di-clone
Memproses tabel: podiluaralokasi_detail
  -> Jumlah data sumber: 18 rows
  -> Tabel lokal di-truncate
  -> SUKSES: 18 rows berhasil di-clone
Memproses tabel: pogagalproduksi
  -> Jumlah data sumber: 0 rows
  -> Tabel lokal di-truncate
  -> Tidak ada data untuk di-clone
Memproses tabel: potongan_alat
  -> Jumlah data sumber: 5147 rows
  -> Tabel lokal di-truncate
  -> SUKSES: 5147 rows berhasil di-clone
Memproses tabel: potongan_bangke
  -> Jumlah data sumber: 498 rows
  -> Tabel lokal di-truncate
  -> SUKSES: 498 rows berhasil di-clone
Memproses tabel: potongan_bangke_2022_2023
  -> Jumlah data sumber: 249 rows
  -> Tabel lokal di-truncate
  -> SUKSES: 249 rows berhasil di-clone
Memproses tabel: potongan_bulanan
  -> Jumlah data sumber: 0 rows
  -> Tabel lokal di-truncate
  -> Tidak ada data untuk di-clone
Memproses tabel: potongan_mesin
  -> Jumlah data sumber: 76 rows
  -> Tabel lokal di-truncate
  -> SUKSES: 76 rows berhasil di-clone
Memproses tabel: potongan_operator
  -> Jumlah data sumber: 7 rows
  -> Tabel lokal di-truncate
  -> SUKSES: 7 rows berhasil di-clone
Memproses tabel: potongan_pinjaman_cmt
  -> Jumlah data sumber: 39 rows
  -> Tabel lokal di-truncate
  -> SUKSES: 39 rows berhasil di-clone
Memproses tabel: potongan_pinjaman_karyawan
  -> Jumlah data sumber: 234 rows
  -> Tabel lokal di-truncate
  -> SUKSES: 234 rows berhasil di-clone
Memproses tabel: potongan_vermak
  -> Jumlah data sumber: 682 rows
  -> Tabel lokal di-truncate
  -> SUKSES: 682 rows berhasil di-clone
Memproses tabel: product
  -> Jumlah data sumber: 2533 rows
  -> Tabel lokal di-truncate
  -> SUKSES: 2533 rows berhasil di-clone
Memproses tabel: produksi_po
  -> Jumlah data sumber: 1963 rows
  -> Tabel lokal di-truncate
  -> SUKSES: 1963 rows berhasil di-clone
Memproses tabel: produksi_po_2022_2023_
  -> Jumlah data sumber: 1639 rows
  -> Tabel lokal di-truncate
  -> SUKSES: 1639 rows berhasil di-clone
Memproses tabel: produksi_po_2023_2024
  -> Jumlah data sumber: 988 rows
  -> Tabel lokal di-truncate
  -> SUKSES: 988 rows berhasil di-clone
Memproses tabel: proggresion_po
  -> Jumlah data sumber: 15 rows
  -> Tabel lokal di-truncate
  -> SUKSES: 15 rows berhasil di-clone
Memproses tabel: proses_po
  -> Jumlah data sumber: 472 rows
  -> Tabel lokal di-truncate
  -> SUKSES: 472 rows berhasil di-clone
Memproses tabel: proses_po_2022_2023
  -> Jumlah data sumber: 139 rows
  -> Tabel lokal di-truncate
  -> SUKSES: 139 rows berhasil di-clone
Memproses tabel: rekapbarangsupplier
  -> Jumlah data sumber: 361 rows
  -> Tabel lokal di-truncate
  -> SUKSES: 361 rows berhasil di-clone
Memproses tabel: rekapbarangsupplier_detail
  -> Jumlah data sumber: 1444 rows
  -> Tabel lokal di-truncate
  -> SUKSES: 1444 rows berhasil di-clone
Memproses tabel: rekapinsentif_security
  -> Jumlah data sumber: 49 rows
  -> Tabel lokal di-truncate
  -> SUKSES: 49 rows berhasil di-clone
Memproses tabel: request_harga
  -> Jumlah data sumber: 3 rows
  -> Tabel lokal di-truncate
  -> SUKSES: 3 rows berhasil di-clone
Memproses tabel: rijek
  -> Jumlah data sumber: 112 rows
  -> Tabel lokal di-truncate
  -> SUKSES: 112 rows berhasil di-clone
Memproses tabel: rijek_2022_2023
  -> Jumlah data sumber: 209 rows
  -> Tabel lokal di-truncate
  -> SUKSES: 209 rows berhasil di-clone
Memproses tabel: sablon_sewarumah
  -> Jumlah data sumber: 1 rows
  -> Tabel lokal di-truncate
  -> SUKSES: 1 rows berhasil di-clone
Memproses tabel: sablon_sewarumah_detail
  -> Jumlah data sumber: 0 rows
  -> Tabel lokal di-truncate
  -> Tidak ada data untuk di-clone
Memproses tabel: sablonbawahan
  -> Jumlah data sumber: 0 rows
  -> Tabel lokal di-truncate
  -> Tidak ada data untuk di-clone
Memproses tabel: sessions
  -> Jumlah data sumber: 80 rows
  -> Tabel lokal di-truncate
  -> SUKSES: 80 rows berhasil di-clone
Memproses tabel: set_tgl_laporan
  -> Jumlah data sumber: 0 rows
  -> Tabel lokal di-truncate
  -> Tidak ada data untuk di-clone
Memproses tabel: set_tgl_laporan_tgl
  -> Jumlah data sumber: 0 rows
  -> Tabel lokal di-truncate
  -> Tidak ada data untuk di-clone
Memproses tabel: setorcmt
  -> Jumlah data sumber: 2034 rows
  -> Tabel lokal di-truncate
  -> SUKSES: 2034 rows berhasil di-clone
Memproses tabel: setorcmt_2022_2023
  -> Jumlah data sumber: 1067 rows
  -> Tabel lokal di-truncate
  -> SUKSES: 1067 rows berhasil di-clone
Memproses tabel: setorcmt_detail
  -> Jumlah data sumber: 3541 rows
  -> Tabel lokal di-truncate
  -> SUKSES: 3541 rows berhasil di-clone
Memproses tabel: setorcmt_detail_2022_2023
  -> Jumlah data sumber: 1605 rows
  -> Tabel lokal di-truncate
  -> SUKSES: 1605 rows berhasil di-clone
Memproses tabel: setorcmt_sablon
  -> Jumlah data sumber: 0 rows
  -> Tabel lokal di-truncate
  -> Tidak ada data untuk di-clone
Memproses tabel: setorcmt_sablon_detail
  -> Jumlah data sumber: 2230 rows
  -> Tabel lokal di-truncate
  -> SUKSES: 2230 rows berhasil di-clone
Memproses tabel: setorcmt_sablon_detail_2022_2023
  -> Jumlah data sumber: 1043 rows
  -> Tabel lokal di-truncate
  -> SUKSES: 1043 rows berhasil di-clone
Memproses tabel: settings
  -> Jumlah data sumber: 0 rows
  -> Tabel lokal di-truncate
  -> Tidak ada data untuk di-clone
Memproses tabel: size_po_online
  -> Jumlah data sumber: 13 rows
  -> Tabel lokal di-truncate
  -> SUKSES: 13 rows berhasil di-clone
Memproses tabel: size_po_produksi
  -> Jumlah data sumber: 0 rows
  -> Tabel lokal di-truncate
  -> Tidak ada data untuk di-clone
Memproses tabel: sj_bordir_luar
  -> Jumlah data sumber: 1098 rows
  -> Tabel lokal di-truncate
  -> SUKSES: 1098 rows berhasil di-clone
Memproses tabel: sj_bordir_luar_detail
  -> Jumlah data sumber: 3443 rows
  -> Tabel lokal di-truncate
  -> SUKSES: 3443 rows berhasil di-clone
Memproses tabel: sj_po_retur
  -> Jumlah data sumber: 0 rows
  -> Tabel lokal di-truncate
  -> Tidak ada data untuk di-clone
Memproses tabel: sj_po_retur_detail
  -> Jumlah data sumber: 0 rows
  -> Tabel lokal di-truncate
  -> Tidak ada data untuk di-clone
Memproses tabel: sj_tagihanbordir
  -> Jumlah data sumber: 2360 rows
  -> Tabel lokal di-truncate
  -> SUKSES: 2360 rows berhasil di-clone
Memproses tabel: sj_tagihanbordir_detail
  -> Jumlah data sumber: 6155 rows
  -> Tabel lokal di-truncate
  -> SUKSES: 6155 rows berhasil di-clone
Memproses tabel: spesifikasi_gambar
  -> Jumlah data sumber: 0 rows
  -> Tabel lokal di-truncate
  -> Tidak ada data untuk di-clone
Memproses tabel: spesifikasi_gambar_po
  -> Jumlah data sumber: 8738 rows
  -> Tabel lokal di-truncate
  -> SUKSES: 8738 rows berhasil di-clone
Memproses tabel: spesifikasi_gambar_po_2022_2023
  -> Jumlah data sumber: 2817 rows
  -> Tabel lokal di-truncate
  -> SUKSES: 2817 rows berhasil di-clone
Memproses tabel: status_pull
  -> Jumlah data sumber: 0 rows
  -> Tabel lokal di-truncate
  -> Tidak ada data untuk di-clone
Memproses tabel: stok_barang_skb
  -> Jumlah data sumber: 173 rows
  -> Tabel lokal di-truncate
  -> SUKSES: 173 rows berhasil di-clone
Memproses tabel: stok_barang_skb_history
  -> Jumlah data sumber: 0 rows
  -> Tabel lokal di-truncate
  -> Tidak ada data untuk di-clone
Memproses tabel: supplier_giro
  -> Jumlah data sumber: 1 rows
  -> Tabel lokal di-truncate
  -> SUKSES: 1 rows berhasil di-clone
Memproses tabel: supplier_giro_pembayaran
  -> Jumlah data sumber: 0 rows
  -> Tabel lokal di-truncate
  -> Tidak ada data untuk di-clone
Memproses tabel: tagihan_poluar
  -> Jumlah data sumber: 409 rows
  -> Tabel lokal di-truncate
  -> SUKSES: 409 rows berhasil di-clone
Memproses tabel: target_mesin
  -> Jumlah data sumber: 52 rows
  -> Tabel lokal di-truncate
  -> SUKSES: 52 rows berhasil di-clone
Memproses tabel: testcron
  -> Jumlah data sumber: 0 rows
  -> Tabel lokal di-truncate
  -> Tidak ada data untuk di-clone
Memproses tabel: timpotong
  -> Jumlah data sumber: 19 rows
  -> Tabel lokal di-truncate
  -> SUKSES: 19 rows berhasil di-clone
Memproses tabel: transferan
  -> Jumlah data sumber: 6324 rows
  -> Tabel lokal di-truncate
  -> SUKSES: 6324 rows berhasil di-clone
Memproses tabel: transport_driver
  -> Jumlah data sumber: 162 rows
  -> Tabel lokal di-truncate
  -> SUKSES: 162 rows berhasil di-clone
Memproses tabel: um_security
  -> Jumlah data sumber: 138 rows
  -> Tabel lokal di-truncate
  -> SUKSES: 138 rows berhasil di-clone
Memproses tabel: um_security_detail
  -> Jumlah data sumber: 683 rows
  -> Tabel lokal di-truncate
  -> SUKSES: 683 rows berhasil di-clone
Memproses tabel: user
  -> Jumlah data sumber: 17 rows
  -> Tabel lokal di-truncate
  -> SUKSES: 17 rows berhasil di-clone
Memproses tabel: user_activity
  -> Jumlah data sumber: 36294 rows
  -> Tabel lokal di-truncate
  -> SUKSES: 36294 rows berhasil di-clone
Memproses tabel: user_request
  -> Jumlah data sumber: 1753 rows
  -> Tabel lokal di-truncate
  -> SUKSES: 1753 rows berhasil di-clone
Memproses tabel: usermenu
  -> Jumlah data sumber: 4649 rows
  -> Tabel lokal di-truncate
  -> SUKSES: 4649 rows berhasil di-clone
Memproses tabel: users
  -> Jumlah data sumber: 2 rows
  -> Tabel lokal di-truncate
  -> SUKSES: 2 rows berhasil di-clone
-----------------------------------
=== CLONE DATABASE SELESAI ===
Tabel sukses : 316
Tabel skip   : 2
Tabel error  : 0
Total rows   : 719158
Waktu selesai: 2026-02-21 10:23:07
PHP Warning:  Undefined array key "HTTP_HOST" in /var/www/fb2/application/config/constants.php on line 78

Warning: Undefined array key "HTTP_HOST" in /var/www/fb2/application/config/constants.php on line 78
=== MULAI CLONE DATABASE ===
Sumber: forboysproduction.com / forboysp_2425
Tujuan: localhost / forboysp_2425
Waktu mulai: 2026-02-21 12:00:02
-----------------------------------
Total tabel ditemukan: 318
-----------------------------------
Memproses tabel: absensi
  -> Jumlah data sumber: 0 rows
  -> Tabel lokal di-truncate
  -> Tidak ada data untuk di-clone
Memproses tabel: absensi_bordir
  -> Jumlah data sumber: 0 rows
  -> Tabel lokal di-truncate
  -> Tidak ada data untuk di-clone
Memproses tabel: absensi_bordir_detail
  -> Jumlah data sumber: 0 rows
  -> Tabel lokal di-truncate
  -> Tidak ada data untuk di-clone
Memproses tabel: acc_ajuan_mingguan
  -> Jumlah data sumber: 3 rows
  -> Tabel lokal di-truncate
  -> SUKSES: 3 rows berhasil di-clone
Memproses tabel: adjust_kirimgudang
  -> Jumlah data sumber: 12 rows
  -> Tabel lokal di-truncate
  -> SUKSES: 12 rows berhasil di-clone
Memproses tabel: adjust_kirimgudang_detail
  -> Jumlah data sumber: 0 rows
  -> Tabel lokal di-truncate
  -> Tidak ada data untuk di-clone
Memproses tabel: adjust_kirimsetorcmt
  -> Jumlah data sumber: 10 rows
  -> Tabel lokal di-truncate
  -> SUKSES: 10 rows berhasil di-clone
Memproses tabel: adjust_kirimsetorcmt_detail
  -> Jumlah data sumber: 0 rows
  -> Tabel lokal di-truncate
  -> Tidak ada data untuk di-clone
Memproses tabel: ajuan_benang
  -> Jumlah data sumber: 0 rows
  -> Tabel lokal di-truncate
  -> Tidak ada data untuk di-clone
Memproses tabel: ajuan_benang_detail
  -> Jumlah data sumber: 0 rows
  -> Tabel lokal di-truncate
  -> Tidak ada data untuk di-clone
Memproses tabel: ajuan_kemeja_baru
  -> Jumlah data sumber: 25 rows
  -> Tabel lokal di-truncate
  -> SUKSES: 25 rows berhasil di-clone
Memproses tabel: ajuan_mingguan
  -> Jumlah data sumber: 2309 rows
  -> Tabel lokal di-truncate
  -> SUKSES: 2309 rows berhasil di-clone
Memproses tabel: ajuan_mingguan_detail
  -> Jumlah data sumber: 20789 rows
  -> Tabel lokal di-truncate
  -> SUKSES: 20789 rows berhasil di-clone
Memproses tabel: ajuan_mingguan_detail_kemeja
  -> Jumlah data sumber: 246 rows
  -> Tabel lokal di-truncate
  -> SUKSES: 246 rows berhasil di-clone
Memproses tabel: ajuan_mingguan_kemeja
  -> Jumlah data sumber: 137 rows
  -> Tabel lokal di-truncate
  -> SUKSES: 137 rows berhasil di-clone
Memproses tabel: ajuan_stock_mingguan
  -> Jumlah data sumber: 0 rows
  -> Tabel lokal di-truncate
  -> Tidak ada data untuk di-clone
Memproses tabel: ajuan_transfer
  -> Jumlah data sumber: 130 rows
  -> Tabel lokal di-truncate
  -> SUKSES: 130 rows berhasil di-clone
Memproses tabel: ajuanalatalat
  -> Jumlah data sumber: 3337 rows
  -> Tabel lokal di-truncate
  -> SUKSES: 3337 rows berhasil di-clone
Memproses tabel: ajuanalatalat_detail
  -> Jumlah data sumber: 240 rows
  -> Tabel lokal di-truncate
  -> SUKSES: 240 rows berhasil di-clone
Memproses tabel: aksesdata
  -> Jumlah data sumber: 63 rows
  -> Tabel lokal di-truncate
  -> SUKSES: 63 rows berhasil di-clone
Memproses tabel: alat_sukabumi
  -> Jumlah data sumber: 1225 rows
  -> Tabel lokal di-truncate
  -> SUKSES: 1225 rows berhasil di-clone
Memproses tabel: alert_notif
  -> Jumlah data sumber: 0 rows
  -> Tabel lokal di-truncate
  -> Tidak ada data untuk di-clone
Memproses tabel: alokasi
  -> Jumlah data sumber: 0 rows
  -> Tabel lokal di-truncate
  -> Tidak ada data untuk di-clone
Memproses tabel: alokasi_item
  -> Jumlah data sumber: 0 rows
  -> Tabel lokal di-truncate
  -> Tidak ada data untuk di-clone
Memproses tabel: alokasi_mingguan
  -> Jumlah data sumber: 1 rows
  -> Tabel lokal di-truncate
  -> SUKSES: 1 rows berhasil di-clone
Memproses tabel: alokasi_mingguan_detail
  -> Jumlah data sumber: 2 rows
  -> Tabel lokal di-truncate
  -> SUKSES: 2 rows berhasil di-clone
Memproses tabel: alokasi_po
  -> Jumlah data sumber: 63 rows
  -> Tabel lokal di-truncate
  -> SUKSES: 63 rows berhasil di-clone
Memproses tabel: alokasi_po_2022_2023
  -> Jumlah data sumber: 8 rows
  -> Tabel lokal di-truncate
  -> SUKSES: 8 rows berhasil di-clone
Memproses tabel: alokasi_po_detail
  -> Jumlah data sumber: 402 rows
  -> Tabel lokal di-truncate
  -> SUKSES: 402 rows berhasil di-clone
Memproses tabel: alokasi_po_detail_2022_2023.
  -> SKIP: Nama tabel 'alokasi_po_detail_2022_2023.' mengandung karakter bermasalah
Memproses tabel: alokasi_transferan
  -> Jumlah data sumber: 5917 rows
  -> Tabel lokal di-truncate
  -> SUKSES: 5917 rows berhasil di-clone
Memproses tabel: anggaran_operasional_sukabumi
  -> Jumlah data sumber: 170 rows
  -> Tabel lokal di-truncate
  -> SUKSES: 170 rows berhasil di-clone
Memproses tabel: anggaran_operasional_sukabumi_detail
  -> Jumlah data sumber: 305 rows
  -> Tabel lokal di-truncate
  -> SUKSES: 305 rows berhasil di-clone
Memproses tabel: aruskas
  -> Jumlah data sumber: 3027 rows
  -> Tabel lokal di-truncate
  -> SUKSES: 3027 rows berhasil di-clone
Memproses tabel: bagian
  -> Jumlah data sumber: 27 rows
  -> Tabel lokal di-truncate
  -> SUKSES: 27 rows berhasil di-clone
Memproses tabel: bagian_pengambilan
  -> Jumlah data sumber: 14 rows
  -> Tabel lokal di-truncate
  -> SUKSES: 14 rows berhasil di-clone
Memproses tabel: bagian_user
  -> Jumlah data sumber: 2 rows
  -> Tabel lokal di-truncate
  -> SUKSES: 2 rows berhasil di-clone
Memproses tabel: bank
  -> Jumlah data sumber: 1 rows
  -> Tabel lokal di-truncate
  -> SUKSES: 1 rows berhasil di-clone
Memproses tabel: barangkeluar_harian
  -> Jumlah data sumber: 2555 rows
  -> Tabel lokal di-truncate
  -> SUKSES: 2555 rows berhasil di-clone
Memproses tabel: barangkeluar_harian_2022_2023
  -> Jumlah data sumber: 443 rows
  -> Tabel lokal di-truncate
  -> SUKSES: 443 rows berhasil di-clone
Memproses tabel: barangkeluar_harian_detail
  -> Jumlah data sumber: 10816 rows
  -> Tabel lokal di-truncate
  -> SUKSES: 10816 rows berhasil di-clone
Memproses tabel: barangkeluar_harian_detail_2022_2023
  -> Jumlah data sumber: 2609 rows
  -> Tabel lokal di-truncate
  -> SUKSES: 2609 rows berhasil di-clone
Memproses tabel: barangkeluarharian
  -> Jumlah data sumber: 1622 rows
  -> Tabel lokal di-truncate
  -> SUKSES: 1622 rows berhasil di-clone
Memproses tabel: barangkeluarharian_2022_2023.
  -> SKIP: Nama tabel 'barangkeluarharian_2022_2023.' mengandung karakter bermasalah
Memproses tabel: barangkeluarharian_detail
  -> Jumlah data sumber: 5781 rows
  -> Tabel lokal di-truncate
  -> SUKSES: 5781 rows berhasil di-clone
Memproses tabel: barangkeluarharian_detail_2022_2023
  -> Jumlah data sumber: 4255 rows
  -> Tabel lokal di-truncate
  -> SUKSES: 4255 rows berhasil di-clone
Memproses tabel: biaya_hpp
  -> Jumlah data sumber: 2 rows
  -> Tabel lokal di-truncate
  -> SUKSES: 2 rows berhasil di-clone
Memproses tabel: biaya_hpp_perpo
  -> Jumlah data sumber: 110 rows
  -> Tabel lokal di-truncate
  -> SUKSES: 110 rows berhasil di-clone
Memproses tabel: biaya_hpp_perpodetail
  -> Jumlah data sumber: 253 rows
  -> Tabel lokal di-truncate
  -> SUKSES: 253 rows berhasil di-clone
Memproses tabel: boronganmesin
  -> Jumlah data sumber: 1804 rows
  -> Tabel lokal di-truncate
  -> SUKSES: 1804 rows berhasil di-clone
Memproses tabel: boronganmesin_2022_2023
  -> Jumlah data sumber: 1382 rows
  -> Tabel lokal di-truncate
  -> SUKSES: 1382 rows berhasil di-clone
Memproses tabel: buang_benang_finishing
  -> Jumlah data sumber: 1032 rows
  -> Tabel lokal di-truncate
  -> SUKSES: 1032 rows berhasil di-clone
Memproses tabel: buang_benang_finishing_2022_2023
  -> Jumlah data sumber: 478 rows
  -> Tabel lokal di-truncate
  -> SUKSES: 478 rows berhasil di-clone
Memproses tabel: cache
  -> Jumlah data sumber: 2 rows
  -> Tabel lokal di-truncate
  -> SUKSES: 2 rows berhasil di-clone
Memproses tabel: cache_locks
  -> Jumlah data sumber: 0 rows
  -> Tabel lokal di-truncate
  -> Tidak ada data untuk di-clone
Memproses tabel: claim_potongan_sablon_detail
  -> Jumlah data sumber: 1 rows
  -> Tabel lokal di-truncate
  -> SUKSES: 1 rows berhasil di-clone
Memproses tabel: claim_sablon
  -> Jumlah data sumber: 3 rows
  -> Tabel lokal di-truncate
  -> SUKSES: 3 rows berhasil di-clone
Memproses tabel: claim_timpotong
  -> Jumlah data sumber: 29 rows
  -> Tabel lokal di-truncate
  -> SUKSES: 29 rows berhasil di-clone
Memproses tabel: croscek_admin
  -> Jumlah data sumber: 2 rows
  -> Tabel lokal di-truncate
  -> SUKSES: 2 rows berhasil di-clone
Memproses tabel: cucian
  -> Jumlah data sumber: 949 rows
  -> Tabel lokal di-truncate
  -> SUKSES: 949 rows berhasil di-clone
Memproses tabel: cucian_2022_2023
  -> Jumlah data sumber: 606 rows
  -> Tabel lokal di-truncate
  -> SUKSES: 606 rows berhasil di-clone
Memproses tabel: cucianhpp_history
  -> Jumlah data sumber: 37 rows
  -> Tabel lokal di-truncate
  -> SUKSES: 37 rows berhasil di-clone
Memproses tabel: customer
  -> Jumlah data sumber: 16 rows
  -> Tabel lokal di-truncate
  -> SUKSES: 16 rows berhasil di-clone
Memproses tabel: daftarharga_cmt
  -> Jumlah data sumber: 25 rows
  -> Tabel lokal di-truncate
  -> SUKSES: 25 rows berhasil di-clone
Memproses tabel: distribusi_alat_sukabumi
  -> Jumlah data sumber: 2266 rows
  -> Tabel lokal di-truncate
  -> SUKSES: 2266 rows berhasil di-clone
Memproses tabel: divisi
  -> Jumlah data sumber: 17 rows
  -> Tabel lokal di-truncate
  -> SUKSES: 17 rows berhasil di-clone
Memproses tabel: ekspedisi
  -> Jumlah data sumber: 12 rows
  -> Tabel lokal di-truncate
  -> SUKSES: 12 rows berhasil di-clone
Memproses tabel: failed_jobs
  -> Jumlah data sumber: 0 rows
  -> Tabel lokal di-truncate
  -> Tidak ada data untuk di-clone
Memproses tabel: file_lap_tahunan
  -> Jumlah data sumber: 0 rows
  -> Tabel lokal di-truncate
  -> Tidak ada data untuk di-clone
Memproses tabel: finishing_kirim_gudang
  -> Jumlah data sumber: 3007 rows
  -> Tabel lokal di-truncate
  -> SUKSES: 3007 rows berhasil di-clone
Memproses tabel: finishing_kirim_gudang_2022_2023
  -> Jumlah data sumber: 2253 rows
  -> Tabel lokal di-truncate
  -> SUKSES: 2253 rows berhasil di-clone
Memproses tabel: finishing_kirim_gudang_faktur
  -> Jumlah data sumber: 2815 rows
  -> Tabel lokal di-truncate
  -> SUKSES: 2815 rows berhasil di-clone
Memproses tabel: finishing_kirim_gudang_faktur_2022_2023
  -> Jumlah data sumber: 1597 rows
  -> Tabel lokal di-truncate
  -> SUKSES: 1597 rows berhasil di-clone
Memproses tabel: finishing_kirim_gudang_rincian
  -> Jumlah data sumber: 11277 rows
  -> Tabel lokal di-truncate
  -> ERROR: Gagal baca data batch offset 7500
  -> PARTIAL: 7500 rows berhasil sebelum error
Memproses tabel: finishing_kirim_gudang_rincian_2022_2023
  -> ERROR: Gagal menghitung data tabel 'finishing_kirim_gudang_rincian_2022_2023', SKIP
Memproses tabel: finishing_proses_updated
  -> ERROR: Gagal menghitung data tabel 'finishing_proses_updated', SKIP
Memproses tabel: formpengambilanalat
  -> ERROR: Gagal menghitung data tabel 'formpengambilanalat', SKIP
Memproses tabel: formpengambilanalat_detail
  -> ERROR: Gagal menghitung data tabel 'formpengambilanalat_detail', SKIP
Memproses tabel: gagal_login
  -> ERROR: Gagal menghitung data tabel 'gagal_login', SKIP
Memproses tabel: gaji_bulanan
  -> ERROR: Gagal menghitung data tabel 'gaji_bulanan', SKIP
Memproses tabel: gaji_finishing
  -> ERROR: Gagal menghitung data tabel 'gaji_finishing', SKIP
Memproses tabel: gaji_finishing_detail
  -> ERROR: Gagal menghitung data tabel 'gaji_finishing_detail', SKIP
Memproses tabel: gaji_operator
  -> ERROR: Gagal menghitung data tabel 'gaji_operator', SKIP
Memproses tabel: gaji_operator_detail
  -> ERROR: Gagal menghitung data tabel 'gaji_operator_detail', SKIP
Memproses tabel: gaji_operator_detail_new
  -> ERROR: Gagal menghitung data tabel 'gaji_operator_detail_new', SKIP
Memproses tabel: gaji_operator_new
  -> ERROR: Gagal menghitung data tabel 'gaji_operator_new', SKIP
Memproses tabel: gaji_sablon_borongan
  -> ERROR: Gagal menghitung data tabel 'gaji_sablon_borongan', SKIP
Memproses tabel: gaji_sablon_harian
  -> ERROR: Gagal menghitung data tabel 'gaji_sablon_harian', SKIP
Memproses tabel: gaji_sablon_harian_detail
  -> ERROR: Gagal menghitung data tabel 'gaji_sablon_harian_detail', SKIP
Memproses tabel: gaji_timpotong
  -> ERROR: Gagal menghitung data tabel 'gaji_timpotong', SKIP
Memproses tabel: gaji_timpotong_detail
  -> ERROR: Gagal menghitung data tabel 'gaji_timpotong_detail', SKIP
Memproses tabel: gajiborongan
  -> ERROR: Gagal menghitung data tabel 'gajiborongan', SKIP
Memproses tabel: gajisukabumi
  -> ERROR: Gagal menghitung data tabel 'gajisukabumi', SKIP
Memproses tabel: gajisukabumi_detail
  -> ERROR: Gagal menghitung data tabel 'gajisukabumi_detail', SKIP
Memproses tabel: global_daftarharga
  -> ERROR: Gagal menghitung data tabel 'global_daftarharga', SKIP
Memproses tabel: gudang_bahan_keluar
  -> ERROR: Gagal menghitung data tabel 'gudang_bahan_keluar', SKIP
Memproses tabel: gudang_bahan_keluar_2022_2023
  -> ERROR: Gagal menghitung data tabel 'gudang_bahan_keluar_2022_2023', SKIP
Memproses tabel: gudang_item_keluar
  -> ERROR: Gagal menghitung data tabel 'gudang_item_keluar', SKIP
Memproses tabel: gudang_item_keluar_2022_2023
  -> ERROR: Gagal menghitung data tabel 'gudang_item_keluar_2022_2023', SKIP
Memproses tabel: gudang_item_masuk
  -> ERROR: Gagal menghitung data tabel 'gudang_item_masuk', SKIP
Memproses tabel: gudang_out_po
  -> ERROR: Gagal menghitung data tabel 'gudang_out_po', SKIP
Memproses tabel: gudang_out_po_2022_2023
  -> ERROR: Gagal menghitung data tabel 'gudang_out_po_2022_2023', SKIP
Memproses tabel: gudang_pengajuan_item
  -> ERROR: Gagal menghitung data tabel 'gudang_pengajuan_item', SKIP
Memproses tabel: gudang_persediaan_item
  -> ERROR: Gagal menghitung data tabel 'gudang_persediaan_item', SKIP
Memproses tabel: harga_transport
  -> ERROR: Gagal menghitung data tabel 'harga_transport', SKIP
Memproses tabel: history_stok_penjualan
  -> ERROR: Gagal menghitung data tabel 'history_stok_penjualan', SKIP
Memproses tabel: insentifsecurity
  -> ERROR: Gagal menghitung data tabel 'insentifsecurity', SKIP
Memproses tabel: insentifsecurity_detail
  -> ERROR: Gagal menghitung data tabel 'insentifsecurity_detail', SKIP
Memproses tabel: jabatan
  -> ERROR: Gagal menghitung data tabel 'jabatan', SKIP
Memproses tabel: jenis_potongan
  -> ERROR: Gagal menghitung data tabel 'jenis_potongan', SKIP
Memproses tabel: job_batches
  -> ERROR: Gagal menghitung data tabel 'job_batches', SKIP
Memproses tabel: jobs
  -> ERROR: Gagal menghitung data tabel 'jobs', SKIP
Memproses tabel: kalender
  -> ERROR: Gagal menghitung data tabel 'kalender', SKIP
Memproses tabel: kartustok_product
  -> ERROR: Gagal menghitung data tabel 'kartustok_product', SKIP
Memproses tabel: karyawan
  -> ERROR: Gagal menghitung data tabel 'karyawan', SKIP
Memproses tabel: karyawan_harian
  -> ERROR: Gagal menghitung data tabel 'karyawan_harian', SKIP
Memproses tabel: karyawan_skb
  -> ERROR: Gagal menghitung data tabel 'karyawan_skb', SKIP
Memproses tabel: kasbon
  -> ERROR: Gagal menghitung data tabel 'kasbon', SKIP
Memproses tabel: kasbon_acc
  -> ERROR: Gagal menghitung data tabel 'kasbon_acc', SKIP
Memproses tabel: kategori_bahan
  -> ERROR: Gagal menghitung data tabel 'kategori_bahan', SKIP
Memproses tabel: kategori_barang
  -> ERROR: Gagal menghitung data tabel 'kategori_barang', SKIP
Memproses tabel: kelola_mesin_bordir
  -> ERROR: Gagal menghitung data tabel 'kelola_mesin_bordir', SKIP
Memproses tabel: kelola_mesin_bordir_2022_2023
  -> ERROR: Gagal menghitung data tabel 'kelola_mesin_bordir_2022_2023', SKIP
Memproses tabel: kelola_po_nota_kirim_cmt
  -> ERROR: Gagal menghitung data tabel 'kelola_po_nota_kirim_cmt', SKIP
Memproses tabel: kelolapo_buang_benang
  -> ERROR: Gagal menghitung data tabel 'kelolapo_buang_benang', SKIP
Memproses tabel: kelolapo_buang_benang_2022_2023
  -> ERROR: Gagal menghitung data tabel 'kelolapo_buang_benang_2022_2023', SKIP
Memproses tabel: kelolapo_kirim_setor
  -> ERROR: Gagal menghitung data tabel 'kelolapo_kirim_setor', SKIP
Memproses tabel: kelolapo_kirim_setor_2022_2023
  -> ERROR: Gagal menghitung data tabel 'kelolapo_kirim_setor_2022_2023', SKIP
Memproses tabel: kelolapo_kirim_setor_atas
  -> ERROR: Gagal menghitung data tabel 'kelolapo_kirim_setor_atas', SKIP
Memproses tabel: kelolapo_kirim_setor_bawah
  -> ERROR: Gagal menghitung data tabel 'kelolapo_kirim_setor_bawah', SKIP
Memproses tabel: kelolapo_kirim_setor_celana
  -> ERROR: Gagal menghitung data tabel 'kelolapo_kirim_setor_celana', SKIP
Memproses tabel: kelolapo_pengecekan_potongan
  -> ERROR: Gagal menghitung data tabel 'kelolapo_pengecekan_potongan', SKIP
Memproses tabel: kelolapo_pengecekan_potongan_atas
  -> ERROR: Gagal menghitung data tabel 'kelolapo_pengecekan_potongan_atas', SKIP
Memproses tabel: kelolapo_pengecekan_potongan_bawah
  -> ERROR: Gagal menghitung data tabel 'kelolapo_pengecekan_potongan_bawah', SKIP
Memproses tabel: kelolapo_rincian_setor_cmt
  -> ERROR: Gagal menghitung data tabel 'kelolapo_rincian_setor_cmt', SKIP
Memproses tabel: kelolapo_rincian_setor_cmt_2022_2023
  -> ERROR: Gagal menghitung data tabel 'kelolapo_rincian_setor_cmt_2022_2023', SKIP
Memproses tabel: kelolapo_rincian_setor_cmt_celana
  -> ERROR: Gagal menghitung data tabel 'kelolapo_rincian_setor_cmt_celana', SKIP
Memproses tabel: kelolapo_rincian_setor_cmt_finish
  -> ERROR: Gagal menghitung data tabel 'kelolapo_rincian_setor_cmt_finish', SKIP
Memproses tabel: kelolapo_rincian_setor_cmt_finish_2022_2023
  -> ERROR: Gagal menghitung data tabel 'kelolapo_rincian_setor_cmt_finish_2022_2023', SKIP
Memproses tabel: kelolapo_rincian_setor_cmt_finish_celana
  -> ERROR: Gagal menghitung data tabel 'kelolapo_rincian_setor_cmt_finish_celana', SKIP
Memproses tabel: keterangan_alokasipo
  -> ERROR: Gagal menghitung data tabel 'keterangan_alokasipo', SKIP
Memproses tabel: kirimbupot
  -> ERROR: Gagal menghitung data tabel 'kirimbupot', SKIP
Memproses tabel: kirimbupot_detail
  -> ERROR: Gagal menghitung data tabel 'kirimbupot_detail', SKIP
Memproses tabel: kirimcmt
  -> ERROR: Gagal menghitung data tabel 'kirimcmt', SKIP
Memproses tabel: kirimcmt_2022_2023
  -> ERROR: Gagal menghitung data tabel 'kirimcmt_2022_2023', SKIP
Memproses tabel: kirimcmt_celana
  -> ERROR: Gagal menghitung data tabel 'kirimcmt_celana', SKIP
Memproses tabel: kirimcmt_celana_detail
  -> ERROR: Gagal menghitung data tabel 'kirimcmt_celana_detail', SKIP
Memproses tabel: kirimcmt_detail
  -> ERROR: Gagal menghitung data tabel 'kirimcmt_detail', SKIP
Memproses tabel: kirimcmt_detail_2022_2023
  -> ERROR: Gagal menghitung data tabel 'kirimcmt_detail_2022_2023', SKIP
Memproses tabel: kirimcmt_detailatas
  -> ERROR: Gagal menghitung data tabel 'kirimcmt_detailatas', SKIP
Memproses tabel: kirimcmt_detailbawah
  -> ERROR: Gagal menghitung data tabel 'kirimcmt_detailbawah', SKIP
Memproses tabel: kirimcmt_po
  -> ERROR: Gagal menghitung data tabel 'kirimcmt_po', SKIP
Memproses tabel: kirimcmtbordir
  -> ERROR: Gagal menghitung data tabel 'kirimcmtbordir', SKIP
Memproses tabel: kirimcmtbordir_detail
  -> ERROR: Gagal menghitung data tabel 'kirimcmtbordir_detail', SKIP
Memproses tabel: kirimcmtsablon
  -> ERROR: Gagal menghitung data tabel 'kirimcmtsablon', SKIP
Memproses tabel: kirimcmtsablon_2022_2023
  -> ERROR: Gagal menghitung data tabel 'kirimcmtsablon_2022_2023', SKIP
Memproses tabel: kirimcmtsablon_detail
  -> ERROR: Gagal menghitung data tabel 'kirimcmtsablon_detail', SKIP
Memproses tabel: kirimcmtsablon_detail_2022_2023
  -> ERROR: Gagal menghitung data tabel 'kirimcmtsablon_detail_2022_2023', SKIP
Memproses tabel: kirimgudang_bulanan
  -> ERROR: Gagal menghitung data tabel 'kirimgudang_bulanan', SKIP
Memproses tabel: kirimsetor_bulanan
  -> ERROR: Gagal menghitung data tabel 'kirimsetor_bulanan', SKIP
Memproses tabel: klo_bulanan
  -> ERROR: Gagal menghitung data tabel 'klo_bulanan', SKIP
Memproses tabel: konveksi_buku_potongan
  -> ERROR: Gagal menghitung data tabel 'konveksi_buku_potongan', SKIP
Memproses tabel: konveksi_buku_potongan_2022_2023
  -> ERROR: Gagal menghitung data tabel 'konveksi_buku_potongan_2022_2023', SKIP
Memproses tabel: konveksi_buku_potongan_utama
  -> ERROR: Gagal menghitung data tabel 'konveksi_buku_potongan_utama', SKIP
Memproses tabel: konveksi_buku_potongan_utama_2022_2023
  -> ERROR: Gagal menghitung data tabel 'konveksi_buku_potongan_utama_2022_2023', SKIP
Memproses tabel: konveksi_buku_potongan_variasi
  -> ERROR: Gagal menghitung data tabel 'konveksi_buku_potongan_variasi', SKIP
Memproses tabel: konveksi_buku_potongan_variasi_2022_2023
  -> ERROR: Gagal menghitung data tabel 'konveksi_buku_potongan_variasi_2022_2023', SKIP
Memproses tabel: laba_produksi
  -> ERROR: Gagal menghitung data tabel 'laba_produksi', SKIP
Memproses tabel: lampiran_alat
  -> ERROR: Gagal menghitung data tabel 'lampiran_alat', SKIP
Memproses tabel: laporanexpedisi
  -> ERROR: Gagal menghitung data tabel 'laporanexpedisi', SKIP
Memproses tabel: lembur_harian
  -> ERROR: Gagal menghitung data tabel 'lembur_harian', SKIP
Memproses tabel: log_user
  -> ERROR: Gagal menghitung data tabel 'log_user', SKIP
Memproses tabel: lokasi_cmt
  -> ERROR: Gagal menghitung data tabel 'lokasi_cmt', SKIP
Memproses tabel: marketplace
  -> ERROR: Gagal menghitung data tabel 'marketplace', SKIP
Memproses tabel: master_cmt
  -> ERROR: Gagal menghitung data tabel 'master_cmt', SKIP
Memproses tabel: master_cmt_job
  -> ERROR: Gagal menghitung data tabel 'master_cmt_job', SKIP
Memproses tabel: master_gudang
  -> ERROR: Gagal menghitung data tabel 'master_gudang', SKIP
Memproses tabel: master_harga_gaji
  -> ERROR: Gagal menghitung data tabel 'master_harga_gaji', SKIP
Memproses tabel: master_harga_potongan
  -> ERROR: Gagal menghitung data tabel 'master_harga_potongan', SKIP
Memproses tabel: master_jenis_kaos
  -> ERROR: Gagal menghitung data tabel 'master_jenis_kaos', SKIP
Memproses tabel: master_jenis_po
  -> ERROR: Gagal menghitung data tabel 'master_jenis_po', SKIP
Memproses tabel: master_job
  -> ERROR: Gagal menghitung data tabel 'master_job', SKIP
Memproses tabel: master_karyawan_benang
  -> ERROR: Gagal menghitung data tabel 'master_karyawan_benang', SKIP
Memproses tabel: master_karyawan_bordir
  -> ERROR: Gagal menghitung data tabel 'master_karyawan_bordir', SKIP
Memproses tabel: master_karyawan_finishing_gudang
  -> ERROR: Gagal menghitung data tabel 'master_karyawan_finishing_gudang', SKIP
Memproses tabel: master_karyawan_pengecekan
  -> ERROR: Gagal menghitung data tabel 'master_karyawan_pengecekan', SKIP
Memproses tabel: master_menu
  -> ERROR: Gagal menghitung data tabel 'master_menu', SKIP
Memproses tabel: master_mesin
  -> ERROR: Gagal menghitung data tabel 'master_mesin', SKIP
Memproses tabel: master_nama_po
  -> ERROR: Gagal menghitung data tabel 'master_nama_po', SKIP
Memproses tabel: master_po_luar
  -> ERROR: Gagal menghitung data tabel 'master_po_luar', SKIP
Memproses tabel: master_po_luar_2223
  -> ERROR: Gagal menghitung data tabel 'master_po_luar_2223', SKIP
Memproses tabel: master_po_online
  -> ERROR: Gagal menghitung data tabel 'master_po_online', SKIP
Memproses tabel: master_po_online_detail
  -> ERROR: Gagal menghitung data tabel 'master_po_online_detail', SKIP
Memproses tabel: master_po_online_serian
  -> ERROR: Gagal menghitung data tabel 'master_po_online_serian', SKIP
Memproses tabel: master_progress
  -> ERROR: Gagal menghitung data tabel 'master_progress', SKIP
Memproses tabel: master_satuan_barang
  -> ERROR: Gagal menghitung data tabel 'master_satuan_barang', SKIP
Memproses tabel: master_size
  -> ERROR: Gagal menghitung data tabel 'master_size', SKIP
Memproses tabel: master_supplier
  -> ERROR: Gagal menghitung data tabel 'master_supplier', SKIP
Memproses tabel: masterdata_hargapo
  -> ERROR: Gagal menghitung data tabel 'masterdata_hargapo', SKIP
Memproses tabel: masterharga_bahan
  -> ERROR: Gagal menghitung data tabel 'masterharga_bahan', SKIP
Memproses tabel: mastersize_potongan
  -> ERROR: Gagal menghitung data tabel 'mastersize_potongan', SKIP
Memproses tabel: menu
  -> ERROR: Gagal menghitung data tabel 'menu', SKIP
Memproses tabel: mesin_bordir
  -> ERROR: Gagal menghitung data tabel 'mesin_bordir', SKIP
Memproses tabel: migrations
  -> ERROR: Gagal menghitung data tabel 'migrations', SKIP
Memproses tabel: model_po
  -> ERROR: Gagal menghitung data tabel 'model_po', SKIP
Memproses tabel: notifikasi
  -> ERROR: Gagal menghitung data tabel 'notifikasi', SKIP
Memproses tabel: operational
  -> ERROR: Gagal menghitung data tabel 'operational', SKIP
Memproses tabel: packing
  -> ERROR: Gagal menghitung data tabel 'packing', SKIP
Memproses tabel: packing_2022_2023
  -> ERROR: Gagal menghitung data tabel 'packing_2022_2023', SKIP
Memproses tabel: packing_po
  -> ERROR: Gagal menghitung data tabel 'packing_po', SKIP
Memproses tabel: password_reset_tokens
  -> ERROR: Gagal menghitung data tabel 'password_reset_tokens', SKIP
Memproses tabel: pelunasan_pembayaran_skb
  -> ERROR: Gagal menghitung data tabel 'pelunasan_pembayaran_skb', SKIP
Memproses tabel: pembayaran_cmt
  -> ERROR: Gagal menghitung data tabel 'pembayaran_cmt', SKIP
Memproses tabel: pembayaran_cmt_2022_2023
  -> ERROR: Gagal menghitung data tabel 'pembayaran_cmt_2022_2023', SKIP
Memproses tabel: pembayaran_cmt_detail
  -> ERROR: Gagal menghitung data tabel 'pembayaran_cmt_detail', SKIP
Memproses tabel: pembayaran_cmt_tambahan_lainnya
  -> ERROR: Gagal menghitung data tabel 'pembayaran_cmt_tambahan_lainnya', SKIP
Memproses tabel: pembayaran_sablon
  -> ERROR: Gagal menghitung data tabel 'pembayaran_sablon', SKIP
Memproses tabel: pembayaran_skb
  -> ERROR: Gagal menghitung data tabel 'pembayaran_skb', SKIP
Memproses tabel: pembayaran_skb_2022_2023
  -> ERROR: Gagal menghitung data tabel 'pembayaran_skb_2022_2023', SKIP
Memproses tabel: pembayaran_skb_alat
  -> ERROR: Gagal menghitung data tabel 'pembayaran_skb_alat', SKIP
Memproses tabel: pembayaran_skb_pmb
  -> ERROR: Gagal menghitung data tabel 'pembayaran_skb_pmb', SKIP
Memproses tabel: pembayaran_skb_po
  -> ERROR: Gagal menghitung data tabel 'pembayaran_skb_po', SKIP
Memproses tabel: pembayaran_skb_setor
  -> ERROR: Gagal menghitung data tabel 'pembayaran_skb_setor', SKIP
Memproses tabel: pemilik_poluar
  -> ERROR: Gagal menghitung data tabel 'pemilik_poluar', SKIP
Memproses tabel: pendapatan_transport
  -> ERROR: Gagal menghitung data tabel 'pendapatan_transport', SKIP
Memproses tabel: penerimaan_item
  -> ERROR: Gagal menghitung data tabel 'penerimaan_item', SKIP
Memproses tabel: penerimaan_item_detail
  -> ERROR: Gagal menghitung data tabel 'penerimaan_item_detail', SKIP
Memproses tabel: pengajuan_barang
  -> ERROR: Gagal menghitung data tabel 'pengajuan_barang', SKIP
Memproses tabel: pengajuan_harian_new
  -> ERROR: Gagal menghitung data tabel 'pengajuan_harian_new', SKIP
Memproses tabel: pengajuan_harian_new_detail
  -> ERROR: Gagal menghitung data tabel 'pengajuan_harian_new_detail', SKIP
Memproses tabel: pengalihanpo
  -> ERROR: Gagal menghitung data tabel 'pengalihanpo', SKIP
Memproses tabel: pengalihanpo_2022_2023
  -> ERROR: Gagal menghitung data tabel 'pengalihanpo_2022_2023', SKIP
Memproses tabel: pengalokasian
  -> ERROR: Gagal menghitung data tabel 'pengalokasian', SKIP
Memproses tabel: pengeluaran_bordir
  -> ERROR: Gagal menghitung data tabel 'pengeluaran_bordir', SKIP
Memproses tabel: pengeluaran_bordir_detail
  -> ERROR: Gagal menghitung data tabel 'pengeluaran_bordir_detail', SKIP
Memproses tabel: pengeluaran_sablon
  -> ERROR: Gagal menghitung data tabel 'pengeluaran_sablon', SKIP
Memproses tabel: pengembalian_bangke
  -> ERROR: Gagal menghitung data tabel 'pengembalian_bangke', SKIP
Memproses tabel: pengembalian_bangke_2022_2023
  -> ERROR: Gagal menghitung data tabel 'pengembalian_bangke_2022_2023', SKIP
Memproses tabel: penjualan_online
  -> ERROR: Gagal menghitung data tabel 'penjualan_online', SKIP
Memproses tabel: penjualan_online_product
  -> ERROR: Gagal menghitung data tabel 'penjualan_online_product', SKIP
Memproses tabel: periodeproduksi
  -> ERROR: Gagal menghitung data tabel 'periodeproduksi', SKIP
Memproses tabel: personal_access_tokens
  -> ERROR: Gagal menghitung data tabel 'personal_access_tokens', SKIP
Memproses tabel: pinjaman_cmt
  -> ERROR: Gagal menghitung data tabel 'pinjaman_cmt', SKIP
Memproses tabel: pinjaman_karyawan
  -> ERROR: Gagal menghitung data tabel 'pinjaman_karyawan', SKIP
Memproses tabel: pinjaman_karyawan_detail
  -> ERROR: Gagal menghitung data tabel 'pinjaman_karyawan_detail', SKIP
Memproses tabel: po_online
  -> ERROR: Gagal menghitung data tabel 'po_online', SKIP
Memproses tabel: po_online_stok
  -> ERROR: Gagal menghitung data tabel 'po_online_stok', SKIP
Memproses tabel: po_online_tracking
  -> ERROR: Gagal menghitung data tabel 'po_online_tracking', SKIP
Memproses tabel: po_retur
  -> ERROR: Gagal menghitung data tabel 'po_retur', SKIP
Memproses tabel: po_retur_detail
  -> ERROR: Gagal menghitung data tabel 'po_retur_detail', SKIP
Memproses tabel: podiluaralokasi
  -> ERROR: Gagal menghitung data tabel 'podiluaralokasi', SKIP
Memproses tabel: podiluaralokasi_detail
  -> ERROR: Gagal menghitung data tabel 'podiluaralokasi_detail', SKIP
Memproses tabel: pogagalproduksi
  -> ERROR: Gagal menghitung data tabel 'pogagalproduksi', SKIP
Memproses tabel: potongan_alat
  -> ERROR: Gagal menghitung data tabel 'potongan_alat', SKIP
Memproses tabel: potongan_bangke
  -> ERROR: Gagal menghitung data tabel 'potongan_bangke', SKIP
Memproses tabel: potongan_bangke_2022_2023
  -> ERROR: Gagal menghitung data tabel 'potongan_bangke_2022_2023', SKIP
Memproses tabel: potongan_bulanan
  -> ERROR: Gagal menghitung data tabel 'potongan_bulanan', SKIP
Memproses tabel: potongan_mesin
  -> ERROR: Gagal menghitung data tabel 'potongan_mesin', SKIP
Memproses tabel: potongan_operator
  -> ERROR: Gagal menghitung data tabel 'potongan_operator', SKIP
Memproses tabel: potongan_pinjaman_cmt
  -> ERROR: Gagal menghitung data tabel 'potongan_pinjaman_cmt', SKIP
Memproses tabel: potongan_pinjaman_karyawan
  -> ERROR: Gagal menghitung data tabel 'potongan_pinjaman_karyawan', SKIP
Memproses tabel: potongan_vermak
  -> ERROR: Gagal menghitung data tabel 'potongan_vermak', SKIP
Memproses tabel: product
  -> ERROR: Gagal menghitung data tabel 'product', SKIP
Memproses tabel: produksi_po
  -> ERROR: Gagal menghitung data tabel 'produksi_po', SKIP
Memproses tabel: produksi_po_2022_2023_
  -> ERROR: Gagal menghitung data tabel 'produksi_po_2022_2023_', SKIP
Memproses tabel: produksi_po_2023_2024
  -> ERROR: Gagal menghitung data tabel 'produksi_po_2023_2024', SKIP
Memproses tabel: proggresion_po
  -> ERROR: Gagal menghitung data tabel 'proggresion_po', SKIP
Memproses tabel: proses_po
  -> ERROR: Gagal menghitung data tabel 'proses_po', SKIP
Memproses tabel: proses_po_2022_2023
  -> ERROR: Gagal menghitung data tabel 'proses_po_2022_2023', SKIP
Memproses tabel: rekapbarangsupplier
  -> ERROR: Gagal menghitung data tabel 'rekapbarangsupplier', SKIP
Memproses tabel: rekapbarangsupplier_detail
  -> ERROR: Gagal menghitung data tabel 'rekapbarangsupplier_detail', SKIP
Memproses tabel: rekapinsentif_security
  -> ERROR: Gagal menghitung data tabel 'rekapinsentif_security', SKIP
Memproses tabel: request_harga
  -> ERROR: Gagal menghitung data tabel 'request_harga', SKIP
Memproses tabel: rijek
  -> ERROR: Gagal menghitung data tabel 'rijek', SKIP
Memproses tabel: rijek_2022_2023
  -> ERROR: Gagal menghitung data tabel 'rijek_2022_2023', SKIP
Memproses tabel: sablon_sewarumah
  -> ERROR: Gagal menghitung data tabel 'sablon_sewarumah', SKIP
Memproses tabel: sablon_sewarumah_detail
  -> ERROR: Gagal menghitung data tabel 'sablon_sewarumah_detail', SKIP
Memproses tabel: sablonbawahan
  -> ERROR: Gagal menghitung data tabel 'sablonbawahan', SKIP
Memproses tabel: sessions
  -> ERROR: Gagal menghitung data tabel 'sessions', SKIP
Memproses tabel: set_tgl_laporan
  -> ERROR: Gagal menghitung data tabel 'set_tgl_laporan', SKIP
Memproses tabel: set_tgl_laporan_tgl
  -> ERROR: Gagal menghitung data tabel 'set_tgl_laporan_tgl', SKIP
Memproses tabel: setorcmt
  -> ERROR: Gagal menghitung data tabel 'setorcmt', SKIP
Memproses tabel: setorcmt_2022_2023
  -> ERROR: Gagal menghitung data tabel 'setorcmt_2022_2023', SKIP
Memproses tabel: setorcmt_detail
  -> ERROR: Gagal menghitung data tabel 'setorcmt_detail', SKIP
Memproses tabel: setorcmt_detail_2022_2023
  -> ERROR: Gagal menghitung data tabel 'setorcmt_detail_2022_2023', SKIP
Memproses tabel: setorcmt_sablon
  -> ERROR: Gagal menghitung data tabel 'setorcmt_sablon', SKIP
Memproses tabel: setorcmt_sablon_detail
  -> ERROR: Gagal menghitung data tabel 'setorcmt_sablon_detail', SKIP
Memproses tabel: setorcmt_sablon_detail_2022_2023
  -> ERROR: Gagal menghitung data tabel 'setorcmt_sablon_detail_2022_2023', SKIP
Memproses tabel: settings
  -> ERROR: Gagal menghitung data tabel 'settings', SKIP
Memproses tabel: size_po_online
  -> ERROR: Gagal menghitung data tabel 'size_po_online', SKIP
Memproses tabel: size_po_produksi
  -> ERROR: Gagal menghitung data tabel 'size_po_produksi', SKIP
Memproses tabel: sj_bordir_luar
  -> ERROR: Gagal menghitung data tabel 'sj_bordir_luar', SKIP
Memproses tabel: sj_bordir_luar_detail
  -> ERROR: Gagal menghitung data tabel 'sj_bordir_luar_detail', SKIP
Memproses tabel: sj_po_retur
  -> ERROR: Gagal menghitung data tabel 'sj_po_retur', SKIP
Memproses tabel: sj_po_retur_detail
  -> ERROR: Gagal menghitung data tabel 'sj_po_retur_detail', SKIP
Memproses tabel: sj_tagihanbordir
  -> ERROR: Gagal menghitung data tabel 'sj_tagihanbordir', SKIP
Memproses tabel: sj_tagihanbordir_detail
  -> ERROR: Gagal menghitung data tabel 'sj_tagihanbordir_detail', SKIP
Memproses tabel: spesifikasi_gambar
  -> ERROR: Gagal menghitung data tabel 'spesifikasi_gambar', SKIP
Memproses tabel: spesifikasi_gambar_po
  -> ERROR: Gagal menghitung data tabel 'spesifikasi_gambar_po', SKIP
Memproses tabel: spesifikasi_gambar_po_2022_2023
  -> ERROR: Gagal menghitung data tabel 'spesifikasi_gambar_po_2022_2023', SKIP
Memproses tabel: status_pull
  -> ERROR: Gagal menghitung data tabel 'status_pull', SKIP
Memproses tabel: stok_barang_skb
  -> ERROR: Gagal menghitung data tabel 'stok_barang_skb', SKIP
Memproses tabel: stok_barang_skb_history
  -> ERROR: Gagal menghitung data tabel 'stok_barang_skb_history', SKIP
Memproses tabel: supplier_giro
  -> ERROR: Gagal menghitung data tabel 'supplier_giro', SKIP
Memproses tabel: supplier_giro_pembayaran
  -> ERROR: Gagal menghitung data tabel 'supplier_giro_pembayaran', SKIP
Memproses tabel: tagihan_poluar
  -> ERROR: Gagal menghitung data tabel 'tagihan_poluar', SKIP
Memproses tabel: target_mesin
  -> ERROR: Gagal menghitung data tabel 'target_mesin', SKIP
Memproses tabel: testcron
  -> ERROR: Gagal menghitung data tabel 'testcron', SKIP
Memproses tabel: timpotong
  -> ERROR: Gagal menghitung data tabel 'timpotong', SKIP
Memproses tabel: transferan
  -> ERROR: Gagal menghitung data tabel 'transferan', SKIP
Memproses tabel: transport_driver
  -> ERROR: Gagal menghitung data tabel 'transport_driver', SKIP
Memproses tabel: um_security
  -> ERROR: Gagal menghitung data tabel 'um_security', SKIP
Memproses tabel: um_security_detail
  -> ERROR: Gagal menghitung data tabel 'um_security_detail', SKIP
Memproses tabel: user
  -> ERROR: Gagal menghitung data tabel 'user', SKIP
Memproses tabel: user_activity
  -> ERROR: Gagal menghitung data tabel 'user_activity', SKIP
Memproses tabel: user_request
  -> ERROR: Gagal menghitung data tabel 'user_request', SKIP
Memproses tabel: usermenu
  -> ERROR: Gagal menghitung data tabel 'usermenu', SKIP
Memproses tabel: users
  -> ERROR: Gagal menghitung data tabel 'users', SKIP
-----------------------------------
=== CLONE DATABASE SELESAI ===
Tabel sukses : 71
Tabel skip   : 2
Tabel error  : 245
Total rows   : 92744
Waktu selesai: 2026-02-21 12:16:45
PHP Warning:  Undefined array key "HTTP_HOST" in /var/www/fb2/application/config/constants.php on line 78

Warning: Undefined array key "HTTP_HOST" in /var/www/fb2/application/config/constants.php on line 78

A PHP Error was encountered

Severity:    Warning
Message:     mysqli::real_connect(): (HY000/1045): Access denied for user 'forboysp_2223'@'180.254.75.237' (using password: YES)
Filename:    /var/www/fb2/system/database/drivers/mysqli/mysqli_driver.php
Line Number: 212

Backtrace:
	File: /var/www/fb2/application/controllers/CloneDb.php
	Line: 33
	Function: database

	File: /var/www/fb2/index.php
	Line: 315
	Function: require_once


ERROR: Gagal konek ke database sumber!
PHP Warning:  Undefined array key "HTTP_HOST" in /var/www/fb2/application/config/constants.php on line 78

Warning: Undefined array key "HTTP_HOST" in /var/www/fb2/application/config/constants.php on line 78

A PHP Error was encountered

Severity:    Warning
Message:     mysqli::real_connect(): (HY000/1045): Access denied for user 'forboysp_2223'@'180.254.75.237' (using password: YES)
Filename:    /var/www/fb2/system/database/drivers/mysqli/mysqli_driver.php
Line Number: 212

Backtrace:
	File: /var/www/fb2/application/controllers/CloneDb.php
	Line: 33
	Function: database

	File: /var/www/fb2/index.php
	Line: 315
	Function: require_once


ERROR: Gagal konek ke database sumber!
PHP Warning:  Undefined array key "HTTP_HOST" in /var/www/fb2/application/config/constants.php on line 78

Warning: Undefined array key "HTTP_HOST" in /var/www/fb2/application/config/constants.php on line 78

A PHP Error was encountered

Severity:    Warning
Message:     mysqli::real_connect(): (HY000/1045): Access denied for user 'forboysp_2223'@'180.254.67.226' (using password: YES)
Filename:    /var/www/fb2/system/database/drivers/mysqli/mysqli_driver.php
Line Number: 212

Backtrace:
	File: /var/www/fb2/application/controllers/CloneDb.php
	Line: 33
	Function: database

	File: /var/www/fb2/index.php
	Line: 315
	Function: require_once


ERROR: Gagal konek ke database sumber!
PHP Warning:  Undefined array key "HTTP_HOST" in /var/www/fb2/application/config/constants.php on line 78

Warning: Undefined array key "HTTP_HOST" in /var/www/fb2/application/config/constants.php on line 78
=== MULAI CLONE DATABASE ===
Sumber: forboysproduction.com / forboysp_2425
Tujuan: localhost / forboysp_2425
Waktu mulai: 2026-02-23 08:24:51
-----------------------------------
Total tabel ditemukan: 318
-----------------------------------
Memproses tabel: absensi
  -> Jumlah data sumber: 0 rows
  -> Tabel lokal di-truncate
  -> Tidak ada data untuk di-clone
Memproses tabel: absensi_bordir
  -> Jumlah data sumber: 0 rows
  -> Tabel lokal di-truncate
  -> Tidak ada data untuk di-clone
Memproses tabel: absensi_bordir_detail
  -> Jumlah data sumber: 0 rows
  -> Tabel lokal di-truncate
  -> Tidak ada data untuk di-clone
Memproses tabel: acc_ajuan_mingguan
  -> Jumlah data sumber: 3 rows
  -> Tabel lokal di-truncate
  -> SUKSES: 3 rows berhasil di-clone
Memproses tabel: adjust_kirimgudang
  -> Jumlah data sumber: 12 rows
  -> Tabel lokal di-truncate
  -> SUKSES: 12 rows berhasil di-clone
Memproses tabel: adjust_kirimgudang_detail
  -> Jumlah data sumber: 0 rows
  -> Tabel lokal di-truncate
  -> Tidak ada data untuk di-clone
Memproses tabel: adjust_kirimsetorcmt
  -> Jumlah data sumber: 10 rows
  -> Tabel lokal di-truncate
  -> SUKSES: 10 rows berhasil di-clone
Memproses tabel: adjust_kirimsetorcmt_detail
  -> Jumlah data sumber: 0 rows
  -> Tabel lokal di-truncate
  -> Tidak ada data untuk di-clone
Memproses tabel: ajuan_benang
  -> Jumlah data sumber: 0 rows
  -> Tabel lokal di-truncate
  -> Tidak ada data untuk di-clone
Memproses tabel: ajuan_benang_detail
  -> Jumlah data sumber: 0 rows
  -> Tabel lokal di-truncate
  -> Tidak ada data untuk di-clone
Memproses tabel: ajuan_kemeja_baru
  -> Jumlah data sumber: 25 rows
  -> Tabel lokal di-truncate
  -> SUKSES: 25 rows berhasil di-clone
Memproses tabel: ajuan_mingguan
  -> Jumlah data sumber: 2312 rows
  -> Tabel lokal di-truncate
  -> SUKSES: 2312 rows berhasil di-clone
Memproses tabel: ajuan_mingguan_detail
  -> Jumlah data sumber: 20801 rows
  -> Tabel lokal di-truncate
  -> SUKSES: 20801 rows berhasil di-clone
Memproses tabel: ajuan_mingguan_detail_kemeja
  -> Jumlah data sumber: 246 rows
  -> Tabel lokal di-truncate
  -> SUKSES: 246 rows berhasil di-clone
Memproses tabel: ajuan_mingguan_kemeja
  -> Jumlah data sumber: 137 rows
  -> Tabel lokal di-truncate
  -> SUKSES: 137 rows berhasil di-clone
Memproses tabel: ajuan_stock_mingguan
  -> Jumlah data sumber: 0 rows
  -> Tabel lokal di-truncate
  -> Tidak ada data untuk di-clone
Memproses tabel: ajuan_transfer
  -> Jumlah data sumber: 130 rows
  -> Tabel lokal di-truncate
  -> SUKSES: 130 rows berhasil di-clone
Memproses tabel: ajuanalatalat
  -> Jumlah data sumber: 3362 rows
  -> Tabel lokal di-truncate
  -> SUKSES: 3362 rows berhasil di-clone
Memproses tabel: ajuanalatalat_detail
  -> Jumlah data sumber: 240 rows
  -> Tabel lokal di-truncate
  -> SUKSES: 240 rows berhasil di-clone
Memproses tabel: aksesdata
  -> Jumlah data sumber: 63 rows
  -> Tabel lokal di-truncate
  -> SUKSES: 63 rows berhasil di-clone
Memproses tabel: alat_sukabumi
  -> Jumlah data sumber: 1225 rows
  -> Tabel lokal di-truncate
  -> SUKSES: 1225 rows berhasil di-clone
Memproses tabel: alert_notif
  -> Jumlah data sumber: 0 rows
  -> Tabel lokal di-truncate
  -> Tidak ada data untuk di-clone
Memproses tabel: alokasi
  -> Jumlah data sumber: 0 rows
  -> Tabel lokal di-truncate
  -> Tidak ada data untuk di-clone
Memproses tabel: alokasi_item
  -> Jumlah data sumber: 0 rows
  -> Tabel lokal di-truncate
  -> Tidak ada data untuk di-clone
Memproses tabel: alokasi_mingguan
  -> Jumlah data sumber: 1 rows
  -> Tabel lokal di-truncate
  -> SUKSES: 1 rows berhasil di-clone
Memproses tabel: alokasi_mingguan_detail
  -> Jumlah data sumber: 2 rows
  -> Tabel lokal di-truncate
  -> SUKSES: 2 rows berhasil di-clone
Memproses tabel: alokasi_po
  -> Jumlah data sumber: 63 rows
  -> Tabel lokal di-truncate
  -> SUKSES: 63 rows berhasil di-clone
Memproses tabel: alokasi_po_2022_2023
  -> Jumlah data sumber: 8 rows
  -> Tabel lokal di-truncate
  -> SUKSES: 8 rows berhasil di-clone
Memproses tabel: alokasi_po_detail
  -> Jumlah data sumber: 402 rows
  -> Tabel lokal di-truncate
  -> SUKSES: 402 rows berhasil di-clone
Memproses tabel: alokasi_po_detail_2022_2023.
  -> SKIP: Nama tabel 'alokasi_po_detail_2022_2023.' mengandung karakter bermasalah
Memproses tabel: alokasi_transferan
  -> Jumlah data sumber: 5959 rows
  -> Tabel lokal di-truncate
  -> SUKSES: 5959 rows berhasil di-clone
Memproses tabel: anggaran_operasional_sukabumi
  -> Jumlah data sumber: 170 rows
  -> Tabel lokal di-truncate
  -> SUKSES: 170 rows berhasil di-clone
Memproses tabel: anggaran_operasional_sukabumi_detail
  -> Jumlah data sumber: 305 rows
  -> Tabel lokal di-truncate
  -> SUKSES: 305 rows berhasil di-clone
Memproses tabel: aruskas
  -> Jumlah data sumber: 3027 rows
  -> Tabel lokal di-truncate
  -> SUKSES: 3027 rows berhasil di-clone
Memproses tabel: bagian
  -> Jumlah data sumber: 27 rows
  -> Tabel lokal di-truncate
  -> SUKSES: 27 rows berhasil di-clone
Memproses tabel: bagian_pengambilan
  -> Jumlah data sumber: 14 rows
  -> Tabel lokal di-truncate
  -> SUKSES: 14 rows berhasil di-clone
Memproses tabel: bagian_user
  -> Jumlah data sumber: 2 rows
  -> Tabel lokal di-truncate
  -> SUKSES: 2 rows berhasil di-clone
Memproses tabel: bank
  -> Jumlah data sumber: 1 rows
  -> Tabel lokal di-truncate
  -> SUKSES: 1 rows berhasil di-clone
Memproses tabel: barangkeluar_harian
  -> Jumlah data sumber: 2556 rows
  -> Tabel lokal di-truncate
  -> SUKSES: 2556 rows berhasil di-clone
Memproses tabel: barangkeluar_harian_2022_2023
  -> Jumlah data sumber: 443 rows
  -> Tabel lokal di-truncate
  -> SUKSES: 443 rows berhasil di-clone
Memproses tabel: barangkeluar_harian_detail
  -> Jumlah data sumber: 10822 rows
  -> Tabel lokal di-truncate
  -> SUKSES: 10822 rows berhasil di-clone
Memproses tabel: barangkeluar_harian_detail_2022_2023
  -> Jumlah data sumber: 2609 rows
  -> Tabel lokal di-truncate
  -> SUKSES: 2609 rows berhasil di-clone
Memproses tabel: barangkeluarharian
  -> Jumlah data sumber: 1624 rows
  -> Tabel lokal di-truncate
  -> SUKSES: 1624 rows berhasil di-clone
Memproses tabel: barangkeluarharian_2022_2023.
  -> SKIP: Nama tabel 'barangkeluarharian_2022_2023.' mengandung karakter bermasalah
Memproses tabel: barangkeluarharian_detail
  -> Jumlah data sumber: 5783 rows
  -> Tabel lokal di-truncate
  -> SUKSES: 5783 rows berhasil di-clone
Memproses tabel: barangkeluarharian_detail_2022_2023
  -> Jumlah data sumber: 4255 rows
  -> Tabel lokal di-truncate
  -> SUKSES: 4255 rows berhasil di-clone
Memproses tabel: biaya_hpp
  -> Jumlah data sumber: 2 rows
  -> Tabel lokal di-truncate
  -> SUKSES: 2 rows berhasil di-clone
Memproses tabel: biaya_hpp_perpo
  -> Jumlah data sumber: 110 rows
  -> Tabel lokal di-truncate
  -> SUKSES: 110 rows berhasil di-clone
Memproses tabel: biaya_hpp_perpodetail
  -> Jumlah data sumber: 253 rows
  -> Tabel lokal di-truncate
  -> SUKSES: 253 rows berhasil di-clone
Memproses tabel: boronganmesin
  -> Jumlah data sumber: 1804 rows
  -> Tabel lokal di-truncate
  -> SUKSES: 1804 rows berhasil di-clone
Memproses tabel: boronganmesin_2022_2023
  -> Jumlah data sumber: 1382 rows
  -> Tabel lokal di-truncate
  -> SUKSES: 1382 rows berhasil di-clone
Memproses tabel: buang_benang_finishing
  -> Jumlah data sumber: 1032 rows
  -> Tabel lokal di-truncate
  -> SUKSES: 1032 rows berhasil di-clone
Memproses tabel: buang_benang_finishing_2022_2023
  -> Jumlah data sumber: 478 rows
  -> Tabel lokal di-truncate
  -> SUKSES: 478 rows berhasil di-clone
Memproses tabel: cache
  -> Jumlah data sumber: 2 rows
  -> Tabel lokal di-truncate
  -> SUKSES: 2 rows berhasil di-clone
Memproses tabel: cache_locks
  -> Jumlah data sumber: 0 rows
  -> Tabel lokal di-truncate
  -> Tidak ada data untuk di-clone
Memproses tabel: claim_potongan_sablon_detail
  -> Jumlah data sumber: 1 rows
  -> Tabel lokal di-truncate
  -> SUKSES: 1 rows berhasil di-clone
Memproses tabel: claim_sablon
  -> Jumlah data sumber: 3 rows
  -> Tabel lokal di-truncate
  -> SUKSES: 3 rows berhasil di-clone
Memproses tabel: claim_timpotong
  -> Jumlah data sumber: 29 rows
  -> Tabel lokal di-truncate
  -> SUKSES: 29 rows berhasil di-clone
Memproses tabel: croscek_admin
  -> Jumlah data sumber: 2 rows
  -> Tabel lokal di-truncate
  -> SUKSES: 2 rows berhasil di-clone
Memproses tabel: cucian
  -> Jumlah data sumber: 949 rows
  -> Tabel lokal di-truncate
  -> SUKSES: 949 rows berhasil di-clone
Memproses tabel: cucian_2022_2023
  -> Jumlah data sumber: 606 rows
  -> Tabel lokal di-truncate
  -> SUKSES: 606 rows berhasil di-clone
Memproses tabel: cucianhpp_history
  -> Jumlah data sumber: 37 rows
  -> Tabel lokal di-truncate
  -> SUKSES: 37 rows berhasil di-clone
Memproses tabel: customer
  -> Jumlah data sumber: 16 rows
  -> Tabel lokal di-truncate
  -> SUKSES: 16 rows berhasil di-clone
Memproses tabel: daftarharga_cmt
  -> Jumlah data sumber: 25 rows
  -> Tabel lokal di-truncate
  -> SUKSES: 25 rows berhasil di-clone
Memproses tabel: distribusi_alat_sukabumi
  -> Jumlah data sumber: 2266 rows
  -> Tabel lokal di-truncate
  -> SUKSES: 2266 rows berhasil di-clone
Memproses tabel: divisi
  -> Jumlah data sumber: 17 rows
  -> Tabel lokal di-truncate
  -> SUKSES: 17 rows berhasil di-clone
Memproses tabel: ekspedisi
  -> Jumlah data sumber: 12 rows
  -> Tabel lokal di-truncate
  -> SUKSES: 12 rows berhasil di-clone
Memproses tabel: failed_jobs
  -> Jumlah data sumber: 0 rows
  -> Tabel lokal di-truncate
  -> Tidak ada data untuk di-clone
Memproses tabel: file_lap_tahunan
  -> Jumlah data sumber: 0 rows
  -> Tabel lokal di-truncate
  -> Tidak ada data untuk di-clone
Memproses tabel: finishing_kirim_gudang
  -> Jumlah data sumber: 3007 rows
  -> Tabel lokal di-truncate
  -> SUKSES: 3007 rows berhasil di-clone
Memproses tabel: finishing_kirim_gudang_2022_2023
  -> Jumlah data sumber: 2253 rows
  -> Tabel lokal di-truncate
  -> SUKSES: 2253 rows berhasil di-clone
Memproses tabel: finishing_kirim_gudang_faktur
  -> Jumlah data sumber: 2815 rows
  -> Tabel lokal di-truncate
  -> SUKSES: 2815 rows berhasil di-clone
Memproses tabel: finishing_kirim_gudang_faktur_2022_2023
  -> Jumlah data sumber: 1597 rows
  -> Tabel lokal di-truncate
  -> SUKSES: 1597 rows berhasil di-clone
Memproses tabel: finishing_kirim_gudang_rincian
  -> Jumlah data sumber: 11277 rows
  -> Tabel lokal di-truncate
  -> SUKSES: 11277 rows berhasil di-clone
Memproses tabel: finishing_kirim_gudang_rincian_2022_2023
  -> Jumlah data sumber: 8624 rows
  -> Tabel lokal di-truncate
  -> SUKSES: 8624 rows berhasil di-clone
Memproses tabel: finishing_proses_updated
  -> Jumlah data sumber: 330 rows
  -> Tabel lokal di-truncate
  -> SUKSES: 330 rows berhasil di-clone
Memproses tabel: formpengambilanalat
  -> Jumlah data sumber: 1469 rows
  -> Tabel lokal di-truncate
  -> SUKSES: 1469 rows berhasil di-clone
Memproses tabel: formpengambilanalat_detail
  -> Jumlah data sumber: 5741 rows
  -> Tabel lokal di-truncate
  -> SUKSES: 5741 rows berhasil di-clone
Memproses tabel: gagal_login
  -> Jumlah data sumber: 52 rows
  -> Tabel lokal di-truncate
  -> SUKSES: 52 rows berhasil di-clone
Memproses tabel: gaji_bulanan
  -> Jumlah data sumber: 55 rows
  -> Tabel lokal di-truncate
  -> SUKSES: 55 rows berhasil di-clone
Memproses tabel: gaji_finishing
  -> Jumlah data sumber: 397 rows
  -> Tabel lokal di-truncate
  -> SUKSES: 397 rows berhasil di-clone
Memproses tabel: gaji_finishing_detail
  -> Jumlah data sumber: 1363 rows
  -> Tabel lokal di-truncate
  -> SUKSES: 1363 rows berhasil di-clone
Memproses tabel: gaji_operator
  -> Jumlah data sumber: 218 rows
  -> Tabel lokal di-truncate
  -> SUKSES: 218 rows berhasil di-clone
Memproses tabel: gaji_operator_detail
  -> Jumlah data sumber: 1632 rows
  -> Tabel lokal di-truncate
  -> SUKSES: 1632 rows berhasil di-clone
Memproses tabel: gaji_operator_detail_new
  -> Jumlah data sumber: 11302 rows
  -> Tabel lokal di-truncate
  -> SUKSES: 11302 rows berhasil di-clone
Memproses tabel: gaji_operator_new
  -> Jumlah data sumber: 1632 rows
  -> Tabel lokal di-truncate
  -> SUKSES: 1632 rows berhasil di-clone
Memproses tabel: gaji_sablon_borongan
  -> Jumlah data sumber: 3672 rows
  -> Tabel lokal di-truncate
  -> SUKSES: 3672 rows berhasil di-clone
Memproses tabel: gaji_sablon_harian
  -> Jumlah data sumber: 307 rows
  -> Tabel lokal di-truncate
  -> SUKSES: 307 rows berhasil di-clone
Memproses tabel: gaji_sablon_harian_detail
  -> Jumlah data sumber: 307 rows
  -> Tabel lokal di-truncate
  -> SUKSES: 307 rows berhasil di-clone
Memproses tabel: gaji_timpotong
  -> Jumlah data sumber: 254 rows
  -> Tabel lokal di-truncate
  -> SUKSES: 254 rows berhasil di-clone
Memproses tabel: gaji_timpotong_detail
  -> Jumlah data sumber: 10042 rows
  -> Tabel lokal di-truncate
  -> SUKSES: 10042 rows berhasil di-clone
Memproses tabel: gajiborongan
  -> Jumlah data sumber: 5 rows
  -> Tabel lokal di-truncate
  -> SUKSES: 5 rows berhasil di-clone
Memproses tabel: gajisukabumi
  -> Jumlah data sumber: 171 rows
  -> Tabel lokal di-truncate
  -> SUKSES: 171 rows berhasil di-clone
Memproses tabel: gajisukabumi_detail
  -> Jumlah data sumber: 444 rows
  -> Tabel lokal di-truncate
  -> SUKSES: 444 rows berhasil di-clone
Memproses tabel: global_daftarharga
  -> Jumlah data sumber: 5 rows
  -> Tabel lokal di-truncate
  -> SUKSES: 5 rows berhasil di-clone
Memproses tabel: gudang_bahan_keluar
  -> Jumlah data sumber: 20259 rows
  -> Tabel lokal di-truncate
  -> SUKSES: 20259 rows berhasil di-clone
Memproses tabel: gudang_bahan_keluar_2022_2023
  -> Jumlah data sumber: 9994 rows
  -> Tabel lokal di-truncate
  -> SUKSES: 9994 rows berhasil di-clone
Memproses tabel: gudang_item_keluar
  -> Jumlah data sumber: 26963 rows
  -> Tabel lokal di-truncate
  -> SUKSES: 26963 rows berhasil di-clone
Memproses tabel: gudang_item_keluar_2022_2023
  -> Jumlah data sumber: 13561 rows
  -> Tabel lokal di-truncate
  -> SUKSES: 13561 rows berhasil di-clone
Memproses tabel: gudang_item_masuk
  -> Jumlah data sumber: 0 rows
  -> Tabel lokal di-truncate
  -> Tidak ada data untuk di-clone
Memproses tabel: gudang_out_po
  -> Jumlah data sumber: 8818 rows
  -> Tabel lokal di-truncate
  -> SUKSES: 8818 rows berhasil di-clone
Memproses tabel: gudang_out_po_2022_2023
  -> Jumlah data sumber: 3749 rows
  -> Tabel lokal di-truncate
  -> SUKSES: 3749 rows berhasil di-clone
Memproses tabel: gudang_pengajuan_item
  -> Jumlah data sumber: 0 rows
  -> Tabel lokal di-truncate
  -> Tidak ada data untuk di-clone
Memproses tabel: gudang_persediaan_item
  -> Jumlah data sumber: 2543 rows
  -> Tabel lokal di-truncate
  -> SUKSES: 2543 rows berhasil di-clone
Memproses tabel: harga_transport
  -> Jumlah data sumber: 8 rows
  -> Tabel lokal di-truncate
  -> SUKSES: 8 rows berhasil di-clone
Memproses tabel: history_stok_penjualan
  -> Jumlah data sumber: 189 rows
  -> Tabel lokal di-truncate
  -> SUKSES: 189 rows berhasil di-clone
Memproses tabel: insentifsecurity
  -> Jumlah data sumber: 3612 rows
  -> Tabel lokal di-truncate
  -> SUKSES: 3612 rows berhasil di-clone
Memproses tabel: insentifsecurity_detail
  -> Jumlah data sumber: 3600 rows
  -> Tabel lokal di-truncate
  -> SUKSES: 3600 rows berhasil di-clone
Memproses tabel: jabatan
  -> Jumlah data sumber: 54 rows
  -> Tabel lokal di-truncate
  -> SUKSES: 54 rows berhasil di-clone
Memproses tabel: jenis_potongan
  -> Jumlah data sumber: 4 rows
  -> Tabel lokal di-truncate
  -> SUKSES: 4 rows berhasil di-clone
Memproses tabel: job_batches
  -> Jumlah data sumber: 0 rows
  -> Tabel lokal di-truncate
  -> Tidak ada data untuk di-clone
Memproses tabel: jobs
  -> Jumlah data sumber: 0 rows
  -> Tabel lokal di-truncate
  -> Tidak ada data untuk di-clone
Memproses tabel: kalender
  -> Jumlah data sumber: 0 rows
  -> Tabel lokal di-truncate
  -> Tidak ada data untuk di-clone
Memproses tabel: kartustok_product
  -> Jumlah data sumber: 82096 rows
  -> Tabel lokal di-truncate
  -> SUKSES: 82096 rows berhasil di-clone
Memproses tabel: karyawan
  -> Jumlah data sumber: 75 rows
  -> Tabel lokal di-truncate
  -> SUKSES: 75 rows berhasil di-clone
Memproses tabel: karyawan_harian
  -> Jumlah data sumber: 266 rows
  -> Tabel lokal di-truncate
  -> SUKSES: 266 rows berhasil di-clone
Memproses tabel: karyawan_skb
  -> Jumlah data sumber: 5 rows
  -> Tabel lokal di-truncate
  -> SUKSES: 5 rows berhasil di-clone
Memproses tabel: kasbon
  -> Jumlah data sumber: 1457 rows
  -> Tabel lokal di-truncate
  -> SUKSES: 1457 rows berhasil di-clone
Memproses tabel: kasbon_acc
  -> Jumlah data sumber: 7 rows
  -> Tabel lokal di-truncate
  -> SUKSES: 7 rows berhasil di-clone
Memproses tabel: kategori_bahan
  -> Jumlah data sumber: 0 rows
  -> Tabel lokal di-truncate
  -> Tidak ada data untuk di-clone
Memproses tabel: kategori_barang
  -> Jumlah data sumber: 41 rows
  -> Tabel lokal di-truncate
  -> SUKSES: 41 rows berhasil di-clone
Memproses tabel: kelola_mesin_bordir
  -> Jumlah data sumber: 19023 rows
  -> Tabel lokal di-truncate
  -> SUKSES: 19023 rows berhasil di-clone
Memproses tabel: kelola_mesin_bordir_2022_2023
  -> Jumlah data sumber: 9908 rows
  -> Tabel lokal di-truncate
  -> SUKSES: 9908 rows berhasil di-clone
Memproses tabel: kelola_po_nota_kirim_cmt
  -> Jumlah data sumber: 0 rows
  -> Tabel lokal di-truncate
  -> Tidak ada data untuk di-clone
Memproses tabel: kelolapo_buang_benang
  -> Jumlah data sumber: 55224 rows
  -> Tabel lokal di-truncate
  -> SUKSES: 55224 rows berhasil di-clone
Memproses tabel: kelolapo_buang_benang_2022_2023
  -> Jumlah data sumber: 35143 rows
  -> Tabel lokal di-truncate
  -> SUKSES: 35143 rows berhasil di-clone
Memproses tabel: kelolapo_kirim_setor
  -> Jumlah data sumber: 18346 rows
  -> Tabel lokal di-truncate
  -> SUKSES: 18346 rows berhasil di-clone
Memproses tabel: kelolapo_kirim_setor_2022_2023
  -> Jumlah data sumber: 8493 rows
  -> Tabel lokal di-truncate
  -> SUKSES: 8493 rows berhasil di-clone
Memproses tabel: kelolapo_kirim_setor_atas
  -> Jumlah data sumber: 0 rows
  -> Tabel lokal di-truncate
  -> Tidak ada data untuk di-clone
Memproses tabel: kelolapo_kirim_setor_bawah
  -> Jumlah data sumber: 0 rows
  -> Tabel lokal di-truncate
  -> Tidak ada data untuk di-clone
Memproses tabel: kelolapo_kirim_setor_celana
  -> Jumlah data sumber: 0 rows
  -> Tabel lokal di-truncate
  -> Tidak ada data untuk di-clone
Memproses tabel: kelolapo_pengecekan_potongan
  -> Jumlah data sumber: 0 rows
  -> Tabel lokal di-truncate
  -> Tidak ada data untuk di-clone
Memproses tabel: kelolapo_pengecekan_potongan_atas
  -> Jumlah data sumber: 0 rows
  -> Tabel lokal di-truncate
  -> Tidak ada data untuk di-clone
Memproses tabel: kelolapo_pengecekan_potongan_bawah
  -> Jumlah data sumber: 0 rows
  -> Tabel lokal di-truncate
  -> Tidak ada data untuk di-clone
Memproses tabel: kelolapo_rincian_setor_cmt
  -> Jumlah data sumber: 2840 rows
  -> Tabel lokal di-truncate
  -> SUKSES: 2840 rows berhasil di-clone
Memproses tabel: kelolapo_rincian_setor_cmt_2022_2023
  -> Jumlah data sumber: 1496 rows
  -> Tabel lokal di-truncate
  -> SUKSES: 1496 rows berhasil di-clone
Memproses tabel: kelolapo_rincian_setor_cmt_celana
  -> Jumlah data sumber: 869 rows
  -> Tabel lokal di-truncate
  -> SUKSES: 869 rows berhasil di-clone
Memproses tabel: kelolapo_rincian_setor_cmt_finish
  -> Jumlah data sumber: 10137 rows
  -> Tabel lokal di-truncate
  -> SUKSES: 10137 rows berhasil di-clone
Memproses tabel: kelolapo_rincian_setor_cmt_finish_2022_2023
  -> Jumlah data sumber: 4804 rows
  -> Tabel lokal di-truncate
  -> SUKSES: 4804 rows berhasil di-clone
Memproses tabel: kelolapo_rincian_setor_cmt_finish_celana
  -> Jumlah data sumber: 3339 rows
  -> Tabel lokal di-truncate
  -> SUKSES: 3339 rows berhasil di-clone
Memproses tabel: keterangan_alokasipo
  -> Jumlah data sumber: 6 rows
  -> Tabel lokal di-truncate
  -> SUKSES: 6 rows berhasil di-clone
Memproses tabel: kirimbupot
  -> Jumlah data sumber: 76 rows
  -> Tabel lokal di-truncate
  -> SUKSES: 76 rows berhasil di-clone
Memproses tabel: kirimbupot_detail
  -> Jumlah data sumber: 765 rows
  -> Tabel lokal di-truncate
  -> SUKSES: 765 rows berhasil di-clone
Memproses tabel: kirimcmt
  -> Jumlah data sumber: 1158 rows
  -> Tabel lokal di-truncate
  -> SUKSES: 1158 rows berhasil di-clone
Memproses tabel: kirimcmt_2022_2023
  -> Jumlah data sumber: 547 rows
  -> Tabel lokal di-truncate
  -> SUKSES: 547 rows berhasil di-clone
Memproses tabel: kirimcmt_celana
  -> Jumlah data sumber: 161 rows
  -> Tabel lokal di-truncate
  -> SUKSES: 161 rows berhasil di-clone
Memproses tabel: kirimcmt_celana_detail
  -> Jumlah data sumber: 621 rows
  -> Tabel lokal di-truncate
  -> SUKSES: 621 rows berhasil di-clone
Memproses tabel: kirimcmt_detail
  -> Jumlah data sumber: 4425 rows
  -> Tabel lokal di-truncate
  -> SUKSES: 4425 rows berhasil di-clone
Memproses tabel: kirimcmt_detail_2022_2023
  -> Jumlah data sumber: 1758 rows
  -> Tabel lokal di-truncate
  -> SUKSES: 1758 rows berhasil di-clone
Memproses tabel: kirimcmt_detailatas
  -> Jumlah data sumber: 0 rows
  -> Tabel lokal di-truncate
  -> Tidak ada data untuk di-clone
Memproses tabel: kirimcmt_detailbawah
  -> Jumlah data sumber: 0 rows
  -> Tabel lokal di-truncate
  -> Tidak ada data untuk di-clone
Memproses tabel: kirimcmt_po
  -> Jumlah data sumber: 0 rows
  -> Tabel lokal di-truncate
  -> Tidak ada data untuk di-clone
Memproses tabel: kirimcmtbordir
  -> Jumlah data sumber: 0 rows
  -> Tabel lokal di-truncate
  -> Tidak ada data untuk di-clone
Memproses tabel: kirimcmtbordir_detail
  -> Jumlah data sumber: 0 rows
  -> Tabel lokal di-truncate
  -> Tidak ada data untuk di-clone
Memproses tabel: kirimcmtsablon
  -> Jumlah data sumber: 600 rows
  -> Tabel lokal di-truncate
  -> SUKSES: 600 rows berhasil di-clone
Memproses tabel: kirimcmtsablon_2022_2023
  -> Jumlah data sumber: 404 rows
  -> Tabel lokal di-truncate
  -> SUKSES: 404 rows berhasil di-clone
Memproses tabel: kirimcmtsablon_detail
  -> Jumlah data sumber: 2606 rows
  -> Tabel lokal di-truncate
  -> SUKSES: 2606 rows berhasil di-clone
Memproses tabel: kirimcmtsablon_detail_2022_2023
  -> Jumlah data sumber: 1063 rows
  -> Tabel lokal di-truncate
  -> SUKSES: 1063 rows berhasil di-clone
Memproses tabel: kirimgudang_bulanan
  -> Jumlah data sumber: 0 rows
  -> Tabel lokal di-truncate
  -> Tidak ada data untuk di-clone
Memproses tabel: kirimsetor_bulanan
  -> Jumlah data sumber: 0 rows
  -> Tabel lokal di-truncate
  -> Tidak ada data untuk di-clone
Memproses tabel: klo_bulanan
  -> Jumlah data sumber: 0 rows
  -> Tabel lokal di-truncate
  -> Tidak ada data untuk di-clone
Memproses tabel: konveksi_buku_potongan
  -> Jumlah data sumber: 2940 rows
  -> Tabel lokal di-truncate
  -> SUKSES: 2940 rows berhasil di-clone
Memproses tabel: konveksi_buku_potongan_2022_2023
  -> Jumlah data sumber: 1647 rows
  -> Tabel lokal di-truncate
  -> SUKSES: 1647 rows berhasil di-clone
Memproses tabel: konveksi_buku_potongan_utama
  -> Jumlah data sumber: 10685 rows
  -> Tabel lokal di-truncate
  -> SUKSES: 10685 rows berhasil di-clone
Memproses tabel: konveksi_buku_potongan_utama_2022_2023
  -> Jumlah data sumber: 6072 rows
  -> Tabel lokal di-truncate
  -> SUKSES: 6072 rows berhasil di-clone
Memproses tabel: konveksi_buku_potongan_variasi
  -> Jumlah data sumber: 6064 rows
  -> Tabel lokal di-truncate
  -> SUKSES: 6064 rows berhasil di-clone
Memproses tabel: konveksi_buku_potongan_variasi_2022_2023
  -> Jumlah data sumber: 2276 rows
  -> Tabel lokal di-truncate
  -> SUKSES: 2276 rows berhasil di-clone
Memproses tabel: laba_produksi
  -> Jumlah data sumber: 0 rows
  -> Tabel lokal di-truncate
  -> Tidak ada data untuk di-clone
Memproses tabel: lampiran_alat
  -> Jumlah data sumber: 0 rows
  -> Tabel lokal di-truncate
  -> Tidak ada data untuk di-clone
Memproses tabel: laporanexpedisi
  -> Jumlah data sumber: 0 rows
  -> Tabel lokal di-truncate
  -> Tidak ada data untuk di-clone
Memproses tabel: lembur_harian
  -> Jumlah data sumber: 54 rows
  -> Tabel lokal di-truncate
  -> SUKSES: 54 rows berhasil di-clone
Memproses tabel: log_user
  -> Jumlah data sumber: 9219 rows
  -> Tabel lokal di-truncate
  -> SUKSES: 9219 rows berhasil di-clone
Memproses tabel: lokasi_cmt
  -> Jumlah data sumber: 6 rows
  -> Tabel lokal di-truncate
  -> SUKSES: 6 rows berhasil di-clone
Memproses tabel: marketplace
  -> Jumlah data sumber: 4 rows
  -> Tabel lokal di-truncate
  -> SUKSES: 4 rows berhasil di-clone
Memproses tabel: master_cmt
  -> Jumlah data sumber: 104 rows
  -> Tabel lokal di-truncate
  -> SUKSES: 104 rows berhasil di-clone
Memproses tabel: master_cmt_job
  -> Jumlah data sumber: 261 rows
  -> Tabel lokal di-truncate
  -> SUKSES: 261 rows berhasil di-clone
Memproses tabel: master_gudang
  -> Jumlah data sumber: 2 rows
  -> Tabel lokal di-truncate
  -> SUKSES: 2 rows berhasil di-clone
Memproses tabel: master_harga_gaji
  -> Jumlah data sumber: 30 rows
  -> Tabel lokal di-truncate
  -> SUKSES: 30 rows berhasil di-clone
Memproses tabel: master_harga_potongan
  -> Jumlah data sumber: 86 rows
  -> Tabel lokal di-truncate
  -> SUKSES: 86 rows berhasil di-clone
Memproses tabel: master_jenis_kaos
  -> Jumlah data sumber: 39 rows
  -> Tabel lokal di-truncate
  -> SUKSES: 39 rows berhasil di-clone
Memproses tabel: master_jenis_po
  -> Jumlah data sumber: 103 rows
  -> Tabel lokal di-truncate
  -> SUKSES: 103 rows berhasil di-clone
Memproses tabel: master_job
  -> Jumlah data sumber: 172 rows
  -> Tabel lokal di-truncate
  -> SUKSES: 172 rows berhasil di-clone
Memproses tabel: master_karyawan_benang
  -> Jumlah data sumber: 62 rows
  -> Tabel lokal di-truncate
  -> SUKSES: 62 rows berhasil di-clone
Memproses tabel: master_karyawan_bordir
  -> Jumlah data sumber: 144 rows
  -> Tabel lokal di-truncate
  -> SUKSES: 144 rows berhasil di-clone
Memproses tabel: master_karyawan_finishing_gudang
  -> Jumlah data sumber: 7 rows
  -> Tabel lokal di-truncate
  -> SUKSES: 7 rows berhasil di-clone
Memproses tabel: master_karyawan_pengecekan
  -> Jumlah data sumber: 9 rows
  -> Tabel lokal di-truncate
  -> SUKSES: 9 rows berhasil di-clone
Memproses tabel: master_menu
  -> Jumlah data sumber: 42 rows
  -> Tabel lokal di-truncate
  -> SUKSES: 42 rows berhasil di-clone
Memproses tabel: master_mesin
  -> Jumlah data sumber: 17 rows
  -> Tabel lokal di-truncate
  -> SUKSES: 17 rows berhasil di-clone
Memproses tabel: master_nama_po
  -> Jumlah data sumber: 0 rows
  -> Tabel lokal di-truncate
  -> Tidak ada data untuk di-clone
Memproses tabel: master_po_luar
  -> Jumlah data sumber: 1794 rows
  -> Tabel lokal di-truncate
  -> SUKSES: 1794 rows berhasil di-clone
Memproses tabel: master_po_luar_2223
  -> Jumlah data sumber: 1450 rows
  -> Tabel lokal di-truncate
  -> SUKSES: 1450 rows berhasil di-clone
Memproses tabel: master_po_online
  -> Jumlah data sumber: 76 rows
  -> Tabel lokal di-truncate
  -> SUKSES: 76 rows berhasil di-clone
Memproses tabel: master_po_online_detail
  -> Jumlah data sumber: 1114 rows
  -> Tabel lokal di-truncate
  -> SUKSES: 1114 rows berhasil di-clone
Memproses tabel: master_po_online_serian
  -> Jumlah data sumber: 18 rows
  -> Tabel lokal di-truncate
  -> SUKSES: 18 rows berhasil di-clone
Memproses tabel: master_progress
  -> Jumlah data sumber: 4 rows
  -> Tabel lokal di-truncate
  -> SUKSES: 4 rows berhasil di-clone
Memproses tabel: master_satuan_barang
  -> Jumlah data sumber: 23 rows
  -> Tabel lokal di-truncate
  -> SUKSES: 23 rows berhasil di-clone
Memproses tabel: master_size
  -> Jumlah data sumber: 22 rows
  -> Tabel lokal di-truncate
  -> SUKSES: 22 rows berhasil di-clone
Memproses tabel: master_supplier
  -> Jumlah data sumber: 110 rows
  -> Tabel lokal di-truncate
  -> SUKSES: 110 rows berhasil di-clone
Memproses tabel: masterdata_hargapo
  -> Jumlah data sumber: 22 rows
  -> Tabel lokal di-truncate
  -> SUKSES: 22 rows berhasil di-clone
Memproses tabel: masterharga_bahan
  -> Jumlah data sumber: 0 rows
  -> Tabel lokal di-truncate
  -> Tidak ada data untuk di-clone
Memproses tabel: mastersize_potongan
  -> Jumlah data sumber: 16 rows
  -> Tabel lokal di-truncate
  -> SUKSES: 16 rows berhasil di-clone
Memproses tabel: menu
  -> Jumlah data sumber: 460 rows
  -> Tabel lokal di-truncate
  -> SUKSES: 460 rows berhasil di-clone
Memproses tabel: mesin_bordir
  -> Jumlah data sumber: 22 rows
  -> Tabel lokal di-truncate
  -> SUKSES: 22 rows berhasil di-clone
Memproses tabel: migrations
  -> Jumlah data sumber: 4 rows
  -> Tabel lokal di-truncate
  -> SUKSES: 4 rows berhasil di-clone
Memproses tabel: model_po
  -> Jumlah data sumber: 20 rows
  -> Tabel lokal di-truncate
  -> SUKSES: 20 rows berhasil di-clone
Memproses tabel: notifikasi
  -> Jumlah data sumber: 3500 rows
  -> Tabel lokal di-truncate
  -> SUKSES: 3500 rows berhasil di-clone
Memproses tabel: operational
  -> Jumlah data sumber: 1 rows
  -> Tabel lokal di-truncate
  -> SUKSES: 1 rows berhasil di-clone
Memproses tabel: packing
  -> Jumlah data sumber: 488 rows
  -> Tabel lokal di-truncate
  -> SUKSES: 488 rows berhasil di-clone
Memproses tabel: packing_2022_2023
  -> Jumlah data sumber: 494 rows
  -> Tabel lokal di-truncate
  -> SUKSES: 494 rows berhasil di-clone
Memproses tabel: packing_po
  -> Jumlah data sumber: 11 rows
  -> Tabel lokal di-truncate
  -> SUKSES: 11 rows berhasil di-clone
Memproses tabel: password_reset_tokens
  -> Jumlah data sumber: 0 rows
  -> Tabel lokal di-truncate
  -> Tidak ada data untuk di-clone
Memproses tabel: pelunasan_pembayaran_skb
  -> Jumlah data sumber: 37 rows
  -> Tabel lokal di-truncate
  -> SUKSES: 37 rows berhasil di-clone
Memproses tabel: pembayaran_cmt
  -> Jumlah data sumber: 1989 rows
  -> Tabel lokal di-truncate
  -> SUKSES: 1989 rows berhasil di-clone
Memproses tabel: pembayaran_cmt_2022_2023
  -> Jumlah data sumber: 682 rows
  -> Tabel lokal di-truncate
  -> SUKSES: 682 rows berhasil di-clone
Memproses tabel: pembayaran_cmt_detail
  -> Jumlah data sumber: 6931 rows
  -> Tabel lokal di-truncate
  -> SUKSES: 6931 rows berhasil di-clone
Memproses tabel: pembayaran_cmt_tambahan_lainnya
  -> Jumlah data sumber: 0 rows
  -> Tabel lokal di-truncate
  -> Tidak ada data untuk di-clone
Memproses tabel: pembayaran_sablon
  -> Jumlah data sumber: 0 rows
  -> Tabel lokal di-truncate
  -> Tidak ada data untuk di-clone
Memproses tabel: pembayaran_skb
  -> Jumlah data sumber: 154 rows
  -> Tabel lokal di-truncate
  -> SUKSES: 154 rows berhasil di-clone
Memproses tabel: pembayaran_skb_2022_2023
  -> Jumlah data sumber: 47 rows
  -> Tabel lokal di-truncate
  -> SUKSES: 47 rows berhasil di-clone
Memproses tabel: pembayaran_skb_alat
  -> Jumlah data sumber: 260 rows
  -> Tabel lokal di-truncate
  -> SUKSES: 260 rows berhasil di-clone
Memproses tabel: pembayaran_skb_pmb
  -> Jumlah data sumber: 154 rows
  -> Tabel lokal di-truncate
  -> SUKSES: 154 rows berhasil di-clone
Memproses tabel: pembayaran_skb_po
  -> Jumlah data sumber: 154 rows
  -> Tabel lokal di-truncate
  -> SUKSES: 154 rows berhasil di-clone
Memproses tabel: pembayaran_skb_setor
  -> Jumlah data sumber: 287 rows
  -> Tabel lokal di-truncate
  -> SUKSES: 287 rows berhasil di-clone
Memproses tabel: pemilik_poluar
  -> Jumlah data sumber: 10 rows
  -> Tabel lokal di-truncate
  -> SUKSES: 10 rows berhasil di-clone
Memproses tabel: pendapatan_transport
  -> Jumlah data sumber: 223 rows
  -> Tabel lokal di-truncate
  -> SUKSES: 223 rows berhasil di-clone
Memproses tabel: penerimaan_item
  -> Jumlah data sumber: 5243 rows
  -> Tabel lokal di-truncate
  -> SUKSES: 5243 rows berhasil di-clone
Memproses tabel: penerimaan_item_detail
  -> Jumlah data sumber: 13933 rows
  -> Tabel lokal di-truncate
  -> SUKSES: 13933 rows berhasil di-clone
Memproses tabel: pengajuan_barang
  -> Jumlah data sumber: 0 rows
  -> Tabel lokal di-truncate
  -> Tidak ada data untuk di-clone
Memproses tabel: pengajuan_harian_new
  -> Jumlah data sumber: 3991 rows
  -> Tabel lokal di-truncate
  -> SUKSES: 3991 rows berhasil di-clone
Memproses tabel: pengajuan_harian_new_detail
  -> Jumlah data sumber: 23537 rows
  -> Tabel lokal di-truncate
  -> SUKSES: 23537 rows berhasil di-clone
Memproses tabel: pengalihanpo
  -> Jumlah data sumber: 81 rows
  -> Tabel lokal di-truncate
  -> SUKSES: 81 rows berhasil di-clone
Memproses tabel: pengalihanpo_2022_2023
  -> Jumlah data sumber: 44 rows
  -> Tabel lokal di-truncate
  -> SUKSES: 44 rows berhasil di-clone
Memproses tabel: pengalokasian
  -> Jumlah data sumber: 21 rows
  -> Tabel lokal di-truncate
  -> SUKSES: 21 rows berhasil di-clone
Memproses tabel: pengeluaran_bordir
  -> Jumlah data sumber: 64 rows
  -> Tabel lokal di-truncate
  -> SUKSES: 64 rows berhasil di-clone
Memproses tabel: pengeluaran_bordir_detail
  -> Jumlah data sumber: 305 rows
  -> Tabel lokal di-truncate
  -> SUKSES: 305 rows berhasil di-clone
Memproses tabel: pengeluaran_sablon
  -> Jumlah data sumber: 164 rows
  -> Tabel lokal di-truncate
  -> SUKSES: 164 rows berhasil di-clone
Memproses tabel: pengembalian_bangke
  -> Jumlah data sumber: 397 rows
  -> Tabel lokal di-truncate
  -> SUKSES: 397 rows berhasil di-clone
Memproses tabel: pengembalian_bangke_2022_2023
  -> Jumlah data sumber: 160 rows
  -> Tabel lokal di-truncate
  -> SUKSES: 160 rows berhasil di-clone
Memproses tabel: penjualan_online
  -> Jumlah data sumber: 64 rows
  -> Tabel lokal di-truncate
  -> SUKSES: 64 rows berhasil di-clone
Memproses tabel: penjualan_online_product
  -> Jumlah data sumber: 157 rows
  -> Tabel lokal di-truncate
  -> SUKSES: 157 rows berhasil di-clone
Memproses tabel: periodeproduksi
  -> Jumlah data sumber: 1 rows
  -> Tabel lokal di-truncate
  -> SUKSES: 1 rows berhasil di-clone
Memproses tabel: personal_access_tokens
  -> Jumlah data sumber: 495 rows
  -> Tabel lokal di-truncate
  -> SUKSES: 495 rows berhasil di-clone
Memproses tabel: pinjaman_cmt
  -> Jumlah data sumber: 9 rows
  -> Tabel lokal di-truncate
  -> SUKSES: 9 rows berhasil di-clone
Memproses tabel: pinjaman_karyawan
  -> Jumlah data sumber: 60 rows
  -> Tabel lokal di-truncate
  -> SUKSES: 60 rows berhasil di-clone
Memproses tabel: pinjaman_karyawan_detail
  -> Jumlah data sumber: 0 rows
  -> Tabel lokal di-truncate
  -> Tidak ada data untuk di-clone
Memproses tabel: po_online
  -> Jumlah data sumber: 0 rows
  -> Tabel lokal di-truncate
  -> Tidak ada data untuk di-clone
Memproses tabel: po_online_stok
  -> Jumlah data sumber: 0 rows
  -> Tabel lokal di-truncate
  -> Tidak ada data untuk di-clone
Memproses tabel: po_online_tracking
  -> Jumlah data sumber: 0 rows
  -> Tabel lokal di-truncate
  -> Tidak ada data untuk di-clone
Memproses tabel: po_retur
  -> Jumlah data sumber: 119 rows
  -> Tabel lokal di-truncate
  -> SUKSES: 119 rows berhasil di-clone
Memproses tabel: po_retur_detail
  -> Jumlah data sumber: 500 rows
  -> Tabel lokal di-truncate
  -> SUKSES: 500 rows berhasil di-clone
Memproses tabel: podiluaralokasi
  -> Jumlah data sumber: 2 rows
  -> Tabel lokal di-truncate
  -> SUKSES: 2 rows berhasil di-clone
Memproses tabel: podiluaralokasi_detail
  -> Jumlah data sumber: 18 rows
  -> Tabel lokal di-truncate
  -> SUKSES: 18 rows berhasil di-clone
Memproses tabel: pogagalproduksi
  -> Jumlah data sumber: 0 rows
  -> Tabel lokal di-truncate
  -> Tidak ada data untuk di-clone
Memproses tabel: potongan_alat
  -> Jumlah data sumber: 5147 rows
  -> Tabel lokal di-truncate
  -> SUKSES: 5147 rows berhasil di-clone
Memproses tabel: potongan_bangke
  -> Jumlah data sumber: 498 rows
  -> Tabel lokal di-truncate
  -> SUKSES: 498 rows berhasil di-clone
Memproses tabel: potongan_bangke_2022_2023
  -> Jumlah data sumber: 249 rows
  -> Tabel lokal di-truncate
  -> SUKSES: 249 rows berhasil di-clone
Memproses tabel: potongan_bulanan
  -> Jumlah data sumber: 0 rows
  -> Tabel lokal di-truncate
  -> Tidak ada data untuk di-clone
Memproses tabel: potongan_mesin
  -> Jumlah data sumber: 76 rows
  -> Tabel lokal di-truncate
  -> SUKSES: 76 rows berhasil di-clone
Memproses tabel: potongan_operator
  -> Jumlah data sumber: 7 rows
  -> Tabel lokal di-truncate
  -> SUKSES: 7 rows berhasil di-clone
Memproses tabel: potongan_pinjaman_cmt
  -> Jumlah data sumber: 39 rows
  -> Tabel lokal di-truncate
  -> SUKSES: 39 rows berhasil di-clone
Memproses tabel: potongan_pinjaman_karyawan
  -> Jumlah data sumber: 234 rows
  -> Tabel lokal di-truncate
  -> SUKSES: 234 rows berhasil di-clone
Memproses tabel: potongan_vermak
  -> Jumlah data sumber: 682 rows
  -> Tabel lokal di-truncate
  -> SUKSES: 682 rows berhasil di-clone
Memproses tabel: product
  -> Jumlah data sumber: 2533 rows
  -> Tabel lokal di-truncate
  -> SUKSES: 2533 rows berhasil di-clone
Memproses tabel: produksi_po
  -> Jumlah data sumber: 1963 rows
  -> Tabel lokal di-truncate
  -> SUKSES: 1963 rows berhasil di-clone
Memproses tabel: produksi_po_2022_2023_
  -> Jumlah data sumber: 1639 rows
  -> Tabel lokal di-truncate
  -> SUKSES: 1639 rows berhasil di-clone
Memproses tabel: produksi_po_2023_2024
  -> Jumlah data sumber: 988 rows
  -> Tabel lokal di-truncate
  -> SUKSES: 988 rows berhasil di-clone
Memproses tabel: proggresion_po
  -> Jumlah data sumber: 15 rows
  -> Tabel lokal di-truncate
  -> SUKSES: 15 rows berhasil di-clone
Memproses tabel: proses_po
  -> Jumlah data sumber: 472 rows
  -> Tabel lokal di-truncate
  -> SUKSES: 472 rows berhasil di-clone
Memproses tabel: proses_po_2022_2023
  -> Jumlah data sumber: 139 rows
  -> Tabel lokal di-truncate
  -> SUKSES: 139 rows berhasil di-clone
Memproses tabel: rekapbarangsupplier
  -> Jumlah data sumber: 361 rows
  -> Tabel lokal di-truncate
  -> SUKSES: 361 rows berhasil di-clone
Memproses tabel: rekapbarangsupplier_detail
  -> Jumlah data sumber: 1444 rows
  -> Tabel lokal di-truncate
  -> SUKSES: 1444 rows berhasil di-clone
Memproses tabel: rekapinsentif_security
  -> Jumlah data sumber: 49 rows
  -> Tabel lokal di-truncate
  -> SUKSES: 49 rows berhasil di-clone
Memproses tabel: request_harga
  -> Jumlah data sumber: 3 rows
  -> Tabel lokal di-truncate
  -> SUKSES: 3 rows berhasil di-clone
Memproses tabel: rijek
  -> Jumlah data sumber: 112 rows
  -> Tabel lokal di-truncate
  -> SUKSES: 112 rows berhasil di-clone
Memproses tabel: rijek_2022_2023
  -> Jumlah data sumber: 209 rows
  -> Tabel lokal di-truncate
  -> SUKSES: 209 rows berhasil di-clone
Memproses tabel: sablon_sewarumah
  -> Jumlah data sumber: 1 rows
  -> Tabel lokal di-truncate
  -> SUKSES: 1 rows berhasil di-clone
Memproses tabel: sablon_sewarumah_detail
  -> Jumlah data sumber: 0 rows
  -> Tabel lokal di-truncate
  -> Tidak ada data untuk di-clone
Memproses tabel: sablonbawahan
  -> Jumlah data sumber: 0 rows
  -> Tabel lokal di-truncate
  -> Tidak ada data untuk di-clone
Memproses tabel: sessions
  -> Jumlah data sumber: 86 rows
  -> Tabel lokal di-truncate
  -> SUKSES: 86 rows berhasil di-clone
Memproses tabel: set_tgl_laporan
  -> Jumlah data sumber: 0 rows
  -> Tabel lokal di-truncate
  -> Tidak ada data untuk di-clone
Memproses tabel: set_tgl_laporan_tgl
  -> Jumlah data sumber: 0 rows
  -> Tabel lokal di-truncate
  -> Tidak ada data untuk di-clone
Memproses tabel: setorcmt
  -> Jumlah data sumber: 2036 rows
  -> Tabel lokal di-truncate
  -> SUKSES: 2036 rows berhasil di-clone
Memproses tabel: setorcmt_2022_2023
  -> Jumlah data sumber: 1067 rows
  -> Tabel lokal di-truncate
  -> SUKSES: 1067 rows berhasil di-clone
Memproses tabel: setorcmt_detail
  -> Jumlah data sumber: 3544 rows
  -> Tabel lokal di-truncate
  -> SUKSES: 3544 rows berhasil di-clone
Memproses tabel: setorcmt_detail_2022_2023
  -> Jumlah data sumber: 1605 rows
  -> Tabel lokal di-truncate
  -> SUKSES: 1605 rows berhasil di-clone
Memproses tabel: setorcmt_sablon
  -> Jumlah data sumber: 0 rows
  -> Tabel lokal di-truncate
  -> Tidak ada data untuk di-clone
Memproses tabel: setorcmt_sablon_detail
  -> Jumlah data sumber: 2230 rows
  -> Tabel lokal di-truncate
  -> SUKSES: 2230 rows berhasil di-clone
Memproses tabel: setorcmt_sablon_detail_2022_2023
  -> Jumlah data sumber: 1043 rows
  -> Tabel lokal di-truncate
  -> SUKSES: 1043 rows berhasil di-clone
Memproses tabel: settings
  -> Jumlah data sumber: 0 rows
  -> Tabel lokal di-truncate
  -> Tidak ada data untuk di-clone
Memproses tabel: size_po_online
  -> Jumlah data sumber: 13 rows
  -> Tabel lokal di-truncate
  -> SUKSES: 13 rows berhasil di-clone
Memproses tabel: size_po_produksi
  -> Jumlah data sumber: 0 rows
  -> Tabel lokal di-truncate
  -> Tidak ada data untuk di-clone
Memproses tabel: sj_bordir_luar
  -> Jumlah data sumber: 1101 rows
  -> Tabel lokal di-truncate
  -> SUKSES: 1101 rows berhasil di-clone
Memproses tabel: sj_bordir_luar_detail
  -> Jumlah data sumber: 3450 rows
  -> Tabel lokal di-truncate
  -> SUKSES: 3450 rows berhasil di-clone
Memproses tabel: sj_po_retur
  -> Jumlah data sumber: 0 rows
  -> Tabel lokal di-truncate
  -> Tidak ada data untuk di-clone
Memproses tabel: sj_po_retur_detail
  -> Jumlah data sumber: 0 rows
  -> Tabel lokal di-truncate
  -> Tidak ada data untuk di-clone
Memproses tabel: sj_tagihanbordir
  -> Jumlah data sumber: 2364 rows
  -> Tabel lokal di-truncate
  -> SUKSES: 2364 rows berhasil di-clone
Memproses tabel: sj_tagihanbordir_detail
  -> Jumlah data sumber: 6165 rows
  -> Tabel lokal di-truncate
  -> SUKSES: 6165 rows berhasil di-clone
Memproses tabel: spesifikasi_gambar
  -> Jumlah data sumber: 0 rows
  -> Tabel lokal di-truncate
  -> Tidak ada data untuk di-clone
Memproses tabel: spesifikasi_gambar_po
  -> Jumlah data sumber: 8738 rows
  -> Tabel lokal di-truncate
  -> SUKSES: 8738 rows berhasil di-clone
Memproses tabel: spesifikasi_gambar_po_2022_2023
  -> Jumlah data sumber: 2817 rows
  -> Tabel lokal di-truncate
  -> SUKSES: 2817 rows berhasil di-clone
Memproses tabel: status_pull
  -> Jumlah data sumber: 0 rows
  -> Tabel lokal di-truncate
  -> Tidak ada data untuk di-clone
Memproses tabel: stok_barang_skb
  -> Jumlah data sumber: 173 rows
  -> Tabel lokal di-truncate
  -> SUKSES: 173 rows berhasil di-clone
Memproses tabel: stok_barang_skb_history
  -> Jumlah data sumber: 0 rows
  -> Tabel lokal di-truncate
  -> Tidak ada data untuk di-clone
Memproses tabel: supplier_giro
  -> Jumlah data sumber: 1 rows
  -> Tabel lokal di-truncate
  -> SUKSES: 1 rows berhasil di-clone
Memproses tabel: supplier_giro_pembayaran
  -> Jumlah data sumber: 0 rows
  -> Tabel lokal di-truncate
  -> Tidak ada data untuk di-clone
Memproses tabel: tagihan_poluar
  -> Jumlah data sumber: 409 rows
  -> Tabel lokal di-truncate
  -> SUKSES: 409 rows berhasil di-clone
Memproses tabel: target_mesin
  -> Jumlah data sumber: 52 rows
  -> Tabel lokal di-truncate
  -> SUKSES: 52 rows berhasil di-clone
Memproses tabel: testcron
  -> Jumlah data sumber: 0 rows
  -> Tabel lokal di-truncate
  -> Tidak ada data untuk di-clone
Memproses tabel: timpotong
  -> Jumlah data sumber: 19 rows
  -> Tabel lokal di-truncate
  -> SUKSES: 19 rows berhasil di-clone
Memproses tabel: transferan
  -> Jumlah data sumber: 6385 rows
  -> Tabel lokal di-truncate
  -> SUKSES: 6385 rows berhasil di-clone
Memproses tabel: transport_driver
  -> Jumlah data sumber: 162 rows
  -> Tabel lokal di-truncate
  -> SUKSES: 162 rows berhasil di-clone
Memproses tabel: um_security
  -> Jumlah data sumber: 138 rows
  -> Tabel lokal di-truncate
  -> SUKSES: 138 rows berhasil di-clone
Memproses tabel: um_security_detail
  -> Jumlah data sumber: 683 rows
  -> Tabel lokal di-truncate
  -> SUKSES: 683 rows berhasil di-clone
Memproses tabel: user
  -> Jumlah data sumber: 17 rows
  -> Tabel lokal di-truncate
  -> SUKSES: 17 rows berhasil di-clone
Memproses tabel: user_activity
  -> Jumlah data sumber: 36315 rows
  -> Tabel lokal di-truncate
  -> SUKSES: 36315 rows berhasil di-clone
Memproses tabel: user_request
  -> Jumlah data sumber: 1754 rows
  -> Tabel lokal di-truncate
  -> SUKSES: 1754 rows berhasil di-clone
Memproses tabel: usermenu
  -> Jumlah data sumber: 4649 rows
  -> Tabel lokal di-truncate
  -> SUKSES: 4649 rows berhasil di-clone
Memproses tabel: users
  -> Jumlah data sumber: 2 rows
  -> Tabel lokal di-truncate
  -> SUKSES: 2 rows berhasil di-clone
-----------------------------------
=== CLONE DATABASE SELESAI ===
Tabel sukses : 316
Tabel skip   : 2
Tabel error  : 0
Total rows   : 719614
Waktu selesai: 2026-02-23 08:26:01
PHP Warning:  Undefined array key "HTTP_HOST" in /var/www/fb2/application/config/constants.php on line 78

Warning: Undefined array key "HTTP_HOST" in /var/www/fb2/application/config/constants.php on line 78
=== MULAI CLONE DATABASE ===
Sumber: forboysproduction.com / forboysp_2425
Tujuan: localhost / forboysp_2425
Waktu mulai: 2026-02-23 12:00:01
-----------------------------------
Total tabel ditemukan: 318
-----------------------------------
Memproses tabel: absensi
  -> Jumlah data sumber: 0 rows
  -> Tabel lokal di-truncate
  -> Tidak ada data untuk di-clone
Memproses tabel: absensi_bordir
  -> Jumlah data sumber: 0 rows
  -> Tabel lokal di-truncate
  -> Tidak ada data untuk di-clone
Memproses tabel: absensi_bordir_detail
  -> Jumlah data sumber: 0 rows
  -> Tabel lokal di-truncate
  -> Tidak ada data untuk di-clone
Memproses tabel: acc_ajuan_mingguan
  -> Jumlah data sumber: 3 rows
  -> Tabel lokal di-truncate
  -> SUKSES: 3 rows berhasil di-clone
Memproses tabel: adjust_kirimgudang
  -> Jumlah data sumber: 12 rows
  -> Tabel lokal di-truncate
  -> SUKSES: 12 rows berhasil di-clone
Memproses tabel: adjust_kirimgudang_detail
  -> Jumlah data sumber: 0 rows
  -> Tabel lokal di-truncate
  -> Tidak ada data untuk di-clone
Memproses tabel: adjust_kirimsetorcmt
  -> Jumlah data sumber: 10 rows
  -> Tabel lokal di-truncate
  -> SUKSES: 10 rows berhasil di-clone
Memproses tabel: adjust_kirimsetorcmt_detail
  -> Jumlah data sumber: 0 rows
  -> Tabel lokal di-truncate
  -> Tidak ada data untuk di-clone
Memproses tabel: ajuan_benang
  -> Jumlah data sumber: 0 rows
  -> Tabel lokal di-truncate
  -> Tidak ada data untuk di-clone
Memproses tabel: ajuan_benang_detail
  -> Jumlah data sumber: 0 rows
  -> Tabel lokal di-truncate
  -> Tidak ada data untuk di-clone
Memproses tabel: ajuan_kemeja_baru
  -> Jumlah data sumber: 25 rows
  -> Tabel lokal di-truncate
  -> SUKSES: 25 rows berhasil di-clone
Memproses tabel: ajuan_mingguan
  -> Jumlah data sumber: 2312 rows
  -> Tabel lokal di-truncate
  -> SUKSES: 2312 rows berhasil di-clone
Memproses tabel: ajuan_mingguan_detail
  -> Jumlah data sumber: 20801 rows
  -> Tabel lokal di-truncate
  -> SUKSES: 20801 rows berhasil di-clone
Memproses tabel: ajuan_mingguan_detail_kemeja
  -> Jumlah data sumber: 246 rows
  -> Tabel lokal di-truncate
  -> SUKSES: 246 rows berhasil di-clone
Memproses tabel: ajuan_mingguan_kemeja
  -> Jumlah data sumber: 137 rows
  -> Tabel lokal di-truncate
  -> SUKSES: 137 rows berhasil di-clone
Memproses tabel: ajuan_stock_mingguan
  -> Jumlah data sumber: 0 rows
  -> Tabel lokal di-truncate
  -> Tidak ada data untuk di-clone
Memproses tabel: ajuan_transfer
  -> Jumlah data sumber: 130 rows
  -> Tabel lokal di-truncate
  -> SUKSES: 130 rows berhasil di-clone
Memproses tabel: ajuanalatalat
  -> Jumlah data sumber: 3362 rows
  -> Tabel lokal di-truncate
  -> SUKSES: 3362 rows berhasil di-clone
Memproses tabel: ajuanalatalat_detail
  -> Jumlah data sumber: 240 rows
  -> Tabel lokal di-truncate
  -> SUKSES: 240 rows berhasil di-clone
Memproses tabel: aksesdata
  -> Jumlah data sumber: 63 rows
  -> Tabel lokal di-truncate
  -> SUKSES: 63 rows berhasil di-clone
Memproses tabel: alat_sukabumi
  -> Jumlah data sumber: 1225 rows
  -> Tabel lokal di-truncate
  -> SUKSES: 1225 rows berhasil di-clone
Memproses tabel: alert_notif
  -> Jumlah data sumber: 0 rows
  -> Tabel lokal di-truncate
  -> Tidak ada data untuk di-clone
Memproses tabel: alokasi
  -> Jumlah data sumber: 0 rows
  -> Tabel lokal di-truncate
  -> Tidak ada data untuk di-clone
Memproses tabel: alokasi_item
  -> Jumlah data sumber: 0 rows
  -> Tabel lokal di-truncate
  -> Tidak ada data untuk di-clone
Memproses tabel: alokasi_mingguan
  -> Jumlah data sumber: 1 rows
  -> Tabel lokal di-truncate
  -> SUKSES: 1 rows berhasil di-clone
Memproses tabel: alokasi_mingguan_detail
  -> Jumlah data sumber: 2 rows
  -> Tabel lokal di-truncate
  -> SUKSES: 2 rows berhasil di-clone
Memproses tabel: alokasi_po
  -> Jumlah data sumber: 63 rows
  -> Tabel lokal di-truncate
  -> SUKSES: 63 rows berhasil di-clone
Memproses tabel: alokasi_po_2022_2023
  -> Jumlah data sumber: 8 rows
  -> Tabel lokal di-truncate
  -> SUKSES: 8 rows berhasil di-clone
Memproses tabel: alokasi_po_detail
  -> Jumlah data sumber: 402 rows
  -> Tabel lokal di-truncate
  -> SUKSES: 402 rows berhasil di-clone
Memproses tabel: alokasi_po_detail_2022_2023.
  -> SKIP: Nama tabel 'alokasi_po_detail_2022_2023.' mengandung karakter bermasalah
Memproses tabel: alokasi_transferan
  -> Jumlah data sumber: 5974 rows
  -> Tabel lokal di-truncate
  -> SUKSES: 5974 rows berhasil di-clone
Memproses tabel: anggaran_operasional_sukabumi
  -> Jumlah data sumber: 170 rows
  -> Tabel lokal di-truncate
  -> SUKSES: 170 rows berhasil di-clone
Memproses tabel: anggaran_operasional_sukabumi_detail
  -> Jumlah data sumber: 305 rows
  -> Tabel lokal di-truncate
  -> SUKSES: 305 rows berhasil di-clone
Memproses tabel: aruskas
  -> Jumlah data sumber: 3034 rows
  -> Tabel lokal di-truncate
  -> SUKSES: 3034 rows berhasil di-clone
Memproses tabel: bagian
  -> Jumlah data sumber: 27 rows
  -> Tabel lokal di-truncate
  -> SUKSES: 27 rows berhasil di-clone
Memproses tabel: bagian_pengambilan
  -> Jumlah data sumber: 14 rows
  -> Tabel lokal di-truncate
  -> SUKSES: 14 rows berhasil di-clone
Memproses tabel: bagian_user
  -> Jumlah data sumber: 2 rows
  -> Tabel lokal di-truncate
  -> SUKSES: 2 rows berhasil di-clone
Memproses tabel: bank
  -> Jumlah data sumber: 1 rows
  -> Tabel lokal di-truncate
  -> SUKSES: 1 rows berhasil di-clone
Memproses tabel: barangkeluar_harian
  -> Jumlah data sumber: 2557 rows
  -> Tabel lokal di-truncate
  -> SUKSES: 2557 rows berhasil di-clone
Memproses tabel: barangkeluar_harian_2022_2023
  -> Jumlah data sumber: 443 rows
  -> Tabel lokal di-truncate
  -> SUKSES: 443 rows berhasil di-clone
Memproses tabel: barangkeluar_harian_detail
  -> Jumlah data sumber: 10826 rows
  -> Tabel lokal di-truncate
  -> SUKSES: 10826 rows berhasil di-clone
Memproses tabel: barangkeluar_harian_detail_2022_2023
  -> Jumlah data sumber: 2609 rows
  -> Tabel lokal di-truncate
  -> SUKSES: 2609 rows berhasil di-clone
Memproses tabel: barangkeluarharian
  -> Jumlah data sumber: 1625 rows
  -> Tabel lokal di-truncate
  -> SUKSES: 1625 rows berhasil di-clone
Memproses tabel: barangkeluarharian_2022_2023.
  -> SKIP: Nama tabel 'barangkeluarharian_2022_2023.' mengandung karakter bermasalah
Memproses tabel: barangkeluarharian_detail
  -> Jumlah data sumber: 5784 rows
  -> Tabel lokal di-truncate
  -> SUKSES: 5784 rows berhasil di-clone
Memproses tabel: barangkeluarharian_detail_2022_2023
  -> Jumlah data sumber: 4255 rows
  -> Tabel lokal di-truncate
  -> SUKSES: 4255 rows berhasil di-clone
Memproses tabel: biaya_hpp
  -> Jumlah data sumber: 2 rows
  -> Tabel lokal di-truncate
  -> SUKSES: 2 rows berhasil di-clone
Memproses tabel: biaya_hpp_perpo
  -> Jumlah data sumber: 110 rows
  -> Tabel lokal di-truncate
  -> SUKSES: 110 rows berhasil di-clone
Memproses tabel: biaya_hpp_perpodetail
  -> Jumlah data sumber: 253 rows
  -> Tabel lokal di-truncate
  -> SUKSES: 253 rows berhasil di-clone
Memproses tabel: boronganmesin
  -> Jumlah data sumber: 1804 rows
  -> Tabel lokal di-truncate
  -> SUKSES: 1804 rows berhasil di-clone
Memproses tabel: boronganmesin_2022_2023
  -> Jumlah data sumber: 1382 rows
  -> Tabel lokal di-truncate
  -> SUKSES: 1382 rows berhasil di-clone
Memproses tabel: buang_benang_finishing
  -> Jumlah data sumber: 1032 rows
  -> Tabel lokal di-truncate
  -> SUKSES: 1032 rows berhasil di-clone
Memproses tabel: buang_benang_finishing_2022_2023
  -> Jumlah data sumber: 478 rows
  -> Tabel lokal di-truncate
  -> SUKSES: 478 rows berhasil di-clone
Memproses tabel: cache
  -> Jumlah data sumber: 2 rows
  -> Tabel lokal di-truncate
  -> SUKSES: 2 rows berhasil di-clone
Memproses tabel: cache_locks
  -> Jumlah data sumber: 0 rows
  -> Tabel lokal di-truncate
  -> Tidak ada data untuk di-clone
Memproses tabel: claim_potongan_sablon_detail
  -> Jumlah data sumber: 1 rows
  -> Tabel lokal di-truncate
  -> SUKSES: 1 rows berhasil di-clone
Memproses tabel: claim_sablon
  -> Jumlah data sumber: 3 rows
  -> Tabel lokal di-truncate
  -> SUKSES: 3 rows berhasil di-clone
Memproses tabel: claim_timpotong
  -> Jumlah data sumber: 29 rows
  -> Tabel lokal di-truncate
  -> SUKSES: 29 rows berhasil di-clone
Memproses tabel: croscek_admin
  -> Jumlah data sumber: 2 rows
  -> Tabel lokal di-truncate
  -> SUKSES: 2 rows berhasil di-clone
Memproses tabel: cucian
  -> Jumlah data sumber: 949 rows
  -> Tabel lokal di-truncate
  -> SUKSES: 949 rows berhasil di-clone
Memproses tabel: cucian_2022_2023
  -> Jumlah data sumber: 606 rows
  -> Tabel lokal di-truncate
  -> SUKSES: 606 rows berhasil di-clone
Memproses tabel: cucianhpp_history
  -> Jumlah data sumber: 37 rows
  -> Tabel lokal di-truncate
  -> SUKSES: 37 rows berhasil di-clone
Memproses tabel: customer
  -> Jumlah data sumber: 16 rows
  -> Tabel lokal di-truncate
  -> SUKSES: 16 rows berhasil di-clone
Memproses tabel: daftarharga_cmt
  -> Jumlah data sumber: 25 rows
  -> Tabel lokal di-truncate
  -> SUKSES: 25 rows berhasil di-clone
Memproses tabel: distribusi_alat_sukabumi
  -> Jumlah data sumber: 2266 rows
  -> Tabel lokal di-truncate
  -> SUKSES: 2266 rows berhasil di-clone
Memproses tabel: divisi
  -> Jumlah data sumber: 17 rows
  -> Tabel lokal di-truncate
  -> SUKSES: 17 rows berhasil di-clone
Memproses tabel: ekspedisi
  -> Jumlah data sumber: 12 rows
  -> Tabel lokal di-truncate
  -> SUKSES: 12 rows berhasil di-clone
Memproses tabel: failed_jobs
  -> Jumlah data sumber: 0 rows
  -> Tabel lokal di-truncate
  -> Tidak ada data untuk di-clone
Memproses tabel: file_lap_tahunan
  -> Jumlah data sumber: 0 rows
  -> Tabel lokal di-truncate
  -> Tidak ada data untuk di-clone
Memproses tabel: finishing_kirim_gudang
  -> Jumlah data sumber: 3007 rows
  -> Tabel lokal di-truncate
  -> SUKSES: 3007 rows berhasil di-clone
Memproses tabel: finishing_kirim_gudang_2022_2023
  -> Jumlah data sumber: 2253 rows
  -> Tabel lokal di-truncate
  -> SUKSES: 2253 rows berhasil di-clone
Memproses tabel: finishing_kirim_gudang_faktur
  -> Jumlah data sumber: 2815 rows
  -> Tabel lokal di-truncate
  -> SUKSES: 2815 rows berhasil di-clone
Memproses tabel: finishing_kirim_gudang_faktur_2022_2023
  -> Jumlah data sumber: 1597 rows
  -> Tabel lokal di-truncate
  -> SUKSES: 1597 rows berhasil di-clone
Memproses tabel: finishing_kirim_gudang_rincian
  -> Jumlah data sumber: 11277 rows
  -> Tabel lokal di-truncate
  -> SUKSES: 11277 rows berhasil di-clone
Memproses tabel: finishing_kirim_gudang_rincian_2022_2023
  -> Jumlah data sumber: 8624 rows
  -> Tabel lokal di-truncate
  -> SUKSES: 8624 rows berhasil di-clone
Memproses tabel: finishing_proses_updated
  -> Jumlah data sumber: 330 rows
  -> Tabel lokal di-truncate
  -> SUKSES: 330 rows berhasil di-clone
Memproses tabel: formpengambilanalat
  -> Jumlah data sumber: 1470 rows
  -> Tabel lokal di-truncate
  -> SUKSES: 1470 rows berhasil di-clone
Memproses tabel: formpengambilanalat_detail
  -> Jumlah data sumber: 5745 rows
  -> Tabel lokal di-truncate
  -> SUKSES: 5745 rows berhasil di-clone
Memproses tabel: gagal_login
  -> Jumlah data sumber: 52 rows
  -> Tabel lokal di-truncate
  -> SUKSES: 52 rows berhasil di-clone
Memproses tabel: gaji_bulanan
  -> Jumlah data sumber: 55 rows
  -> Tabel lokal di-truncate
  -> SUKSES: 55 rows berhasil di-clone
Memproses tabel: gaji_finishing
  -> Jumlah data sumber: 397 rows
  -> Tabel lokal di-truncate
  -> SUKSES: 397 rows berhasil di-clone
Memproses tabel: gaji_finishing_detail
  -> Jumlah data sumber: 1363 rows
  -> Tabel lokal di-truncate
  -> SUKSES: 1363 rows berhasil di-clone
Memproses tabel: gaji_operator
  -> Jumlah data sumber: 218 rows
  -> Tabel lokal di-truncate
  -> SUKSES: 218 rows berhasil di-clone
Memproses tabel: gaji_operator_detail
  -> Jumlah data sumber: 1632 rows
  -> Tabel lokal di-truncate
  -> SUKSES: 1632 rows berhasil di-clone
Memproses tabel: gaji_operator_detail_new
  -> Jumlah data sumber: 11302 rows
  -> Tabel lokal di-truncate
  -> SUKSES: 11302 rows berhasil di-clone
Memproses tabel: gaji_operator_new
  -> Jumlah data sumber: 1632 rows
  -> Tabel lokal di-truncate
  -> SUKSES: 1632 rows berhasil di-clone
Memproses tabel: gaji_sablon_borongan
  -> Jumlah data sumber: 3672 rows
  -> Tabel lokal di-truncate
  -> SUKSES: 3672 rows berhasil di-clone
Memproses tabel: gaji_sablon_harian
  -> Jumlah data sumber: 307 rows
  -> Tabel lokal di-truncate
  -> SUKSES: 307 rows berhasil di-clone
Memproses tabel: gaji_sablon_harian_detail
  -> Jumlah data sumber: 307 rows
  -> Tabel lokal di-truncate
  -> SUKSES: 307 rows berhasil di-clone
Memproses tabel: gaji_timpotong
  -> Jumlah data sumber: 254 rows
  -> Tabel lokal di-truncate
  -> SUKSES: 254 rows berhasil di-clone
Memproses tabel: gaji_timpotong_detail
  -> Jumlah data sumber: 10042 rows
  -> Tabel lokal di-truncate
  -> SUKSES: 10042 rows berhasil di-clone
Memproses tabel: gajiborongan
  -> Jumlah data sumber: 5 rows
  -> Tabel lokal di-truncate
  -> SUKSES: 5 rows berhasil di-clone
Memproses tabel: gajisukabumi
  -> Jumlah data sumber: 171 rows
  -> Tabel lokal di-truncate
  -> SUKSES: 171 rows berhasil di-clone
Memproses tabel: gajisukabumi_detail
  -> Jumlah data sumber: 444 rows
  -> Tabel lokal di-truncate
  -> SUKSES: 444 rows berhasil di-clone
Memproses tabel: global_daftarharga
  -> Jumlah data sumber: 5 rows
  -> Tabel lokal di-truncate
  -> SUKSES: 5 rows berhasil di-clone
Memproses tabel: gudang_bahan_keluar
  -> Jumlah data sumber: 20259 rows
  -> Tabel lokal di-truncate
  -> SUKSES: 20259 rows berhasil di-clone
Memproses tabel: gudang_bahan_keluar_2022_2023
  -> Jumlah data sumber: 9994 rows
  -> Tabel lokal di-truncate
  -> SUKSES: 9994 rows berhasil di-clone
Memproses tabel: gudang_item_keluar
  -> Jumlah data sumber: 26963 rows
  -> Tabel lokal di-truncate
  -> SUKSES: 26963 rows berhasil di-clone
Memproses tabel: gudang_item_keluar_2022_2023
  -> Jumlah data sumber: 13561 rows
  -> Tabel lokal di-truncate
  -> SUKSES: 13561 rows berhasil di-clone
Memproses tabel: gudang_item_masuk
  -> Jumlah data sumber: 0 rows
  -> Tabel lokal di-truncate
  -> Tidak ada data untuk di-clone
Memproses tabel: gudang_out_po
  -> Jumlah data sumber: 8818 rows
  -> Tabel lokal di-truncate
  -> SUKSES: 8818 rows berhasil di-clone
Memproses tabel: gudang_out_po_2022_2023
  -> Jumlah data sumber: 3749 rows
  -> Tabel lokal di-truncate
  -> SUKSES: 3749 rows berhasil di-clone
Memproses tabel: gudang_pengajuan_item
  -> Jumlah data sumber: 0 rows
  -> Tabel lokal di-truncate
  -> Tidak ada data untuk di-clone
Memproses tabel: gudang_persediaan_item
  -> Jumlah data sumber: 2543 rows
  -> Tabel lokal di-truncate
  -> SUKSES: 2543 rows berhasil di-clone
Memproses tabel: harga_transport
  -> Jumlah data sumber: 8 rows
  -> Tabel lokal di-truncate
  -> SUKSES: 8 rows berhasil di-clone
Memproses tabel: history_stok_penjualan
  -> Jumlah data sumber: 189 rows
  -> Tabel lokal di-truncate
  -> SUKSES: 189 rows berhasil di-clone
Memproses tabel: insentifsecurity
  -> Jumlah data sumber: 3612 rows
  -> Tabel lokal di-truncate
  -> SUKSES: 3612 rows berhasil di-clone
Memproses tabel: insentifsecurity_detail
  -> Jumlah data sumber: 3600 rows
  -> Tabel lokal di-truncate
  -> SUKSES: 3600 rows berhasil di-clone
Memproses tabel: jabatan
  -> Jumlah data sumber: 54 rows
  -> Tabel lokal di-truncate
  -> SUKSES: 54 rows berhasil di-clone
Memproses tabel: jenis_potongan
  -> Jumlah data sumber: 4 rows
  -> Tabel lokal di-truncate
  -> SUKSES: 4 rows berhasil di-clone
Memproses tabel: job_batches
  -> Jumlah data sumber: 0 rows
  -> Tabel lokal di-truncate
  -> Tidak ada data untuk di-clone
Memproses tabel: jobs
  -> Jumlah data sumber: 0 rows
  -> Tabel lokal di-truncate
  -> Tidak ada data untuk di-clone
Memproses tabel: kalender
  -> Jumlah data sumber: 0 rows
  -> Tabel lokal di-truncate
  -> Tidak ada data untuk di-clone
Memproses tabel: kartustok_product
  -> Jumlah data sumber: 82128 rows
  -> Tabel lokal di-truncate
  -> SUKSES: 82128 rows berhasil di-clone
Memproses tabel: karyawan
  -> Jumlah data sumber: 75 rows
  -> Tabel lokal di-truncate
  -> SUKSES: 75 rows berhasil di-clone
Memproses tabel: karyawan_harian
  -> Jumlah data sumber: 266 rows
  -> Tabel lokal di-truncate
  -> SUKSES: 266 rows berhasil di-clone
Memproses tabel: karyawan_skb
  -> Jumlah data sumber: 5 rows
  -> Tabel lokal di-truncate
  -> SUKSES: 5 rows berhasil di-clone
Memproses tabel: kasbon
  -> Jumlah data sumber: 1457 rows
  -> Tabel lokal di-truncate
  -> SUKSES: 1457 rows berhasil di-clone
Memproses tabel: kasbon_acc
  -> Jumlah data sumber: 7 rows
  -> Tabel lokal di-truncate
  -> SUKSES: 7 rows berhasil di-clone
Memproses tabel: kategori_bahan
  -> Jumlah data sumber: 0 rows
  -> Tabel lokal di-truncate
  -> Tidak ada data untuk di-clone
Memproses tabel: kategori_barang
  -> Jumlah data sumber: 41 rows
  -> Tabel lokal di-truncate
  -> SUKSES: 41 rows berhasil di-clone
Memproses tabel: kelola_mesin_bordir
  -> Jumlah data sumber: 19028 rows
  -> Tabel lokal di-truncate
  -> SUKSES: 19028 rows berhasil di-clone
Memproses tabel: kelola_mesin_bordir_2022_2023
  -> Jumlah data sumber: 9908 rows
  -> Tabel lokal di-truncate
  -> SUKSES: 9908 rows berhasil di-clone
Memproses tabel: kelola_po_nota_kirim_cmt
  -> Jumlah data sumber: 0 rows
  -> Tabel lokal di-truncate
  -> Tidak ada data untuk di-clone
Memproses tabel: kelolapo_buang_benang
  -> Jumlah data sumber: 55224 rows
  -> Tabel lokal di-truncate
  -> SUKSES: 55224 rows berhasil di-clone
Memproses tabel: kelolapo_buang_benang_2022_2023
  -> Jumlah data sumber: 35143 rows
  -> Tabel lokal di-truncate
  -> SUKSES: 35143 rows berhasil di-clone
Memproses tabel: kelolapo_kirim_setor
  -> Jumlah data sumber: 18346 rows
  -> Tabel lokal di-truncate
  -> SUKSES: 18346 rows berhasil di-clone
Memproses tabel: kelolapo_kirim_setor_2022_2023
  -> Jumlah data sumber: 8493 rows
  -> Tabel lokal di-truncate
  -> SUKSES: 8493 rows berhasil di-clone
Memproses tabel: kelolapo_kirim_setor_atas
  -> Jumlah data sumber: 0 rows
  -> Tabel lokal di-truncate
  -> Tidak ada data untuk di-clone
Memproses tabel: kelolapo_kirim_setor_bawah
  -> Jumlah data sumber: 0 rows
  -> Tabel lokal di-truncate
  -> Tidak ada data untuk di-clone
Memproses tabel: kelolapo_kirim_setor_celana
  -> Jumlah data sumber: 0 rows
  -> Tabel lokal di-truncate
  -> Tidak ada data untuk di-clone
Memproses tabel: kelolapo_pengecekan_potongan
  -> Jumlah data sumber: 0 rows
  -> Tabel lokal di-truncate
  -> Tidak ada data untuk di-clone
Memproses tabel: kelolapo_pengecekan_potongan_atas
  -> Jumlah data sumber: 0 rows
  -> Tabel lokal di-truncate
  -> Tidak ada data untuk di-clone
Memproses tabel: kelolapo_pengecekan_potongan_bawah
  -> Jumlah data sumber: 0 rows
  -> Tabel lokal di-truncate
  -> Tidak ada data untuk di-clone
Memproses tabel: kelolapo_rincian_setor_cmt
  -> Jumlah data sumber: 2840 rows
  -> Tabel lokal di-truncate
  -> SUKSES: 2840 rows berhasil di-clone
Memproses tabel: kelolapo_rincian_setor_cmt_2022_2023
  -> Jumlah data sumber: 1496 rows
  -> Tabel lokal di-truncate
  -> SUKSES: 1496 rows berhasil di-clone
Memproses tabel: kelolapo_rincian_setor_cmt_celana
  -> Jumlah data sumber: 869 rows
  -> Tabel lokal di-truncate
  -> SUKSES: 869 rows berhasil di-clone
Memproses tabel: kelolapo_rincian_setor_cmt_finish
  -> Jumlah data sumber: 10137 rows
  -> Tabel lokal di-truncate
  -> SUKSES: 10137 rows berhasil di-clone
Memproses tabel: kelolapo_rincian_setor_cmt_finish_2022_2023
  -> Jumlah data sumber: 4804 rows
  -> Tabel lokal di-truncate
  -> SUKSES: 4804 rows berhasil di-clone
Memproses tabel: kelolapo_rincian_setor_cmt_finish_celana
  -> Jumlah data sumber: 3339 rows
  -> Tabel lokal di-truncate
  -> SUKSES: 3339 rows berhasil di-clone
Memproses tabel: keterangan_alokasipo
  -> Jumlah data sumber: 6 rows
  -> Tabel lokal di-truncate
  -> SUKSES: 6 rows berhasil di-clone
Memproses tabel: kirimbupot
  -> Jumlah data sumber: 76 rows
  -> Tabel lokal di-truncate
  -> SUKSES: 76 rows berhasil di-clone
Memproses tabel: kirimbupot_detail
  -> Jumlah data sumber: 765 rows
  -> Tabel lokal di-truncate
  -> SUKSES: 765 rows berhasil di-clone
Memproses tabel: kirimcmt
  -> Jumlah data sumber: 1158 rows
  -> Tabel lokal di-truncate
  -> SUKSES: 1158 rows berhasil di-clone
Memproses tabel: kirimcmt_2022_2023
  -> Jumlah data sumber: 547 rows
  -> Tabel lokal di-truncate
  -> SUKSES: 547 rows berhasil di-clone
Memproses tabel: kirimcmt_celana
  -> Jumlah data sumber: 161 rows
  -> Tabel lokal di-truncate
  -> SUKSES: 161 rows berhasil di-clone
Memproses tabel: kirimcmt_celana_detail
  -> Jumlah data sumber: 621 rows
  -> Tabel lokal di-truncate
  -> SUKSES: 621 rows berhasil di-clone
Memproses tabel: kirimcmt_detail
  -> Jumlah data sumber: 4425 rows
  -> Tabel lokal di-truncate
  -> SUKSES: 4425 rows berhasil di-clone
Memproses tabel: kirimcmt_detail_2022_2023
  -> Jumlah data sumber: 1758 rows
  -> Tabel lokal di-truncate
  -> SUKSES: 1758 rows berhasil di-clone
Memproses tabel: kirimcmt_detailatas
  -> Jumlah data sumber: 0 rows
  -> Tabel lokal di-truncate
  -> Tidak ada data untuk di-clone
Memproses tabel: kirimcmt_detailbawah
  -> Jumlah data sumber: 0 rows
  -> Tabel lokal di-truncate
  -> Tidak ada data untuk di-clone
Memproses tabel: kirimcmt_po
  -> Jumlah data sumber: 0 rows
  -> Tabel lokal di-truncate
  -> Tidak ada data untuk di-clone
Memproses tabel: kirimcmtbordir
  -> Jumlah data sumber: 0 rows
  -> Tabel lokal di-truncate
  -> Tidak ada data untuk di-clone
Memproses tabel: kirimcmtbordir_detail
  -> Jumlah data sumber: 0 rows
  -> Tabel lokal di-truncate
  -> Tidak ada data untuk di-clone
Memproses tabel: kirimcmtsablon
  -> Jumlah data sumber: 600 rows
  -> Tabel lokal di-truncate
  -> SUKSES: 600 rows berhasil di-clone
Memproses tabel: kirimcmtsablon_2022_2023
  -> Jumlah data sumber: 404 rows
  -> Tabel lokal di-truncate
  -> SUKSES: 404 rows berhasil di-clone
Memproses tabel: kirimcmtsablon_detail
  -> Jumlah data sumber: 2606 rows
  -> Tabel lokal di-truncate
  -> SUKSES: 2606 rows berhasil di-clone
Memproses tabel: kirimcmtsablon_detail_2022_2023
  -> Jumlah data sumber: 1063 rows
  -> Tabel lokal di-truncate
  -> SUKSES: 1063 rows berhasil di-clone
Memproses tabel: kirimgudang_bulanan
  -> Jumlah data sumber: 0 rows
  -> Tabel lokal di-truncate
  -> Tidak ada data untuk di-clone
Memproses tabel: kirimsetor_bulanan
  -> Jumlah data sumber: 0 rows
  -> Tabel lokal di-truncate
  -> Tidak ada data untuk di-clone
Memproses tabel: klo_bulanan
  -> Jumlah data sumber: 0 rows
  -> Tabel lokal di-truncate
  -> Tidak ada data untuk di-clone
Memproses tabel: konveksi_buku_potongan
  -> Jumlah data sumber: 2940 rows
  -> Tabel lokal di-truncate
  -> SUKSES: 2940 rows berhasil di-clone
Memproses tabel: konveksi_buku_potongan_2022_2023
  -> Jumlah data sumber: 1647 rows
  -> Tabel lokal di-truncate
  -> SUKSES: 1647 rows berhasil di-clone
Memproses tabel: konveksi_buku_potongan_utama
  -> Jumlah data sumber: 10685 rows
  -> Tabel lokal di-truncate
  -> SUKSES: 10685 rows berhasil di-clone
Memproses tabel: konveksi_buku_potongan_utama_2022_2023
  -> Jumlah data sumber: 6072 rows
  -> Tabel lokal di-truncate
  -> SUKSES: 6072 rows berhasil di-clone
Memproses tabel: konveksi_buku_potongan_variasi
  -> Jumlah data sumber: 6064 rows
  -> Tabel lokal di-truncate
  -> SUKSES: 6064 rows berhasil di-clone
Memproses tabel: konveksi_buku_potongan_variasi_2022_2023
  -> Jumlah data sumber: 2276 rows
  -> Tabel lokal di-truncate
  -> SUKSES: 2276 rows berhasil di-clone
Memproses tabel: laba_produksi
  -> Jumlah data sumber: 0 rows
  -> Tabel lokal di-truncate
  -> Tidak ada data untuk di-clone
Memproses tabel: lampiran_alat
  -> Jumlah data sumber: 0 rows
  -> Tabel lokal di-truncate
  -> Tidak ada data untuk di-clone
Memproses tabel: laporanexpedisi
  -> Jumlah data sumber: 0 rows
  -> Tabel lokal di-truncate
  -> Tidak ada data untuk di-clone
Memproses tabel: lembur_harian
  -> Jumlah data sumber: 54 rows
  -> Tabel lokal di-truncate
  -> SUKSES: 54 rows berhasil di-clone
Memproses tabel: log_user
  -> Jumlah data sumber: 9220 rows
  -> Tabel lokal di-truncate
  -> SUKSES: 9220 rows berhasil di-clone
Memproses tabel: lokasi_cmt
  -> Jumlah data sumber: 6 rows
  -> Tabel lokal di-truncate
  -> SUKSES: 6 rows berhasil di-clone
Memproses tabel: marketplace
  -> Jumlah data sumber: 4 rows
  -> Tabel lokal di-truncate
  -> SUKSES: 4 rows berhasil di-clone
Memproses tabel: master_cmt
  -> Jumlah data sumber: 104 rows
  -> Tabel lokal di-truncate
  -> SUKSES: 104 rows berhasil di-clone
Memproses tabel: master_cmt_job
  -> Jumlah data sumber: 261 rows
  -> Tabel lokal di-truncate
  -> SUKSES: 261 rows berhasil di-clone
Memproses tabel: master_gudang
  -> Jumlah data sumber: 2 rows
  -> Tabel lokal di-truncate
  -> SUKSES: 2 rows berhasil di-clone
Memproses tabel: master_harga_gaji
  -> Jumlah data sumber: 30 rows
  -> Tabel lokal di-truncate
  -> SUKSES: 30 rows berhasil di-clone
Memproses tabel: master_harga_potongan
  -> Jumlah data sumber: 86 rows
  -> Tabel lokal di-truncate
  -> SUKSES: 86 rows berhasil di-clone
Memproses tabel: master_jenis_kaos
  -> Jumlah data sumber: 39 rows
  -> Tabel lokal di-truncate
  -> SUKSES: 39 rows berhasil di-clone
Memproses tabel: master_jenis_po
  -> Jumlah data sumber: 103 rows
  -> Tabel lokal di-truncate
  -> SUKSES: 103 rows berhasil di-clone
Memproses tabel: master_job
  -> Jumlah data sumber: 172 rows
  -> Tabel lokal di-truncate
  -> SUKSES: 172 rows berhasil di-clone
Memproses tabel: master_karyawan_benang
  -> Jumlah data sumber: 62 rows
  -> Tabel lokal di-truncate
  -> SUKSES: 62 rows berhasil di-clone
Memproses tabel: master_karyawan_bordir
  -> Jumlah data sumber: 144 rows
  -> Tabel lokal di-truncate
  -> SUKSES: 144 rows berhasil di-clone
Memproses tabel: master_karyawan_finishing_gudang
  -> Jumlah data sumber: 7 rows
  -> Tabel lokal di-truncate
  -> SUKSES: 7 rows berhasil di-clone
Memproses tabel: master_karyawan_pengecekan
  -> Jumlah data sumber: 9 rows
  -> Tabel lokal di-truncate
  -> SUKSES: 9 rows berhasil di-clone
Memproses tabel: master_menu
  -> Jumlah data sumber: 42 rows
  -> Tabel lokal di-truncate
  -> SUKSES: 42 rows berhasil di-clone
Memproses tabel: master_mesin
  -> Jumlah data sumber: 17 rows
  -> Tabel lokal di-truncate
  -> SUKSES: 17 rows berhasil di-clone
Memproses tabel: master_nama_po
  -> Jumlah data sumber: 0 rows
  -> Tabel lokal di-truncate
  -> Tidak ada data untuk di-clone
Memproses tabel: master_po_luar
  -> Jumlah data sumber: 1797 rows
  -> Tabel lokal di-truncate
  -> SUKSES: 1797 rows berhasil di-clone
Memproses tabel: master_po_luar_2223
  -> Jumlah data sumber: 1450 rows
  -> Tabel lokal di-truncate
  -> SUKSES: 1450 rows berhasil di-clone
Memproses tabel: master_po_online
  -> Jumlah data sumber: 76 rows
  -> Tabel lokal di-truncate
  -> SUKSES: 76 rows berhasil di-clone
Memproses tabel: master_po_online_detail
  -> Jumlah data sumber: 1114 rows
  -> Tabel lokal di-truncate
  -> SUKSES: 1114 rows berhasil di-clone
Memproses tabel: master_po_online_serian
  -> Jumlah data sumber: 18 rows
  -> Tabel lokal di-truncate
  -> SUKSES: 18 rows berhasil di-clone
Memproses tabel: master_progress
  -> Jumlah data sumber: 4 rows
  -> Tabel lokal di-truncate
  -> SUKSES: 4 rows berhasil di-clone
Memproses tabel: master_satuan_barang
  -> Jumlah data sumber: 23 rows
  -> Tabel lokal di-truncate
  -> SUKSES: 23 rows berhasil di-clone
Memproses tabel: master_size
  -> Jumlah data sumber: 22 rows
  -> Tabel lokal di-truncate
  -> SUKSES: 22 rows berhasil di-clone
Memproses tabel: master_supplier
  -> Jumlah data sumber: 110 rows
  -> Tabel lokal di-truncate
  -> SUKSES: 110 rows berhasil di-clone
Memproses tabel: masterdata_hargapo
  -> Jumlah data sumber: 22 rows
  -> Tabel lokal di-truncate
  -> SUKSES: 22 rows berhasil di-clone
Memproses tabel: masterharga_bahan
  -> Jumlah data sumber: 0 rows
  -> Tabel lokal di-truncate
  -> Tidak ada data untuk di-clone
Memproses tabel: mastersize_potongan
  -> Jumlah data sumber: 16 rows
  -> Tabel lokal di-truncate
  -> SUKSES: 16 rows berhasil di-clone
Memproses tabel: menu
  -> Jumlah data sumber: 460 rows
  -> Tabel lokal di-truncate
  -> SUKSES: 460 rows berhasil di-clone
Memproses tabel: mesin_bordir
  -> Jumlah data sumber: 22 rows
  -> Tabel lokal di-truncate
  -> SUKSES: 22 rows berhasil di-clone
Memproses tabel: migrations
  -> Jumlah data sumber: 4 rows
  -> Tabel lokal di-truncate
  -> SUKSES: 4 rows berhasil di-clone
Memproses tabel: model_po
  -> Jumlah data sumber: 20 rows
  -> Tabel lokal di-truncate
  -> SUKSES: 20 rows berhasil di-clone
Memproses tabel: notifikasi
  -> Jumlah data sumber: 3500 rows
  -> Tabel lokal di-truncate
  -> SUKSES: 3500 rows berhasil di-clone
Memproses tabel: operational
  -> Jumlah data sumber: 1 rows
  -> Tabel lokal di-truncate
  -> SUKSES: 1 rows berhasil di-clone
Memproses tabel: packing
  -> Jumlah data sumber: 488 rows
  -> Tabel lokal di-truncate
  -> SUKSES: 488 rows berhasil di-clone
Memproses tabel: packing_2022_2023
  -> Jumlah data sumber: 494 rows
  -> Tabel lokal di-truncate
  -> SUKSES: 494 rows berhasil di-clone
Memproses tabel: packing_po
  -> Jumlah data sumber: 11 rows
  -> Tabel lokal di-truncate
  -> SUKSES: 11 rows berhasil di-clone
Memproses tabel: password_reset_tokens
  -> Jumlah data sumber: 0 rows
  -> Tabel lokal di-truncate
  -> Tidak ada data untuk di-clone
Memproses tabel: pelunasan_pembayaran_skb
  -> Jumlah data sumber: 37 rows
  -> Tabel lokal di-truncate
  -> SUKSES: 37 rows berhasil di-clone
Memproses tabel: pembayaran_cmt
  -> Jumlah data sumber: 1989 rows
  -> Tabel lokal di-truncate
  -> SUKSES: 1989 rows berhasil di-clone
Memproses tabel: pembayaran_cmt_2022_2023
  -> Jumlah data sumber: 682 rows
  -> Tabel lokal di-truncate
  -> SUKSES: 682 rows berhasil di-clone
Memproses tabel: pembayaran_cmt_detail
  -> Jumlah data sumber: 6931 rows
  -> Tabel lokal di-truncate
  -> SUKSES: 6931 rows berhasil di-clone
Memproses tabel: pembayaran_cmt_tambahan_lainnya
  -> Jumlah data sumber: 0 rows
  -> Tabel lokal di-truncate
  -> Tidak ada data untuk di-clone
Memproses tabel: pembayaran_sablon
  -> Jumlah data sumber: 0 rows
  -> Tabel lokal di-truncate
  -> Tidak ada data untuk di-clone
Memproses tabel: pembayaran_skb
  -> Jumlah data sumber: 154 rows
  -> Tabel lokal di-truncate
  -> SUKSES: 154 rows berhasil di-clone
Memproses tabel: pembayaran_skb_2022_2023
  -> Jumlah data sumber: 47 rows
  -> Tabel lokal di-truncate
  -> SUKSES: 47 rows berhasil di-clone
Memproses tabel: pembayaran_skb_alat
  -> Jumlah data sumber: 260 rows
  -> Tabel lokal di-truncate
  -> SUKSES: 260 rows berhasil di-clone
Memproses tabel: pembayaran_skb_pmb
  -> Jumlah data sumber: 154 rows
  -> Tabel lokal di-truncate
  -> SUKSES: 154 rows berhasil di-clone
Memproses tabel: pembayaran_skb_po
  -> Jumlah data sumber: 154 rows
  -> Tabel lokal di-truncate
  -> SUKSES: 154 rows berhasil di-clone
Memproses tabel: pembayaran_skb_setor
  -> Jumlah data sumber: 287 rows
  -> Tabel lokal di-truncate
  -> SUKSES: 287 rows berhasil di-clone
Memproses tabel: pemilik_poluar
  -> Jumlah data sumber: 10 rows
  -> Tabel lokal di-truncate
  -> SUKSES: 10 rows berhasil di-clone
Memproses tabel: pendapatan_transport
  -> Jumlah data sumber: 223 rows
  -> Tabel lokal di-truncate
  -> SUKSES: 223 rows berhasil di-clone
Memproses tabel: penerimaan_item
  -> Jumlah data sumber: 5248 rows
  -> Tabel lokal di-truncate
  -> SUKSES: 5248 rows berhasil di-clone
Memproses tabel: penerimaan_item_detail
  -> Jumlah data sumber: 13958 rows
  -> Tabel lokal di-truncate
  -> SUKSES: 13958 rows berhasil di-clone
Memproses tabel: pengajuan_barang
  -> Jumlah data sumber: 0 rows
  -> Tabel lokal di-truncate
  -> Tidak ada data untuk di-clone
Memproses tabel: pengajuan_harian_new
  -> Jumlah data sumber: 3993 rows
  -> Tabel lokal di-truncate
  -> SUKSES: 3993 rows berhasil di-clone
Memproses tabel: pengajuan_harian_new_detail
  -> Jumlah data sumber: 23567 rows
  -> Tabel lokal di-truncate
  -> SUKSES: 23567 rows berhasil di-clone
Memproses tabel: pengalihanpo
  -> Jumlah data sumber: 81 rows
  -> Tabel lokal di-truncate
  -> SUKSES: 81 rows berhasil di-clone
Memproses tabel: pengalihanpo_2022_2023
  -> Jumlah data sumber: 44 rows
  -> Tabel lokal di-truncate
  -> SUKSES: 44 rows berhasil di-clone
Memproses tabel: pengalokasian
  -> Jumlah data sumber: 21 rows
  -> Tabel lokal di-truncate
  -> SUKSES: 21 rows berhasil di-clone
Memproses tabel: pengeluaran_bordir
  -> Jumlah data sumber: 64 rows
  -> Tabel lokal di-truncate
  -> SUKSES: 64 rows berhasil di-clone
Memproses tabel: pengeluaran_bordir_detail
  -> Jumlah data sumber: 305 rows
  -> Tabel lokal di-truncate
  -> SUKSES: 305 rows berhasil di-clone
Memproses tabel: pengeluaran_sablon
  -> Jumlah data sumber: 164 rows
  -> Tabel lokal di-truncate
  -> SUKSES: 164 rows berhasil di-clone
Memproses tabel: pengembalian_bangke
  -> Jumlah data sumber: 397 rows
  -> Tabel lokal di-truncate
  -> SUKSES: 397 rows berhasil di-clone
Memproses tabel: pengembalian_bangke_2022_2023
  -> Jumlah data sumber: 160 rows
  -> Tabel lokal di-truncate
  -> SUKSES: 160 rows berhasil di-clone
Memproses tabel: penjualan_online
  -> Jumlah data sumber: 64 rows
  -> Tabel lokal di-truncate
  -> SUKSES: 64 rows berhasil di-clone
Memproses tabel: penjualan_online_product
  -> Jumlah data sumber: 157 rows
  -> Tabel lokal di-truncate
  -> SUKSES: 157 rows berhasil di-clone
Memproses tabel: periodeproduksi
  -> Jumlah data sumber: 1 rows
  -> Tabel lokal di-truncate
  -> SUKSES: 1 rows berhasil di-clone
Memproses tabel: personal_access_tokens
  -> Jumlah data sumber: 495 rows
  -> Tabel lokal di-truncate
  -> SUKSES: 495 rows berhasil di-clone
Memproses tabel: pinjaman_cmt
  -> Jumlah data sumber: 9 rows
  -> Tabel lokal di-truncate
  -> SUKSES: 9 rows berhasil di-clone
Memproses tabel: pinjaman_karyawan
  -> Jumlah data sumber: 60 rows
  -> Tabel lokal di-truncate
  -> SUKSES: 60 rows berhasil di-clone
Memproses tabel: pinjaman_karyawan_detail
  -> Jumlah data sumber: 0 rows
  -> Tabel lokal di-truncate
  -> Tidak ada data untuk di-clone
Memproses tabel: po_online
  -> Jumlah data sumber: 0 rows
  -> Tabel lokal di-truncate
  -> Tidak ada data untuk di-clone
Memproses tabel: po_online_stok
  -> Jumlah data sumber: 0 rows
  -> Tabel lokal di-truncate
  -> Tidak ada data untuk di-clone
Memproses tabel: po_online_tracking
  -> Jumlah data sumber: 0 rows
  -> Tabel lokal di-truncate
  -> Tidak ada data untuk di-clone
Memproses tabel: po_retur
  -> Jumlah data sumber: 119 rows
  -> Tabel lokal di-truncate
  -> SUKSES: 119 rows berhasil di-clone
Memproses tabel: po_retur_detail
  -> Jumlah data sumber: 500 rows
  -> Tabel lokal di-truncate
  -> SUKSES: 500 rows berhasil di-clone
Memproses tabel: podiluaralokasi
  -> Jumlah data sumber: 2 rows
  -> Tabel lokal di-truncate
  -> SUKSES: 2 rows berhasil di-clone
Memproses tabel: podiluaralokasi_detail
  -> Jumlah data sumber: 18 rows
  -> Tabel lokal di-truncate
  -> SUKSES: 18 rows berhasil di-clone
Memproses tabel: pogagalproduksi
  -> Jumlah data sumber: 0 rows
  -> Tabel lokal di-truncate
  -> Tidak ada data untuk di-clone
Memproses tabel: potongan_alat
  -> Jumlah data sumber: 5147 rows
  -> Tabel lokal di-truncate
  -> SUKSES: 5147 rows berhasil di-clone
Memproses tabel: potongan_bangke
  -> Jumlah data sumber: 498 rows
  -> Tabel lokal di-truncate
  -> SUKSES: 498 rows berhasil di-clone
Memproses tabel: potongan_bangke_2022_2023
  -> Jumlah data sumber: 249 rows
  -> Tabel lokal di-truncate
  -> SUKSES: 249 rows berhasil di-clone
Memproses tabel: potongan_bulanan
  -> Jumlah data sumber: 0 rows
  -> Tabel lokal di-truncate
  -> Tidak ada data untuk di-clone
Memproses tabel: potongan_mesin
  -> Jumlah data sumber: 76 rows
  -> Tabel lokal di-truncate
  -> SUKSES: 76 rows berhasil di-clone
Memproses tabel: potongan_operator
  -> Jumlah data sumber: 7 rows
  -> Tabel lokal di-truncate
  -> SUKSES: 7 rows berhasil di-clone
Memproses tabel: potongan_pinjaman_cmt
  -> Jumlah data sumber: 39 rows
  -> Tabel lokal di-truncate
  -> SUKSES: 39 rows berhasil di-clone
Memproses tabel: potongan_pinjaman_karyawan
  -> Jumlah data sumber: 234 rows
  -> Tabel lokal di-truncate
  -> SUKSES: 234 rows berhasil di-clone
Memproses tabel: potongan_vermak
  -> Jumlah data sumber: 682 rows
  -> Tabel lokal di-truncate
  -> SUKSES: 682 rows berhasil di-clone
Memproses tabel: product
  -> Jumlah data sumber: 2533 rows
  -> Tabel lokal di-truncate
  -> SUKSES: 2533 rows berhasil di-clone
Memproses tabel: produksi_po
  -> Jumlah data sumber: 1963 rows
  -> Tabel lokal di-truncate
  -> SUKSES: 1963 rows berhasil di-clone
Memproses tabel: produksi_po_2022_2023_
  -> Jumlah data sumber: 1639 rows
  -> Tabel lokal di-truncate
  -> SUKSES: 1639 rows berhasil di-clone
Memproses tabel: produksi_po_2023_2024
  -> Jumlah data sumber: 988 rows
  -> Tabel lokal di-truncate
  -> SUKSES: 988 rows berhasil di-clone
Memproses tabel: proggresion_po
  -> Jumlah data sumber: 15 rows
  -> Tabel lokal di-truncate
  -> SUKSES: 15 rows berhasil di-clone
Memproses tabel: proses_po
  -> Jumlah data sumber: 472 rows
  -> Tabel lokal di-truncate
  -> SUKSES: 472 rows berhasil di-clone
Memproses tabel: proses_po_2022_2023
  -> Jumlah data sumber: 139 rows
  -> Tabel lokal di-truncate
  -> SUKSES: 139 rows berhasil di-clone
Memproses tabel: rekapbarangsupplier
  -> Jumlah data sumber: 361 rows
  -> Tabel lokal di-truncate
  -> SUKSES: 361 rows berhasil di-clone
Memproses tabel: rekapbarangsupplier_detail
  -> Jumlah data sumber: 1444 rows
  -> Tabel lokal di-truncate
  -> SUKSES: 1444 rows berhasil di-clone
Memproses tabel: rekapinsentif_security
  -> Jumlah data sumber: 49 rows
  -> Tabel lokal di-truncate
  -> SUKSES: 49 rows berhasil di-clone
Memproses tabel: request_harga
  -> Jumlah data sumber: 3 rows
  -> Tabel lokal di-truncate
  -> SUKSES: 3 rows berhasil di-clone
Memproses tabel: rijek
  -> Jumlah data sumber: 112 rows
  -> Tabel lokal di-truncate
  -> SUKSES: 112 rows berhasil di-clone
Memproses tabel: rijek_2022_2023
  -> Jumlah data sumber: 209 rows
  -> Tabel lokal di-truncate
  -> SUKSES: 209 rows berhasil di-clone
Memproses tabel: sablon_sewarumah
  -> Jumlah data sumber: 1 rows
  -> Tabel lokal di-truncate
  -> SUKSES: 1 rows berhasil di-clone
Memproses tabel: sablon_sewarumah_detail
  -> Jumlah data sumber: 0 rows
  -> Tabel lokal di-truncate
  -> Tidak ada data untuk di-clone
Memproses tabel: sablonbawahan
  -> Jumlah data sumber: 0 rows
  -> Tabel lokal di-truncate
  -> Tidak ada data untuk di-clone
Memproses tabel: sessions
  -> Jumlah data sumber: 89 rows
  -> Tabel lokal di-truncate
  -> SUKSES: 89 rows berhasil di-clone
Memproses tabel: set_tgl_laporan
  -> Jumlah data sumber: 0 rows
  -> Tabel lokal di-truncate
  -> Tidak ada data untuk di-clone
Memproses tabel: set_tgl_laporan_tgl
  -> Jumlah data sumber: 0 rows
  -> Tabel lokal di-truncate
  -> Tidak ada data untuk di-clone
Memproses tabel: setorcmt
  -> Jumlah data sumber: 2036 rows
  -> Tabel lokal di-truncate
  -> SUKSES: 2036 rows berhasil di-clone
Memproses tabel: setorcmt_2022_2023
  -> Jumlah data sumber: 1067 rows
  -> Tabel lokal di-truncate
  -> SUKSES: 1067 rows berhasil di-clone
Memproses tabel: setorcmt_detail
  -> Jumlah data sumber: 3544 rows
  -> Tabel lokal di-truncate
  -> SUKSES: 3544 rows berhasil di-clone
Memproses tabel: setorcmt_detail_2022_2023
  -> Jumlah data sumber: 1605 rows
  -> Tabel lokal di-truncate
  -> SUKSES: 1605 rows berhasil di-clone
Memproses tabel: setorcmt_sablon
  -> Jumlah data sumber: 0 rows
  -> Tabel lokal di-truncate
  -> Tidak ada data untuk di-clone
Memproses tabel: setorcmt_sablon_detail
  -> Jumlah data sumber: 2230 rows
  -> Tabel lokal di-truncate
  -> SUKSES: 2230 rows berhasil di-clone
Memproses tabel: setorcmt_sablon_detail_2022_2023
  -> Jumlah data sumber: 1043 rows
  -> Tabel lokal di-truncate
  -> SUKSES: 1043 rows berhasil di-clone
Memproses tabel: settings
  -> Jumlah data sumber: 0 rows
  -> Tabel lokal di-truncate
  -> Tidak ada data untuk di-clone
Memproses tabel: size_po_online
  -> Jumlah data sumber: 13 rows
  -> Tabel lokal di-truncate
  -> SUKSES: 13 rows berhasil di-clone
Memproses tabel: size_po_produksi
  -> Jumlah data sumber: 0 rows
  -> Tabel lokal di-truncate
  -> Tidak ada data untuk di-clone
Memproses tabel: sj_bordir_luar
  -> Jumlah data sumber: 1102 rows
  -> Tabel lokal di-truncate
  -> SUKSES: 1102 rows berhasil di-clone
Memproses tabel: sj_bordir_luar_detail
  -> Jumlah data sumber: 3455 rows
  -> Tabel lokal di-truncate
  -> SUKSES: 3455 rows berhasil di-clone
Memproses tabel: sj_po_retur
  -> Jumlah data sumber: 0 rows
  -> Tabel lokal di-truncate
  -> Tidak ada data untuk di-clone
Memproses tabel: sj_po_retur_detail
  -> Jumlah data sumber: 0 rows
  -> Tabel lokal di-truncate
  -> Tidak ada data untuk di-clone
Memproses tabel: sj_tagihanbordir
  -> Jumlah data sumber: 2364 rows
  -> Tabel lokal di-truncate
  -> SUKSES: 2364 rows berhasil di-clone
Memproses tabel: sj_tagihanbordir_detail
  -> Jumlah data sumber: 6165 rows
  -> Tabel lokal di-truncate
  -> SUKSES: 6165 rows berhasil di-clone
Memproses tabel: spesifikasi_gambar
  -> Jumlah data sumber: 0 rows
  -> Tabel lokal di-truncate
  -> Tidak ada data untuk di-clone
Memproses tabel: spesifikasi_gambar_po
  -> Jumlah data sumber: 8738 rows
  -> Tabel lokal di-truncate
  -> SUKSES: 8738 rows berhasil di-clone
Memproses tabel: spesifikasi_gambar_po_2022_2023
  -> Jumlah data sumber: 2817 rows
  -> Tabel lokal di-truncate
  -> SUKSES: 2817 rows berhasil di-clone
Memproses tabel: status_pull
  -> Jumlah data sumber: 0 rows
  -> Tabel lokal di-truncate
  -> Tidak ada data untuk di-clone
Memproses tabel: stok_barang_skb
  -> Jumlah data sumber: 173 rows
  -> Tabel lokal di-truncate
  -> SUKSES: 173 rows berhasil di-clone
Memproses tabel: stok_barang_skb_history
  -> Jumlah data sumber: 0 rows
  -> Tabel lokal di-truncate
  -> Tidak ada data untuk di-clone
Memproses tabel: supplier_giro
  -> Jumlah data sumber: 1 rows
  -> Tabel lokal di-truncate
  -> SUKSES: 1 rows berhasil di-clone
Memproses tabel: supplier_giro_pembayaran
  -> Jumlah data sumber: 0 rows
  -> Tabel lokal di-truncate
  -> Tidak ada data untuk di-clone
Memproses tabel: tagihan_poluar
  -> Jumlah data sumber: 409 rows
  -> Tabel lokal di-truncate
  -> SUKSES: 409 rows berhasil di-clone
Memproses tabel: target_mesin
  -> Jumlah data sumber: 52 rows
  -> Tabel lokal di-truncate
  -> SUKSES: 52 rows berhasil di-clone
Memproses tabel: testcron
  -> Jumlah data sumber: 0 rows
  -> Tabel lokal di-truncate
  -> Tidak ada data untuk di-clone
Memproses tabel: timpotong
  -> Jumlah data sumber: 19 rows
  -> Tabel lokal di-truncate
  -> SUKSES: 19 rows berhasil di-clone
Memproses tabel: transferan
  -> Jumlah data sumber: 6386 rows
  -> Tabel lokal di-truncate
  -> SUKSES: 6386 rows berhasil di-clone
Memproses tabel: transport_driver
  -> Jumlah data sumber: 162 rows
  -> Tabel lokal di-truncate
  -> SUKSES: 162 rows berhasil di-clone
Memproses tabel: um_security
  -> Jumlah data sumber: 138 rows
  -> Tabel lokal di-truncate
  -> SUKSES: 138 rows berhasil di-clone
Memproses tabel: um_security_detail
  -> Jumlah data sumber: 683 rows
  -> Tabel lokal di-truncate
  -> SUKSES: 683 rows berhasil di-clone
Memproses tabel: user
  -> Jumlah data sumber: 17 rows
  -> Tabel lokal di-truncate
  -> SUKSES: 17 rows berhasil di-clone
Memproses tabel: user_activity
  -> Jumlah data sumber: 36323 rows
  -> Tabel lokal di-truncate
  -> SUKSES: 36323 rows berhasil di-clone
Memproses tabel: user_request
  -> Jumlah data sumber: 1754 rows
  -> Tabel lokal di-truncate
  -> SUKSES: 1754 rows berhasil di-clone
Memproses tabel: usermenu
  -> Jumlah data sumber: 4649 rows
  -> Tabel lokal di-truncate
  -> SUKSES: 4649 rows berhasil di-clone
Memproses tabel: users
  -> Jumlah data sumber: 2 rows
  -> Tabel lokal di-truncate
  -> SUKSES: 2 rows berhasil di-clone
-----------------------------------
=== CLONE DATABASE SELESAI ===
Tabel sukses : 316
Tabel skip   : 2
Tabel error  : 0
Total rows   : 719769
Waktu selesai: 2026-02-23 12:02:27
PHP Warning:  Undefined array key "HTTP_HOST" in /var/www/fb2/application/config/constants.php on line 78

Warning: Undefined array key "HTTP_HOST" in /var/www/fb2/application/config/constants.php on line 78

A PHP Error was encountered

Severity:    Warning
Message:     mysqli::real_connect(): (HY000/1045): Access denied for user 'forboysp_2223'@'180.254.72.251' (using password: YES)
Filename:    /var/www/fb2/system/database/drivers/mysqli/mysqli_driver.php
Line Number: 212

Backtrace:
	File: /var/www/fb2/application/controllers/CloneDb.php
	Line: 33
	Function: database

	File: /var/www/fb2/index.php
	Line: 315
	Function: require_once


ERROR: Gagal konek ke database sumber!
PHP Warning:  Undefined array key "HTTP_HOST" in /var/www/fb2/application/config/constants.php on line 78

Warning: Undefined array key "HTTP_HOST" in /var/www/fb2/application/config/constants.php on line 78
=== MULAI CLONE DATABASE ===
Sumber: forboysproduction.com / forboysp_2425
Tujuan: localhost / forboysp_2425
Waktu mulai: 2026-02-24 08:12:53
-----------------------------------
Total tabel ditemukan: 318
-----------------------------------
Memproses tabel: absensi
  -> Jumlah data sumber: 0 rows
  -> Tabel lokal di-truncate
  -> Tidak ada data untuk di-clone
Memproses tabel: absensi_bordir
  -> Jumlah data sumber: 0 rows
  -> Tabel lokal di-truncate
  -> Tidak ada data untuk di-clone
Memproses tabel: absensi_bordir_detail
  -> Jumlah data sumber: 0 rows
  -> Tabel lokal di-truncate
  -> Tidak ada data untuk di-clone
Memproses tabel: acc_ajuan_mingguan
  -> Jumlah data sumber: 3 rows
  -> Tabel lokal di-truncate
  -> SUKSES: 3 rows berhasil di-clone
Memproses tabel: adjust_kirimgudang
  -> Jumlah data sumber: 12 rows
  -> Tabel lokal di-truncate
  -> SUKSES: 12 rows berhasil di-clone
Memproses tabel: adjust_kirimgudang_detail
  -> Jumlah data sumber: 0 rows
  -> Tabel lokal di-truncate
  -> Tidak ada data untuk di-clone
Memproses tabel: adjust_kirimsetorcmt
  -> Jumlah data sumber: 10 rows
  -> Tabel lokal di-truncate
  -> SUKSES: 10 rows berhasil di-clone
Memproses tabel: adjust_kirimsetorcmt_detail
  -> Jumlah data sumber: 0 rows
  -> Tabel lokal di-truncate
  -> Tidak ada data untuk di-clone
Memproses tabel: ajuan_benang
  -> Jumlah data sumber: 0 rows
  -> Tabel lokal di-truncate
  -> Tidak ada data untuk di-clone
Memproses tabel: ajuan_benang_detail
  -> Jumlah data sumber: 0 rows
  -> Tabel lokal di-truncate
  -> Tidak ada data untuk di-clone
Memproses tabel: ajuan_kemeja_baru
  -> Jumlah data sumber: 25 rows
  -> Tabel lokal di-truncate
  -> SUKSES: 25 rows berhasil di-clone
Memproses tabel: ajuan_mingguan
  -> Jumlah data sumber: 2312 rows
  -> Tabel lokal di-truncate
  -> SUKSES: 2312 rows berhasil di-clone
Memproses tabel: ajuan_mingguan_detail
  -> Jumlah data sumber: 20801 rows
  -> Tabel lokal di-truncate
  -> SUKSES: 20801 rows berhasil di-clone
Memproses tabel: ajuan_mingguan_detail_kemeja
  -> Jumlah data sumber: 246 rows
  -> Tabel lokal di-truncate
  -> SUKSES: 246 rows berhasil di-clone
Memproses tabel: ajuan_mingguan_kemeja
  -> Jumlah data sumber: 137 rows
  -> Tabel lokal di-truncate
  -> SUKSES: 137 rows berhasil di-clone
Memproses tabel: ajuan_stock_mingguan
  -> Jumlah data sumber: 0 rows
  -> Tabel lokal di-truncate
  -> Tidak ada data untuk di-clone
Memproses tabel: ajuan_transfer
  -> Jumlah data sumber: 130 rows
  -> Tabel lokal di-truncate
  -> SUKSES: 130 rows berhasil di-clone
Memproses tabel: ajuanalatalat
  -> Jumlah data sumber: 3362 rows
  -> Tabel lokal di-truncate
  -> SUKSES: 3362 rows berhasil di-clone
Memproses tabel: ajuanalatalat_detail
  -> Jumlah data sumber: 240 rows
  -> Tabel lokal di-truncate
  -> SUKSES: 240 rows berhasil di-clone
Memproses tabel: aksesdata
  -> Jumlah data sumber: 63 rows
  -> Tabel lokal di-truncate
  -> SUKSES: 63 rows berhasil di-clone
Memproses tabel: alat_sukabumi
  -> Jumlah data sumber: 1225 rows
  -> Tabel lokal di-truncate
  -> SUKSES: 1225 rows berhasil di-clone
Memproses tabel: alert_notif
  -> Jumlah data sumber: 0 rows
  -> Tabel lokal di-truncate
  -> Tidak ada data untuk di-clone
Memproses tabel: alokasi
  -> Jumlah data sumber: 0 rows
  -> Tabel lokal di-truncate
  -> Tidak ada data untuk di-clone
Memproses tabel: alokasi_item
  -> Jumlah data sumber: 0 rows
  -> Tabel lokal di-truncate
  -> Tidak ada data untuk di-clone
Memproses tabel: alokasi_mingguan
  -> Jumlah data sumber: 1 rows
  -> Tabel lokal di-truncate
  -> SUKSES: 1 rows berhasil di-clone
Memproses tabel: alokasi_mingguan_detail
  -> Jumlah data sumber: 2 rows
  -> Tabel lokal di-truncate
  -> SUKSES: 2 rows berhasil di-clone
Memproses tabel: alokasi_po
  -> Jumlah data sumber: 63 rows
  -> Tabel lokal di-truncate
  -> SUKSES: 63 rows berhasil di-clone
Memproses tabel: alokasi_po_2022_2023
  -> Jumlah data sumber: 8 rows
  -> Tabel lokal di-truncate
  -> SUKSES: 8 rows berhasil di-clone
Memproses tabel: alokasi_po_detail
  -> Jumlah data sumber: 402 rows
  -> Tabel lokal di-truncate
  -> SUKSES: 402 rows berhasil di-clone
Memproses tabel: alokasi_po_detail_2022_2023.
  -> SKIP: Nama tabel 'alokasi_po_detail_2022_2023.' mengandung karakter bermasalah
Memproses tabel: alokasi_transferan
  -> Jumlah data sumber: 5978 rows
  -> Tabel lokal di-truncate
  -> SUKSES: 5978 rows berhasil di-clone
Memproses tabel: anggaran_operasional_sukabumi
  -> Jumlah data sumber: 170 rows
  -> Tabel lokal di-truncate
  -> SUKSES: 170 rows berhasil di-clone
Memproses tabel: anggaran_operasional_sukabumi_detail
  -> Jumlah data sumber: 305 rows
  -> Tabel lokal di-truncate
  -> SUKSES: 305 rows berhasil di-clone
Memproses tabel: aruskas
  -> Jumlah data sumber: 3037 rows
  -> Tabel lokal di-truncate
  -> SUKSES: 3037 rows berhasil di-clone
Memproses tabel: bagian
  -> Jumlah data sumber: 27 rows
  -> Tabel lokal di-truncate
  -> SUKSES: 27 rows berhasil di-clone
Memproses tabel: bagian_pengambilan
  -> Jumlah data sumber: 14 rows
  -> Tabel lokal di-truncate
  -> SUKSES: 14 rows berhasil di-clone
Memproses tabel: bagian_user
  -> Jumlah data sumber: 2 rows
  -> Tabel lokal di-truncate
  -> SUKSES: 2 rows berhasil di-clone
Memproses tabel: bank
  -> Jumlah data sumber: 1 rows
  -> Tabel lokal di-truncate
  -> SUKSES: 1 rows berhasil di-clone
Memproses tabel: barangkeluar_harian
  -> Jumlah data sumber: 2559 rows
  -> Tabel lokal di-truncate
  -> SUKSES: 2559 rows berhasil di-clone
Memproses tabel: barangkeluar_harian_2022_2023
  -> Jumlah data sumber: 443 rows
  -> Tabel lokal di-truncate
  -> SUKSES: 443 rows berhasil di-clone
Memproses tabel: barangkeluar_harian_detail
  -> Jumlah data sumber: 10852 rows
  -> Tabel lokal di-truncate
  -> SUKSES: 10852 rows berhasil di-clone
Memproses tabel: barangkeluar_harian_detail_2022_2023
  -> Jumlah data sumber: 2609 rows
  -> Tabel lokal di-truncate
  -> SUKSES: 2609 rows berhasil di-clone
Memproses tabel: barangkeluarharian
  -> Jumlah data sumber: 1625 rows
  -> Tabel lokal di-truncate
  -> SUKSES: 1625 rows berhasil di-clone
Memproses tabel: barangkeluarharian_2022_2023.
  -> SKIP: Nama tabel 'barangkeluarharian_2022_2023.' mengandung karakter bermasalah
Memproses tabel: barangkeluarharian_detail
  -> Jumlah data sumber: 5784 rows
  -> Tabel lokal di-truncate
  -> SUKSES: 5784 rows berhasil di-clone
Memproses tabel: barangkeluarharian_detail_2022_2023
  -> Jumlah data sumber: 4255 rows
  -> Tabel lokal di-truncate
  -> SUKSES: 4255 rows berhasil di-clone
Memproses tabel: biaya_hpp
  -> Jumlah data sumber: 2 rows
  -> Tabel lokal di-truncate
  -> SUKSES: 2 rows berhasil di-clone
Memproses tabel: biaya_hpp_perpo
  -> Jumlah data sumber: 110 rows
  -> Tabel lokal di-truncate
  -> SUKSES: 110 rows berhasil di-clone
Memproses tabel: biaya_hpp_perpodetail
  -> Jumlah data sumber: 253 rows
  -> Tabel lokal di-truncate
  -> SUKSES: 253 rows berhasil di-clone
Memproses tabel: boronganmesin
  -> Jumlah data sumber: 1804 rows
  -> Tabel lokal di-truncate
  -> SUKSES: 1804 rows berhasil di-clone
Memproses tabel: boronganmesin_2022_2023
  -> Jumlah data sumber: 1382 rows
  -> Tabel lokal di-truncate
  -> SUKSES: 1382 rows berhasil di-clone
Memproses tabel: buang_benang_finishing
  -> Jumlah data sumber: 1032 rows
  -> Tabel lokal di-truncate
  -> SUKSES: 1032 rows berhasil di-clone
Memproses tabel: buang_benang_finishing_2022_2023
  -> Jumlah data sumber: 478 rows
  -> Tabel lokal di-truncate
  -> SUKSES: 478 rows berhasil di-clone
Memproses tabel: cache
  -> Jumlah data sumber: 2 rows
  -> Tabel lokal di-truncate
  -> SUKSES: 2 rows berhasil di-clone
Memproses tabel: cache_locks
  -> Jumlah data sumber: 0 rows
  -> Tabel lokal di-truncate
  -> Tidak ada data untuk di-clone
Memproses tabel: claim_potongan_sablon_detail
  -> Jumlah data sumber: 1 rows
  -> Tabel lokal di-truncate
  -> SUKSES: 1 rows berhasil di-clone
Memproses tabel: claim_sablon
  -> Jumlah data sumber: 3 rows
  -> Tabel lokal di-truncate
  -> SUKSES: 3 rows berhasil di-clone
Memproses tabel: claim_timpotong
  -> Jumlah data sumber: 29 rows
  -> Tabel lokal di-truncate
  -> SUKSES: 29 rows berhasil di-clone
Memproses tabel: croscek_admin
  -> Jumlah data sumber: 2 rows
  -> Tabel lokal di-truncate
  -> SUKSES: 2 rows berhasil di-clone
Memproses tabel: cucian
  -> Jumlah data sumber: 949 rows
  -> Tabel lokal di-truncate
  -> SUKSES: 949 rows berhasil di-clone
Memproses tabel: cucian_2022_2023
  -> Jumlah data sumber: 606 rows
  -> Tabel lokal di-truncate
  -> SUKSES: 606 rows berhasil di-clone
Memproses tabel: cucianhpp_history
  -> Jumlah data sumber: 37 rows
  -> Tabel lokal di-truncate
  -> SUKSES: 37 rows berhasil di-clone
Memproses tabel: customer
  -> Jumlah data sumber: 16 rows
  -> Tabel lokal di-truncate
  -> SUKSES: 16 rows berhasil di-clone
Memproses tabel: daftarharga_cmt
  -> Jumlah data sumber: 25 rows
  -> Tabel lokal di-truncate
  -> SUKSES: 25 rows berhasil di-clone
Memproses tabel: distribusi_alat_sukabumi
  -> Jumlah data sumber: 2266 rows
  -> Tabel lokal di-truncate
  -> SUKSES: 2266 rows berhasil di-clone
Memproses tabel: divisi
  -> Jumlah data sumber: 17 rows
  -> Tabel lokal di-truncate
  -> SUKSES: 17 rows berhasil di-clone
Memproses tabel: ekspedisi
  -> Jumlah data sumber: 12 rows
  -> Tabel lokal di-truncate
  -> SUKSES: 12 rows berhasil di-clone
Memproses tabel: failed_jobs
  -> Jumlah data sumber: 0 rows
  -> Tabel lokal di-truncate
  -> Tidak ada data untuk di-clone
Memproses tabel: file_lap_tahunan
  -> Jumlah data sumber: 0 rows
  -> Tabel lokal di-truncate
  -> Tidak ada data untuk di-clone
Memproses tabel: finishing_kirim_gudang
  -> Jumlah data sumber: 3007 rows
  -> Tabel lokal di-truncate
  -> SUKSES: 3007 rows berhasil di-clone
Memproses tabel: finishing_kirim_gudang_2022_2023
  -> Jumlah data sumber: 2253 rows
  -> Tabel lokal di-truncate
  -> SUKSES: 2253 rows berhasil di-clone
Memproses tabel: finishing_kirim_gudang_faktur
  -> Jumlah data sumber: 2815 rows
  -> Tabel lokal di-truncate
  -> SUKSES: 2815 rows berhasil di-clone
Memproses tabel: finishing_kirim_gudang_faktur_2022_2023
  -> Jumlah data sumber: 1597 rows
  -> Tabel lokal di-truncate
  -> SUKSES: 1597 rows berhasil di-clone
Memproses tabel: finishing_kirim_gudang_rincian
  -> Jumlah data sumber: 11277 rows
  -> Tabel lokal di-truncate
  -> SUKSES: 11277 rows berhasil di-clone
Memproses tabel: finishing_kirim_gudang_rincian_2022_2023
  -> Jumlah data sumber: 8624 rows
  -> Tabel lokal di-truncate
  -> SUKSES: 8624 rows berhasil di-clone
Memproses tabel: finishing_proses_updated
  -> Jumlah data sumber: 330 rows
  -> Tabel lokal di-truncate
  -> SUKSES: 330 rows berhasil di-clone
Memproses tabel: formpengambilanalat
  -> Jumlah data sumber: 1472 rows
  -> Tabel lokal di-truncate
  -> SUKSES: 1472 rows berhasil di-clone
Memproses tabel: formpengambilanalat_detail
  -> Jumlah data sumber: 5771 rows
  -> Tabel lokal di-truncate
  -> SUKSES: 5771 rows berhasil di-clone
Memproses tabel: gagal_login
  -> Jumlah data sumber: 53 rows
  -> Tabel lokal di-truncate
  -> SUKSES: 53 rows berhasil di-clone
Memproses tabel: gaji_bulanan
  -> Jumlah data sumber: 55 rows
  -> Tabel lokal di-truncate
  -> SUKSES: 55 rows berhasil di-clone
Memproses tabel: gaji_finishing
  -> Jumlah data sumber: 397 rows
  -> Tabel lokal di-truncate
  -> SUKSES: 397 rows berhasil di-clone
Memproses tabel: gaji_finishing_detail
  -> Jumlah data sumber: 1363 rows
  -> Tabel lokal di-truncate
  -> SUKSES: 1363 rows berhasil di-clone
Memproses tabel: gaji_operator
  -> Jumlah data sumber: 218 rows
  -> Tabel lokal di-truncate
  -> SUKSES: 218 rows berhasil di-clone
Memproses tabel: gaji_operator_detail
  -> Jumlah data sumber: 1632 rows
  -> Tabel lokal di-truncate
  -> SUKSES: 1632 rows berhasil di-clone
Memproses tabel: gaji_operator_detail_new
  -> Jumlah data sumber: 11302 rows
  -> Tabel lokal di-truncate
  -> SUKSES: 11302 rows berhasil di-clone
Memproses tabel: gaji_operator_new
  -> Jumlah data sumber: 1632 rows
  -> Tabel lokal di-truncate
  -> SUKSES: 1632 rows berhasil di-clone
Memproses tabel: gaji_sablon_borongan
  -> Jumlah data sumber: 3672 rows
  -> Tabel lokal di-truncate
  -> SUKSES: 3672 rows berhasil di-clone
Memproses tabel: gaji_sablon_harian
  -> Jumlah data sumber: 307 rows
  -> Tabel lokal di-truncate
  -> SUKSES: 307 rows berhasil di-clone
Memproses tabel: gaji_sablon_harian_detail
  -> Jumlah data sumber: 307 rows
  -> Tabel lokal di-truncate
  -> SUKSES: 307 rows berhasil di-clone
Memproses tabel: gaji_timpotong
  -> Jumlah data sumber: 254 rows
  -> Tabel lokal di-truncate
  -> SUKSES: 254 rows berhasil di-clone
Memproses tabel: gaji_timpotong_detail
  -> Jumlah data sumber: 10042 rows
  -> Tabel lokal di-truncate
  -> SUKSES: 10042 rows berhasil di-clone
Memproses tabel: gajiborongan
  -> Jumlah data sumber: 5 rows
  -> Tabel lokal di-truncate
  -> SUKSES: 5 rows berhasil di-clone
Memproses tabel: gajisukabumi
  -> Jumlah data sumber: 171 rows
  -> Tabel lokal di-truncate
  -> SUKSES: 171 rows berhasil di-clone
Memproses tabel: gajisukabumi_detail
  -> Jumlah data sumber: 444 rows
  -> Tabel lokal di-truncate
  -> SUKSES: 444 rows berhasil di-clone
Memproses tabel: global_daftarharga
  -> Jumlah data sumber: 5 rows
  -> Tabel lokal di-truncate
  -> SUKSES: 5 rows berhasil di-clone
Memproses tabel: gudang_bahan_keluar
  -> Jumlah data sumber: 20259 rows
  -> Tabel lokal di-truncate
  -> SUKSES: 20259 rows berhasil di-clone
Memproses tabel: gudang_bahan_keluar_2022_2023
  -> Jumlah data sumber: 9994 rows
  -> Tabel lokal di-truncate
  -> SUKSES: 9994 rows berhasil di-clone
Memproses tabel: gudang_item_keluar
  -> Jumlah data sumber: 26973 rows
  -> Tabel lokal di-truncate
  -> SUKSES: 26973 rows berhasil di-clone
Memproses tabel: gudang_item_keluar_2022_2023
  -> Jumlah data sumber: 13561 rows
  -> Tabel lokal di-truncate
  -> SUKSES: 13561 rows berhasil di-clone
Memproses tabel: gudang_item_masuk
  -> Jumlah data sumber: 0 rows
  -> Tabel lokal di-truncate
  -> Tidak ada data untuk di-clone
Memproses tabel: gudang_out_po
  -> Jumlah data sumber: 8819 rows
  -> Tabel lokal di-truncate
  -> SUKSES: 8819 rows berhasil di-clone
Memproses tabel: gudang_out_po_2022_2023
  -> Jumlah data sumber: 3749 rows
  -> Tabel lokal di-truncate
  -> SUKSES: 3749 rows berhasil di-clone
Memproses tabel: gudang_pengajuan_item
  -> Jumlah data sumber: 0 rows
  -> Tabel lokal di-truncate
  -> Tidak ada data untuk di-clone
Memproses tabel: gudang_persediaan_item
  -> Jumlah data sumber: 2543 rows
  -> Tabel lokal di-truncate
  -> SUKSES: 2543 rows berhasil di-clone
Memproses tabel: harga_transport
  -> Jumlah data sumber: 8 rows
  -> Tabel lokal di-truncate
  -> SUKSES: 8 rows berhasil di-clone
Memproses tabel: history_stok_penjualan
  -> Jumlah data sumber: 189 rows
  -> Tabel lokal di-truncate
  -> SUKSES: 189 rows berhasil di-clone
Memproses tabel: insentifsecurity
  -> Jumlah data sumber: 3612 rows
  -> Tabel lokal di-truncate
  -> SUKSES: 3612 rows berhasil di-clone
Memproses tabel: insentifsecurity_detail
  -> Jumlah data sumber: 3600 rows
  -> Tabel lokal di-truncate
  -> SUKSES: 3600 rows berhasil di-clone
Memproses tabel: jabatan
  -> Jumlah data sumber: 54 rows
  -> Tabel lokal di-truncate
  -> SUKSES: 54 rows berhasil di-clone
Memproses tabel: jenis_potongan
  -> Jumlah data sumber: 4 rows
  -> Tabel lokal di-truncate
  -> SUKSES: 4 rows berhasil di-clone
Memproses tabel: job_batches
  -> Jumlah data sumber: 0 rows
  -> Tabel lokal di-truncate
  -> Tidak ada data untuk di-clone
Memproses tabel: jobs
  -> Jumlah data sumber: 0 rows
  -> Tabel lokal di-truncate
  -> Tidak ada data untuk di-clone
Memproses tabel: kalender
  -> Jumlah data sumber: 0 rows
  -> Tabel lokal di-truncate
  -> Tidak ada data untuk di-clone
Memproses tabel: kartustok_product
  -> Jumlah data sumber: 82168 rows
  -> Tabel lokal di-truncate
  -> SUKSES: 82168 rows berhasil di-clone
Memproses tabel: karyawan
  -> Jumlah data sumber: 75 rows
  -> Tabel lokal di-truncate
  -> SUKSES: 75 rows berhasil di-clone
Memproses tabel: karyawan_harian
  -> Jumlah data sumber: 266 rows
  -> Tabel lokal di-truncate
  -> SUKSES: 266 rows berhasil di-clone
Memproses tabel: karyawan_skb
  -> Jumlah data sumber: 5 rows
  -> Tabel lokal di-truncate
  -> SUKSES: 5 rows berhasil di-clone
Memproses tabel: kasbon
  -> Jumlah data sumber: 1457 rows
  -> Tabel lokal di-truncate
  -> SUKSES: 1457 rows berhasil di-clone
Memproses tabel: kasbon_acc
  -> Jumlah data sumber: 0 rows
  -> Tabel lokal di-truncate
  -> Tidak ada data untuk di-clone
Memproses tabel: kategori_bahan
  -> Jumlah data sumber: 0 rows
  -> Tabel lokal di-truncate
  -> Tidak ada data untuk di-clone
Memproses tabel: kategori_barang
  -> Jumlah data sumber: 41 rows
  -> Tabel lokal di-truncate
  -> SUKSES: 41 rows berhasil di-clone
Memproses tabel: kelola_mesin_bordir
  -> Jumlah data sumber: 19055 rows
  -> Tabel lokal di-truncate
  -> SUKSES: 19055 rows berhasil di-clone
Memproses tabel: kelola_mesin_bordir_2022_2023
  -> Jumlah data sumber: 9908 rows
  -> Tabel lokal di-truncate
  -> SUKSES: 9908 rows berhasil di-clone
Memproses tabel: kelola_po_nota_kirim_cmt
  -> Jumlah data sumber: 0 rows
  -> Tabel lokal di-truncate
  -> Tidak ada data untuk di-clone
Memproses tabel: kelolapo_buang_benang
  -> Jumlah data sumber: 55224 rows
  -> Tabel lokal di-truncate
  -> SUKSES: 55224 rows berhasil di-clone
Memproses tabel: kelolapo_buang_benang_2022_2023
  -> Jumlah data sumber: 35143 rows
  -> Tabel lokal di-truncate
  -> SUKSES: 35143 rows berhasil di-clone
Memproses tabel: kelolapo_kirim_setor
  -> Jumlah data sumber: 18346 rows
  -> Tabel lokal di-truncate
  -> SUKSES: 18346 rows berhasil di-clone
Memproses tabel: kelolapo_kirim_setor_2022_2023
  -> Jumlah data sumber: 8493 rows
  -> Tabel lokal di-truncate
  -> SUKSES: 8493 rows berhasil di-clone
Memproses tabel: kelolapo_kirim_setor_atas
  -> Jumlah data sumber: 0 rows
  -> Tabel lokal di-truncate
  -> Tidak ada data untuk di-clone
Memproses tabel: kelolapo_kirim_setor_bawah
  -> Jumlah data sumber: 0 rows
  -> Tabel lokal di-truncate
  -> Tidak ada data untuk di-clone
Memproses tabel: kelolapo_kirim_setor_celana
  -> Jumlah data sumber: 0 rows
  -> Tabel lokal di-truncate
  -> Tidak ada data untuk di-clone
Memproses tabel: kelolapo_pengecekan_potongan
  -> Jumlah data sumber: 0 rows
  -> Tabel lokal di-truncate
  -> Tidak ada data untuk di-clone
Memproses tabel: kelolapo_pengecekan_potongan_atas
  -> Jumlah data sumber: 0 rows
  -> Tabel lokal di-truncate
  -> Tidak ada data untuk di-clone
Memproses tabel: kelolapo_pengecekan_potongan_bawah
  -> Jumlah data sumber: 0 rows
  -> Tabel lokal di-truncate
  -> Tidak ada data untuk di-clone
Memproses tabel: kelolapo_rincian_setor_cmt
  -> Jumlah data sumber: 2840 rows
  -> Tabel lokal di-truncate
  -> SUKSES: 2840 rows berhasil di-clone
Memproses tabel: kelolapo_rincian_setor_cmt_2022_2023
  -> Jumlah data sumber: 1496 rows
  -> Tabel lokal di-truncate
  -> SUKSES: 1496 rows berhasil di-clone
Memproses tabel: kelolapo_rincian_setor_cmt_celana
  -> Jumlah data sumber: 869 rows
  -> Tabel lokal di-truncate
  -> SUKSES: 869 rows berhasil di-clone
Memproses tabel: kelolapo_rincian_setor_cmt_finish
  -> Jumlah data sumber: 10137 rows
  -> Tabel lokal di-truncate
  -> SUKSES: 10137 rows berhasil di-clone
Memproses tabel: kelolapo_rincian_setor_cmt_finish_2022_2023
  -> Jumlah data sumber: 4804 rows
  -> Tabel lokal di-truncate
  -> SUKSES: 4804 rows berhasil di-clone
Memproses tabel: kelolapo_rincian_setor_cmt_finish_celana
  -> Jumlah data sumber: 3339 rows
  -> Tabel lokal di-truncate
  -> SUKSES: 3339 rows berhasil di-clone
Memproses tabel: keterangan_alokasipo
  -> Jumlah data sumber: 6 rows
  -> Tabel lokal di-truncate
  -> SUKSES: 6 rows berhasil di-clone
Memproses tabel: kirimbupot
  -> Jumlah data sumber: 76 rows
  -> Tabel lokal di-truncate
  -> SUKSES: 76 rows berhasil di-clone
Memproses tabel: kirimbupot_detail
  -> Jumlah data sumber: 765 rows
  -> Tabel lokal di-truncate
  -> SUKSES: 765 rows berhasil di-clone
Memproses tabel: kirimcmt
  -> Jumlah data sumber: 1158 rows
  -> Tabel lokal di-truncate
  -> SUKSES: 1158 rows berhasil di-clone
Memproses tabel: kirimcmt_2022_2023
  -> Jumlah data sumber: 547 rows
  -> Tabel lokal di-truncate
  -> SUKSES: 547 rows berhasil di-clone
Memproses tabel: kirimcmt_celana
  -> Jumlah data sumber: 161 rows
  -> Tabel lokal di-truncate
  -> SUKSES: 161 rows berhasil di-clone
Memproses tabel: kirimcmt_celana_detail
  -> Jumlah data sumber: 621 rows
  -> Tabel lokal di-truncate
  -> SUKSES: 621 rows berhasil di-clone
Memproses tabel: kirimcmt_detail
  -> Jumlah data sumber: 4425 rows
  -> Tabel lokal di-truncate
  -> SUKSES: 4425 rows berhasil di-clone
Memproses tabel: kirimcmt_detail_2022_2023
  -> Jumlah data sumber: 1758 rows
  -> Tabel lokal di-truncate
  -> SUKSES: 1758 rows berhasil di-clone
Memproses tabel: kirimcmt_detailatas
  -> Jumlah data sumber: 0 rows
  -> Tabel lokal di-truncate
  -> Tidak ada data untuk di-clone
Memproses tabel: kirimcmt_detailbawah
  -> Jumlah data sumber: 0 rows
  -> Tabel lokal di-truncate
  -> Tidak ada data untuk di-clone
Memproses tabel: kirimcmt_po
  -> Jumlah data sumber: 0 rows
  -> Tabel lokal di-truncate
  -> Tidak ada data untuk di-clone
Memproses tabel: kirimcmtbordir
  -> Jumlah data sumber: 0 rows
  -> Tabel lokal di-truncate
  -> Tidak ada data untuk di-clone
Memproses tabel: kirimcmtbordir_detail
  -> Jumlah data sumber: 0 rows
  -> Tabel lokal di-truncate
  -> Tidak ada data untuk di-clone
Memproses tabel: kirimcmtsablon
  -> Jumlah data sumber: 600 rows
  -> Tabel lokal di-truncate
  -> SUKSES: 600 rows berhasil di-clone
Memproses tabel: kirimcmtsablon_2022_2023
  -> Jumlah data sumber: 404 rows
  -> Tabel lokal di-truncate
  -> SUKSES: 404 rows berhasil di-clone
Memproses tabel: kirimcmtsablon_detail
  -> Jumlah data sumber: 2606 rows
  -> Tabel lokal di-truncate
  -> SUKSES: 2606 rows berhasil di-clone
Memproses tabel: kirimcmtsablon_detail_2022_2023
  -> Jumlah data sumber: 1063 rows
  -> Tabel lokal di-truncate
  -> SUKSES: 1063 rows berhasil di-clone
Memproses tabel: kirimgudang_bulanan
  -> Jumlah data sumber: 0 rows
  -> Tabel lokal di-truncate
  -> Tidak ada data untuk di-clone
Memproses tabel: kirimsetor_bulanan
  -> Jumlah data sumber: 0 rows
  -> Tabel lokal di-truncate
  -> Tidak ada data untuk di-clone
Memproses tabel: klo_bulanan
  -> Jumlah data sumber: 0 rows
  -> Tabel lokal di-truncate
  -> Tidak ada data untuk di-clone
Memproses tabel: konveksi_buku_potongan
  -> Jumlah data sumber: 2940 rows
  -> Tabel lokal di-truncate
  -> SUKSES: 2940 rows berhasil di-clone
Memproses tabel: konveksi_buku_potongan_2022_2023
  -> Jumlah data sumber: 1647 rows
  -> Tabel lokal di-truncate
  -> SUKSES: 1647 rows berhasil di-clone
Memproses tabel: konveksi_buku_potongan_utama
  -> Jumlah data sumber: 10685 rows
  -> Tabel lokal di-truncate
  -> SUKSES: 10685 rows berhasil di-clone
Memproses tabel: konveksi_buku_potongan_utama_2022_2023
  -> Jumlah data sumber: 6072 rows
  -> Tabel lokal di-truncate
  -> SUKSES: 6072 rows berhasil di-clone
Memproses tabel: konveksi_buku_potongan_variasi
  -> Jumlah data sumber: 6064 rows
  -> Tabel lokal di-truncate
  -> SUKSES: 6064 rows berhasil di-clone
Memproses tabel: konveksi_buku_potongan_variasi_2022_2023
  -> Jumlah data sumber: 2276 rows
  -> Tabel lokal di-truncate
  -> SUKSES: 2276 rows berhasil di-clone
Memproses tabel: laba_produksi
  -> Jumlah data sumber: 0 rows
  -> Tabel lokal di-truncate
  -> Tidak ada data untuk di-clone
Memproses tabel: lampiran_alat
  -> Jumlah data sumber: 0 rows
  -> Tabel lokal di-truncate
  -> Tidak ada data untuk di-clone
Memproses tabel: laporanexpedisi
  -> Jumlah data sumber: 0 rows
  -> Tabel lokal di-truncate
  -> Tidak ada data untuk di-clone
Memproses tabel: lembur_harian
  -> Jumlah data sumber: 54 rows
  -> Tabel lokal di-truncate
  -> SUKSES: 54 rows berhasil di-clone
Memproses tabel: log_user
  -> Jumlah data sumber: 9224 rows
  -> Tabel lokal di-truncate
  -> SUKSES: 9224 rows berhasil di-clone
Memproses tabel: lokasi_cmt
  -> Jumlah data sumber: 6 rows
  -> Tabel lokal di-truncate
  -> SUKSES: 6 rows berhasil di-clone
Memproses tabel: marketplace
  -> Jumlah data sumber: 4 rows
  -> Tabel lokal di-truncate
  -> SUKSES: 4 rows berhasil di-clone
Memproses tabel: master_cmt
  -> Jumlah data sumber: 104 rows
  -> Tabel lokal di-truncate
  -> SUKSES: 104 rows berhasil di-clone
Memproses tabel: master_cmt_job
  -> Jumlah data sumber: 261 rows
  -> Tabel lokal di-truncate
  -> SUKSES: 261 rows berhasil di-clone
Memproses tabel: master_gudang
  -> Jumlah data sumber: 2 rows
  -> Tabel lokal di-truncate
  -> SUKSES: 2 rows berhasil di-clone
Memproses tabel: master_harga_gaji
  -> Jumlah data sumber: 30 rows
  -> Tabel lokal di-truncate
  -> SUKSES: 30 rows berhasil di-clone
Memproses tabel: master_harga_potongan
  -> Jumlah data sumber: 86 rows
  -> Tabel lokal di-truncate
  -> SUKSES: 86 rows berhasil di-clone
Memproses tabel: master_jenis_kaos
  -> Jumlah data sumber: 39 rows
  -> Tabel lokal di-truncate
  -> SUKSES: 39 rows berhasil di-clone
Memproses tabel: master_jenis_po
  -> Jumlah data sumber: 103 rows
  -> Tabel lokal di-truncate
  -> SUKSES: 103 rows berhasil di-clone
Memproses tabel: master_job
  -> Jumlah data sumber: 172 rows
  -> Tabel lokal di-truncate
  -> SUKSES: 172 rows berhasil di-clone
Memproses tabel: master_karyawan_benang
  -> Jumlah data sumber: 62 rows
  -> Tabel lokal di-truncate
  -> SUKSES: 62 rows berhasil di-clone
Memproses tabel: master_karyawan_bordir
  -> Jumlah data sumber: 144 rows
  -> Tabel lokal di-truncate
  -> SUKSES: 144 rows berhasil di-clone
Memproses tabel: master_karyawan_finishing_gudang
  -> Jumlah data sumber: 7 rows
  -> Tabel lokal di-truncate
  -> SUKSES: 7 rows berhasil di-clone
Memproses tabel: master_karyawan_pengecekan
  -> Jumlah data sumber: 9 rows
  -> Tabel lokal di-truncate
  -> SUKSES: 9 rows berhasil di-clone
Memproses tabel: master_menu
  -> Jumlah data sumber: 42 rows
  -> Tabel lokal di-truncate
  -> SUKSES: 42 rows berhasil di-clone
Memproses tabel: master_mesin
  -> Jumlah data sumber: 17 rows
  -> Tabel lokal di-truncate
  -> SUKSES: 17 rows berhasil di-clone
Memproses tabel: master_nama_po
  -> Jumlah data sumber: 0 rows
  -> Tabel lokal di-truncate
  -> Tidak ada data untuk di-clone
Memproses tabel: master_po_luar
  -> Jumlah data sumber: 1798 rows
  -> Tabel lokal di-truncate
  -> SUKSES: 1798 rows berhasil di-clone
Memproses tabel: master_po_luar_2223
  -> Jumlah data sumber: 1450 rows
  -> Tabel lokal di-truncate
  -> SUKSES: 1450 rows berhasil di-clone
Memproses tabel: master_po_online
  -> Jumlah data sumber: 76 rows
  -> Tabel lokal di-truncate
  -> SUKSES: 76 rows berhasil di-clone
Memproses tabel: master_po_online_detail
  -> Jumlah data sumber: 1114 rows
  -> Tabel lokal di-truncate
  -> SUKSES: 1114 rows berhasil di-clone
Memproses tabel: master_po_online_serian
  -> Jumlah data sumber: 18 rows
  -> Tabel lokal di-truncate
  -> SUKSES: 18 rows berhasil di-clone
Memproses tabel: master_progress
  -> Jumlah data sumber: 4 rows
  -> Tabel lokal di-truncate
  -> SUKSES: 4 rows berhasil di-clone
Memproses tabel: master_satuan_barang
  -> Jumlah data sumber: 23 rows
  -> Tabel lokal di-truncate
  -> SUKSES: 23 rows berhasil di-clone
Memproses tabel: master_size
  -> Jumlah data sumber: 22 rows
  -> Tabel lokal di-truncate
  -> SUKSES: 22 rows berhasil di-clone
Memproses tabel: master_supplier
  -> Jumlah data sumber: 110 rows
  -> Tabel lokal di-truncate
  -> SUKSES: 110 rows berhasil di-clone
Memproses tabel: masterdata_hargapo
  -> Jumlah data sumber: 22 rows
  -> Tabel lokal di-truncate
  -> SUKSES: 22 rows berhasil di-clone
Memproses tabel: masterharga_bahan
  -> Jumlah data sumber: 0 rows
  -> Tabel lokal di-truncate
  -> Tidak ada data untuk di-clone
Memproses tabel: mastersize_potongan
  -> Jumlah data sumber: 16 rows
  -> Tabel lokal di-truncate
  -> SUKSES: 16 rows berhasil di-clone
Memproses tabel: menu
  -> Jumlah data sumber: 460 rows
  -> Tabel lokal di-truncate
  -> SUKSES: 460 rows berhasil di-clone
Memproses tabel: mesin_bordir
  -> Jumlah data sumber: 22 rows
  -> Tabel lokal di-truncate
  -> SUKSES: 22 rows berhasil di-clone
Memproses tabel: migrations
  -> Jumlah data sumber: 4 rows
  -> Tabel lokal di-truncate
  -> SUKSES: 4 rows berhasil di-clone
Memproses tabel: model_po
  -> Jumlah data sumber: 20 rows
  -> Tabel lokal di-truncate
  -> SUKSES: 20 rows berhasil di-clone
Memproses tabel: notifikasi
  -> Jumlah data sumber: 3501 rows
  -> Tabel lokal di-truncate
  -> SUKSES: 3501 rows berhasil di-clone
Memproses tabel: operational
  -> Jumlah data sumber: 1 rows
  -> Tabel lokal di-truncate
  -> SUKSES: 1 rows berhasil di-clone
Memproses tabel: packing
  -> Jumlah data sumber: 488 rows
  -> Tabel lokal di-truncate
  -> SUKSES: 488 rows berhasil di-clone
Memproses tabel: packing_2022_2023
  -> Jumlah data sumber: 494 rows
  -> Tabel lokal di-truncate
  -> SUKSES: 494 rows berhasil di-clone
Memproses tabel: packing_po
  -> Jumlah data sumber: 11 rows
  -> Tabel lokal di-truncate
  -> SUKSES: 11 rows berhasil di-clone
Memproses tabel: password_reset_tokens
  -> Jumlah data sumber: 0 rows
  -> Tabel lokal di-truncate
  -> Tidak ada data untuk di-clone
Memproses tabel: pelunasan_pembayaran_skb
  -> Jumlah data sumber: 37 rows
  -> Tabel lokal di-truncate
  -> SUKSES: 37 rows berhasil di-clone
Memproses tabel: pembayaran_cmt
  -> Jumlah data sumber: 1989 rows
  -> Tabel lokal di-truncate
  -> SUKSES: 1989 rows berhasil di-clone
Memproses tabel: pembayaran_cmt_2022_2023
  -> Jumlah data sumber: 682 rows
  -> Tabel lokal di-truncate
  -> SUKSES: 682 rows berhasil di-clone
Memproses tabel: pembayaran_cmt_detail
  -> Jumlah data sumber: 6931 rows
  -> Tabel lokal di-truncate
  -> SUKSES: 6931 rows berhasil di-clone
Memproses tabel: pembayaran_cmt_tambahan_lainnya
  -> Jumlah data sumber: 0 rows
  -> Tabel lokal di-truncate
  -> Tidak ada data untuk di-clone
Memproses tabel: pembayaran_sablon
  -> Jumlah data sumber: 0 rows
  -> Tabel lokal di-truncate
  -> Tidak ada data untuk di-clone
Memproses tabel: pembayaran_skb
  -> Jumlah data sumber: 154 rows
  -> Tabel lokal di-truncate
  -> SUKSES: 154 rows berhasil di-clone
Memproses tabel: pembayaran_skb_2022_2023
  -> Jumlah data sumber: 47 rows
  -> Tabel lokal di-truncate
  -> SUKSES: 47 rows berhasil di-clone
Memproses tabel: pembayaran_skb_alat
  -> Jumlah data sumber: 260 rows
  -> Tabel lokal di-truncate
  -> SUKSES: 260 rows berhasil di-clone
Memproses tabel: pembayaran_skb_pmb
  -> Jumlah data sumber: 154 rows
  -> Tabel lokal di-truncate
  -> SUKSES: 154 rows berhasil di-clone
Memproses tabel: pembayaran_skb_po
  -> Jumlah data sumber: 154 rows
  -> Tabel lokal di-truncate
  -> SUKSES: 154 rows berhasil di-clone
Memproses tabel: pembayaran_skb_setor
  -> Jumlah data sumber: 287 rows
  -> Tabel lokal di-truncate
  -> SUKSES: 287 rows berhasil di-clone
Memproses tabel: pemilik_poluar
  -> Jumlah data sumber: 10 rows
  -> Tabel lokal di-truncate
  -> SUKSES: 10 rows berhasil di-clone
Memproses tabel: pendapatan_transport
  -> Jumlah data sumber: 223 rows
  -> Tabel lokal di-truncate
  -> SUKSES: 223 rows berhasil di-clone
Memproses tabel: penerimaan_item
  -> Jumlah data sumber: 5249 rows
  -> Tabel lokal di-truncate
  -> SUKSES: 5249 rows berhasil di-clone
Memproses tabel: penerimaan_item_detail
  -> Jumlah data sumber: 13962 rows
  -> Tabel lokal di-truncate
  -> SUKSES: 13962 rows berhasil di-clone
Memproses tabel: pengajuan_barang
  -> Jumlah data sumber: 0 rows
  -> Tabel lokal di-truncate
  -> Tidak ada data untuk di-clone
Memproses tabel: pengajuan_harian_new
  -> Jumlah data sumber: 3994 rows
  -> Tabel lokal di-truncate
  -> SUKSES: 3994 rows berhasil di-clone
Memproses tabel: pengajuan_harian_new_detail
  -> Jumlah data sumber: 23571 rows
  -> Tabel lokal di-truncate
  -> SUKSES: 23571 rows berhasil di-clone
Memproses tabel: pengalihanpo
  -> Jumlah data sumber: 81 rows
  -> Tabel lokal di-truncate
  -> SUKSES: 81 rows berhasil di-clone
Memproses tabel: pengalihanpo_2022_2023
  -> Jumlah data sumber: 44 rows
  -> Tabel lokal di-truncate
  -> SUKSES: 44 rows berhasil di-clone
Memproses tabel: pengalokasian
  -> Jumlah data sumber: 21 rows
  -> Tabel lokal di-truncate
  -> SUKSES: 21 rows berhasil di-clone
Memproses tabel: pengeluaran_bordir
  -> Jumlah data sumber: 64 rows
  -> Tabel lokal di-truncate
  -> SUKSES: 64 rows berhasil di-clone
Memproses tabel: pengeluaran_bordir_detail
  -> Jumlah data sumber: 305 rows
  -> Tabel lokal di-truncate
  -> SUKSES: 305 rows berhasil di-clone
Memproses tabel: pengeluaran_sablon
  -> Jumlah data sumber: 164 rows
  -> Tabel lokal di-truncate
  -> SUKSES: 164 rows berhasil di-clone
Memproses tabel: pengembalian_bangke
  -> Jumlah data sumber: 397 rows
  -> Tabel lokal di-truncate
  -> SUKSES: 397 rows berhasil di-clone
Memproses tabel: pengembalian_bangke_2022_2023
  -> Jumlah data sumber: 160 rows
  -> Tabel lokal di-truncate
  -> SUKSES: 160 rows berhasil di-clone
Memproses tabel: penjualan_online
  -> Jumlah data sumber: 64 rows
  -> Tabel lokal di-truncate
  -> SUKSES: 64 rows berhasil di-clone
Memproses tabel: penjualan_online_product
  -> Jumlah data sumber: 157 rows
  -> Tabel lokal di-truncate
  -> SUKSES: 157 rows berhasil di-clone
Memproses tabel: periodeproduksi
  -> Jumlah data sumber: 1 rows
  -> Tabel lokal di-truncate
  -> SUKSES: 1 rows berhasil di-clone
Memproses tabel: personal_access_tokens
  -> Jumlah data sumber: 505 rows
  -> Tabel lokal di-truncate
  -> SUKSES: 505 rows berhasil di-clone
Memproses tabel: pinjaman_cmt
  -> Jumlah data sumber: 9 rows
  -> Tabel lokal di-truncate
  -> SUKSES: 9 rows berhasil di-clone
Memproses tabel: pinjaman_karyawan
  -> Jumlah data sumber: 60 rows
  -> Tabel lokal di-truncate
  -> SUKSES: 60 rows berhasil di-clone
Memproses tabel: pinjaman_karyawan_detail
  -> Jumlah data sumber: 0 rows
  -> Tabel lokal di-truncate
  -> Tidak ada data untuk di-clone
Memproses tabel: po_online
  -> Jumlah data sumber: 0 rows
  -> Tabel lokal di-truncate
  -> Tidak ada data untuk di-clone
Memproses tabel: po_online_stok
  -> Jumlah data sumber: 0 rows
  -> Tabel lokal di-truncate
  -> Tidak ada data untuk di-clone
Memproses tabel: po_online_tracking
  -> Jumlah data sumber: 0 rows
  -> Tabel lokal di-truncate
  -> Tidak ada data untuk di-clone
Memproses tabel: po_retur
  -> Jumlah data sumber: 119 rows
  -> Tabel lokal di-truncate
  -> SUKSES: 119 rows berhasil di-clone
Memproses tabel: po_retur_detail
  -> Jumlah data sumber: 500 rows
  -> Tabel lokal di-truncate
  -> SUKSES: 500 rows berhasil di-clone
Memproses tabel: podiluaralokasi
  -> Jumlah data sumber: 2 rows
  -> Tabel lokal di-truncate
  -> SUKSES: 2 rows berhasil di-clone
Memproses tabel: podiluaralokasi_detail
  -> Jumlah data sumber: 18 rows
  -> Tabel lokal di-truncate
  -> SUKSES: 18 rows berhasil di-clone
Memproses tabel: pogagalproduksi
  -> Jumlah data sumber: 0 rows
  -> Tabel lokal di-truncate
  -> Tidak ada data untuk di-clone
Memproses tabel: potongan_alat
  -> Jumlah data sumber: 5147 rows
  -> Tabel lokal di-truncate
  -> SUKSES: 5147 rows berhasil di-clone
Memproses tabel: potongan_bangke
  -> Jumlah data sumber: 498 rows
  -> Tabel lokal di-truncate
  -> SUKSES: 498 rows berhasil di-clone
Memproses tabel: potongan_bangke_2022_2023
  -> Jumlah data sumber: 249 rows
  -> Tabel lokal di-truncate
  -> SUKSES: 249 rows berhasil di-clone
Memproses tabel: potongan_bulanan
  -> Jumlah data sumber: 0 rows
  -> Tabel lokal di-truncate
  -> Tidak ada data untuk di-clone
Memproses tabel: potongan_mesin
  -> Jumlah data sumber: 76 rows
  -> Tabel lokal di-truncate
  -> SUKSES: 76 rows berhasil di-clone
Memproses tabel: potongan_operator
  -> Jumlah data sumber: 7 rows
  -> Tabel lokal di-truncate
  -> SUKSES: 7 rows berhasil di-clone
Memproses tabel: potongan_pinjaman_cmt
  -> Jumlah data sumber: 39 rows
  -> Tabel lokal di-truncate
  -> SUKSES: 39 rows berhasil di-clone
Memproses tabel: potongan_pinjaman_karyawan
  -> Jumlah data sumber: 234 rows
  -> Tabel lokal di-truncate
  -> SUKSES: 234 rows berhasil di-clone
Memproses tabel: potongan_vermak
  -> Jumlah data sumber: 682 rows
  -> Tabel lokal di-truncate
  -> SUKSES: 682 rows berhasil di-clone
Memproses tabel: product
  -> Jumlah data sumber: 2533 rows
  -> Tabel lokal di-truncate
  -> SUKSES: 2533 rows berhasil di-clone
Memproses tabel: produksi_po
  -> Jumlah data sumber: 1963 rows
  -> Tabel lokal di-truncate
  -> SUKSES: 1963 rows berhasil di-clone
Memproses tabel: produksi_po_2022_2023_
  -> Jumlah data sumber: 1639 rows
  -> Tabel lokal di-truncate
  -> SUKSES: 1639 rows berhasil di-clone
Memproses tabel: produksi_po_2023_2024
  -> Jumlah data sumber: 988 rows
  -> Tabel lokal di-truncate
  -> SUKSES: 988 rows berhasil di-clone
Memproses tabel: proggresion_po
  -> Jumlah data sumber: 15 rows
  -> Tabel lokal di-truncate
  -> SUKSES: 15 rows berhasil di-clone
Memproses tabel: proses_po
  -> Jumlah data sumber: 472 rows
  -> Tabel lokal di-truncate
  -> SUKSES: 472 rows berhasil di-clone
Memproses tabel: proses_po_2022_2023
  -> Jumlah data sumber: 139 rows
  -> Tabel lokal di-truncate
  -> SUKSES: 139 rows berhasil di-clone
Memproses tabel: rekapbarangsupplier
  -> Jumlah data sumber: 361 rows
  -> Tabel lokal di-truncate
  -> SUKSES: 361 rows berhasil di-clone
Memproses tabel: rekapbarangsupplier_detail
  -> Jumlah data sumber: 1444 rows
  -> Tabel lokal di-truncate
  -> SUKSES: 1444 rows berhasil di-clone
Memproses tabel: rekapinsentif_security
  -> Jumlah data sumber: 49 rows
  -> Tabel lokal di-truncate
  -> SUKSES: 49 rows berhasil di-clone
Memproses tabel: request_harga
  -> Jumlah data sumber: 3 rows
  -> Tabel lokal di-truncate
  -> SUKSES: 3 rows berhasil di-clone
Memproses tabel: rijek
  -> Jumlah data sumber: 112 rows
  -> Tabel lokal di-truncate
  -> SUKSES: 112 rows berhasil di-clone
Memproses tabel: rijek_2022_2023
  -> Jumlah data sumber: 209 rows
  -> Tabel lokal di-truncate
  -> SUKSES: 209 rows berhasil di-clone
Memproses tabel: sablon_sewarumah
  -> Jumlah data sumber: 1 rows
  -> Tabel lokal di-truncate
  -> SUKSES: 1 rows berhasil di-clone
Memproses tabel: sablon_sewarumah_detail
  -> Jumlah data sumber: 0 rows
  -> Tabel lokal di-truncate
  -> Tidak ada data untuk di-clone
Memproses tabel: sablonbawahan
  -> Jumlah data sumber: 0 rows
  -> Tabel lokal di-truncate
  -> Tidak ada data untuk di-clone
Memproses tabel: sessions
  -> Jumlah data sumber: 92 rows
  -> Tabel lokal di-truncate
  -> SUKSES: 92 rows berhasil di-clone
Memproses tabel: set_tgl_laporan
  -> Jumlah data sumber: 0 rows
  -> Tabel lokal di-truncate
  -> Tidak ada data untuk di-clone
Memproses tabel: set_tgl_laporan_tgl
  -> Jumlah data sumber: 0 rows
  -> Tabel lokal di-truncate
  -> Tidak ada data untuk di-clone
Memproses tabel: setorcmt
  -> Jumlah data sumber: 2036 rows
  -> Tabel lokal di-truncate
  -> SUKSES: 2036 rows berhasil di-clone
Memproses tabel: setorcmt_2022_2023
  -> Jumlah data sumber: 1067 rows
  -> Tabel lokal di-truncate
  -> SUKSES: 1067 rows berhasil di-clone
Memproses tabel: setorcmt_detail
  -> Jumlah data sumber: 3544 rows
  -> Tabel lokal di-truncate
  -> SUKSES: 3544 rows berhasil di-clone
Memproses tabel: setorcmt_detail_2022_2023
  -> Jumlah data sumber: 1605 rows
  -> Tabel lokal di-truncate
  -> SUKSES: 1605 rows berhasil di-clone
Memproses tabel: setorcmt_sablon
  -> Jumlah data sumber: 0 rows
  -> Tabel lokal di-truncate
  -> Tidak ada data untuk di-clone
Memproses tabel: setorcmt_sablon_detail
  -> Jumlah data sumber: 2230 rows
  -> Tabel lokal di-truncate
  -> SUKSES: 2230 rows berhasil di-clone
Memproses tabel: setorcmt_sablon_detail_2022_2023
  -> Jumlah data sumber: 1043 rows
  -> Tabel lokal di-truncate
  -> SUKSES: 1043 rows berhasil di-clone
Memproses tabel: settings
  -> Jumlah data sumber: 0 rows
  -> Tabel lokal di-truncate
  -> Tidak ada data untuk di-clone
Memproses tabel: size_po_online
  -> Jumlah data sumber: 13 rows
  -> Tabel lokal di-truncate
  -> SUKSES: 13 rows berhasil di-clone
Memproses tabel: size_po_produksi
  -> Jumlah data sumber: 0 rows
  -> Tabel lokal di-truncate
  -> Tidak ada data untuk di-clone
Memproses tabel: sj_bordir_luar
  -> Jumlah data sumber: 1104 rows
  -> Tabel lokal di-truncate
  -> SUKSES: 1104 rows berhasil di-clone
Memproses tabel: sj_bordir_luar_detail
  -> Jumlah data sumber: 3461 rows
  -> Tabel lokal di-truncate
  -> SUKSES: 3461 rows berhasil di-clone
Memproses tabel: sj_po_retur
  -> Jumlah data sumber: 0 rows
  -> Tabel lokal di-truncate
  -> Tidak ada data untuk di-clone
Memproses tabel: sj_po_retur_detail
  -> Jumlah data sumber: 0 rows
  -> Tabel lokal di-truncate
  -> Tidak ada data untuk di-clone
Memproses tabel: sj_tagihanbordir
  -> Jumlah data sumber: 2364 rows
  -> Tabel lokal di-truncate
  -> SUKSES: 2364 rows berhasil di-clone
Memproses tabel: sj_tagihanbordir_detail
  -> Jumlah data sumber: 6165 rows
  -> Tabel lokal di-truncate
  -> SUKSES: 6165 rows berhasil di-clone
Memproses tabel: spesifikasi_gambar
  -> Jumlah data sumber: 0 rows
  -> Tabel lokal di-truncate
  -> Tidak ada data untuk di-clone
Memproses tabel: spesifikasi_gambar_po
  -> Jumlah data sumber: 8738 rows
  -> Tabel lokal di-truncate
  -> SUKSES: 8738 rows berhasil di-clone
Memproses tabel: spesifikasi_gambar_po_2022_2023
  -> Jumlah data sumber: 2817 rows
  -> Tabel lokal di-truncate
  -> SUKSES: 2817 rows berhasil di-clone
Memproses tabel: status_pull
  -> Jumlah data sumber: 0 rows
  -> Tabel lokal di-truncate
  -> Tidak ada data untuk di-clone
Memproses tabel: stok_barang_skb
  -> Jumlah data sumber: 173 rows
  -> Tabel lokal di-truncate
  -> SUKSES: 173 rows berhasil di-clone
Memproses tabel: stok_barang_skb_history
  -> Jumlah data sumber: 0 rows
  -> Tabel lokal di-truncate
  -> Tidak ada data untuk di-clone
Memproses tabel: supplier_giro
  -> Jumlah data sumber: 1 rows
  -> Tabel lokal di-truncate
  -> SUKSES: 1 rows berhasil di-clone
Memproses tabel: supplier_giro_pembayaran
  -> Jumlah data sumber: 0 rows
  -> Tabel lokal di-truncate
  -> Tidak ada data untuk di-clone
Memproses tabel: tagihan_poluar
  -> Jumlah data sumber: 409 rows
  -> Tabel lokal di-truncate
  -> SUKSES: 409 rows berhasil di-clone
Memproses tabel: target_mesin
  -> Jumlah data sumber: 52 rows
  -> Tabel lokal di-truncate
  -> SUKSES: 52 rows berhasil di-clone
Memproses tabel: testcron
  -> Jumlah data sumber: 0 rows
  -> Tabel lokal di-truncate
  -> Tidak ada data untuk di-clone
Memproses tabel: timpotong
  -> Jumlah data sumber: 19 rows
  -> Tabel lokal di-truncate
  -> SUKSES: 19 rows berhasil di-clone
Memproses tabel: transferan
  -> Jumlah data sumber: 6390 rows
  -> Tabel lokal di-truncate
  -> SUKSES: 6390 rows berhasil di-clone
Memproses tabel: transport_driver
  -> Jumlah data sumber: 162 rows
  -> Tabel lokal di-truncate
  -> SUKSES: 162 rows berhasil di-clone
Memproses tabel: um_security
  -> Jumlah data sumber: 138 rows
  -> Tabel lokal di-truncate
  -> SUKSES: 138 rows berhasil di-clone
Memproses tabel: um_security_detail
  -> Jumlah data sumber: 683 rows
  -> Tabel lokal di-truncate
  -> SUKSES: 683 rows berhasil di-clone
Memproses tabel: user
  -> Jumlah data sumber: 17 rows
  -> Tabel lokal di-truncate
  -> SUKSES: 17 rows berhasil di-clone
Memproses tabel: user_activity
  -> Jumlah data sumber: 36334 rows
  -> Tabel lokal di-truncate
  -> SUKSES: 36334 rows berhasil di-clone
Memproses tabel: user_request
  -> Jumlah data sumber: 1754 rows
  -> Tabel lokal di-truncate
  -> SUKSES: 1754 rows berhasil di-clone
Memproses tabel: usermenu
  -> Jumlah data sumber: 4649 rows
  -> Tabel lokal di-truncate
  -> SUKSES: 4649 rows berhasil di-clone
Memproses tabel: users
  -> Jumlah data sumber: 2 rows
  -> Tabel lokal di-truncate
  -> SUKSES: 2 rows berhasil di-clone
-----------------------------------
=== CLONE DATABASE SELESAI ===
Tabel sukses : 316
Tabel skip   : 2
Tabel error  : 0
Total rows   : 719956
Waktu selesai: 2026-02-24 08:13:45
PHP Warning:  Undefined array key "HTTP_HOST" in /var/www/fb2/application/config/constants.php on line 78

Warning: Undefined array key "HTTP_HOST" in /var/www/fb2/application/config/constants.php on line 78
=== MULAI CLONE DATABASE ===
Sumber: forboysproduction.com / forboysp_2425
Tujuan: localhost / forboysp_2425
Waktu mulai: 2026-02-24 12:00:02
-----------------------------------
Total tabel ditemukan: 318
-----------------------------------
Memproses tabel: absensi
  -> Jumlah data sumber: 0 rows
  -> Tabel lokal di-truncate
  -> Tidak ada data untuk di-clone
Memproses tabel: absensi_bordir
  -> Jumlah data sumber: 0 rows
  -> Tabel lokal di-truncate
  -> Tidak ada data untuk di-clone
Memproses tabel: absensi_bordir_detail
  -> Jumlah data sumber: 0 rows
  -> Tabel lokal di-truncate
  -> Tidak ada data untuk di-clone
Memproses tabel: acc_ajuan_mingguan
  -> Jumlah data sumber: 3 rows
  -> Tabel lokal di-truncate
  -> SUKSES: 3 rows berhasil di-clone
Memproses tabel: adjust_kirimgudang
  -> Jumlah data sumber: 12 rows
  -> Tabel lokal di-truncate
  -> SUKSES: 12 rows berhasil di-clone
Memproses tabel: adjust_kirimgudang_detail
  -> Jumlah data sumber: 0 rows
  -> Tabel lokal di-truncate
  -> Tidak ada data untuk di-clone
Memproses tabel: adjust_kirimsetorcmt
  -> Jumlah data sumber: 10 rows
  -> Tabel lokal di-truncate
  -> SUKSES: 10 rows berhasil di-clone
Memproses tabel: adjust_kirimsetorcmt_detail
  -> Jumlah data sumber: 0 rows
  -> Tabel lokal di-truncate
  -> Tidak ada data untuk di-clone
Memproses tabel: ajuan_benang
  -> Jumlah data sumber: 0 rows
  -> Tabel lokal di-truncate
  -> Tidak ada data untuk di-clone
Memproses tabel: ajuan_benang_detail
  -> Jumlah data sumber: 0 rows
  -> Tabel lokal di-truncate
  -> Tidak ada data untuk di-clone
Memproses tabel: ajuan_kemeja_baru
  -> Jumlah data sumber: 25 rows
  -> Tabel lokal di-truncate
  -> SUKSES: 25 rows berhasil di-clone
Memproses tabel: ajuan_mingguan
  -> Jumlah data sumber: 2312 rows
  -> Tabel lokal di-truncate
  -> SUKSES: 2312 rows berhasil di-clone
Memproses tabel: ajuan_mingguan_detail
  -> Jumlah data sumber: 20801 rows
  -> Tabel lokal di-truncate
  -> SUKSES: 20801 rows berhasil di-clone
Memproses tabel: ajuan_mingguan_detail_kemeja
  -> Jumlah data sumber: 246 rows
  -> Tabel lokal di-truncate
  -> SUKSES: 246 rows berhasil di-clone
Memproses tabel: ajuan_mingguan_kemeja
  -> Jumlah data sumber: 137 rows
  -> Tabel lokal di-truncate
  -> SUKSES: 137 rows berhasil di-clone
Memproses tabel: ajuan_stock_mingguan
  -> Jumlah data sumber: 0 rows
  -> Tabel lokal di-truncate
  -> Tidak ada data untuk di-clone
Memproses tabel: ajuan_transfer
  -> Jumlah data sumber: 130 rows
  -> Tabel lokal di-truncate
  -> SUKSES: 130 rows berhasil di-clone
Memproses tabel: ajuanalatalat
  -> Jumlah data sumber: 3362 rows
  -> Tabel lokal di-truncate
  -> SUKSES: 3362 rows berhasil di-clone
Memproses tabel: ajuanalatalat_detail
  -> Jumlah data sumber: 240 rows
  -> Tabel lokal di-truncate
  -> SUKSES: 240 rows berhasil di-clone
Memproses tabel: aksesdata
  -> Jumlah data sumber: 63 rows
  -> Tabel lokal di-truncate
  -> SUKSES: 63 rows berhasil di-clone
Memproses tabel: alat_sukabumi
  -> Jumlah data sumber: 1225 rows
  -> Tabel lokal di-truncate
  -> SUKSES: 1225 rows berhasil di-clone
Memproses tabel: alert_notif
  -> Jumlah data sumber: 0 rows
  -> Tabel lokal di-truncate
  -> Tidak ada data untuk di-clone
Memproses tabel: alokasi
  -> Jumlah data sumber: 0 rows
  -> Tabel lokal di-truncate
  -> Tidak ada data untuk di-clone
Memproses tabel: alokasi_item
  -> Jumlah data sumber: 0 rows
  -> Tabel lokal di-truncate
  -> Tidak ada data untuk di-clone
Memproses tabel: alokasi_mingguan
  -> Jumlah data sumber: 1 rows
  -> Tabel lokal di-truncate
  -> SUKSES: 1 rows berhasil di-clone
Memproses tabel: alokasi_mingguan_detail
  -> Jumlah data sumber: 2 rows
  -> Tabel lokal di-truncate
  -> SUKSES: 2 rows berhasil di-clone
Memproses tabel: alokasi_po
  -> Jumlah data sumber: 63 rows
  -> Tabel lokal di-truncate
  -> SUKSES: 63 rows berhasil di-clone
Memproses tabel: alokasi_po_2022_2023
  -> Jumlah data sumber: 8 rows
  -> Tabel lokal di-truncate
  -> SUKSES: 8 rows berhasil di-clone
Memproses tabel: alokasi_po_detail
  -> Jumlah data sumber: 402 rows
  -> Tabel lokal di-truncate
  -> SUKSES: 402 rows berhasil di-clone
Memproses tabel: alokasi_po_detail_2022_2023.
  -> SKIP: Nama tabel 'alokasi_po_detail_2022_2023.' mengandung karakter bermasalah
Memproses tabel: alokasi_transferan
  -> Jumlah data sumber: 5978 rows
  -> Tabel lokal di-truncate
  -> SUKSES: 5978 rows berhasil di-clone
Memproses tabel: anggaran_operasional_sukabumi
  -> Jumlah data sumber: 170 rows
  -> Tabel lokal di-truncate
  -> SUKSES: 170 rows berhasil di-clone
Memproses tabel: anggaran_operasional_sukabumi_detail
  -> Jumlah data sumber: 305 rows
  -> Tabel lokal di-truncate
  -> SUKSES: 305 rows berhasil di-clone
Memproses tabel: aruskas
  -> Jumlah data sumber: 3037 rows
  -> Tabel lokal di-truncate
  -> SUKSES: 3037 rows berhasil di-clone
Memproses tabel: bagian
  -> Jumlah data sumber: 27 rows
  -> Tabel lokal di-truncate
  -> SUKSES: 27 rows berhasil di-clone
Memproses tabel: bagian_pengambilan
  -> Jumlah data sumber: 14 rows
  -> Tabel lokal di-truncate
  -> SUKSES: 14 rows berhasil di-clone
Memproses tabel: bagian_user
  -> Jumlah data sumber: 2 rows
  -> Tabel lokal di-truncate
  -> SUKSES: 2 rows berhasil di-clone
Memproses tabel: bank
  -> Jumlah data sumber: 1 rows
  -> Tabel lokal di-truncate
  -> SUKSES: 1 rows berhasil di-clone
Memproses tabel: barangkeluar_harian
  -> Jumlah data sumber: 2559 rows
  -> Tabel lokal di-truncate
  -> SUKSES: 2559 rows berhasil di-clone
Memproses tabel: barangkeluar_harian_2022_2023
  -> Jumlah data sumber: 443 rows
  -> Tabel lokal di-truncate
  -> SUKSES: 443 rows berhasil di-clone
Memproses tabel: barangkeluar_harian_detail
  -> Jumlah data sumber: 10852 rows
  -> Tabel lokal di-truncate
  -> SUKSES: 10852 rows berhasil di-clone
Memproses tabel: barangkeluar_harian_detail_2022_2023
  -> Jumlah data sumber: 2609 rows
  -> Tabel lokal di-truncate
  -> SUKSES: 2609 rows berhasil di-clone
Memproses tabel: barangkeluarharian
  -> Jumlah data sumber: 1625 rows
  -> Tabel lokal di-truncate
  -> SUKSES: 1625 rows berhasil di-clone
Memproses tabel: barangkeluarharian_2022_2023.
  -> SKIP: Nama tabel 'barangkeluarharian_2022_2023.' mengandung karakter bermasalah
Memproses tabel: barangkeluarharian_detail
  -> Jumlah data sumber: 5784 rows
  -> Tabel lokal di-truncate
  -> SUKSES: 5784 rows berhasil di-clone
Memproses tabel: barangkeluarharian_detail_2022_2023
  -> Jumlah data sumber: 4255 rows
  -> Tabel lokal di-truncate
  -> SUKSES: 4255 rows berhasil di-clone
Memproses tabel: biaya_hpp
  -> Jumlah data sumber: 2 rows
  -> Tabel lokal di-truncate
  -> SUKSES: 2 rows berhasil di-clone
Memproses tabel: biaya_hpp_perpo
  -> Jumlah data sumber: 110 rows
  -> Tabel lokal di-truncate
  -> SUKSES: 110 rows berhasil di-clone
Memproses tabel: biaya_hpp_perpodetail
  -> Jumlah data sumber: 253 rows
  -> Tabel lokal di-truncate
  -> SUKSES: 253 rows berhasil di-clone
Memproses tabel: boronganmesin
  -> Jumlah data sumber: 1804 rows
  -> Tabel lokal di-truncate
  -> SUKSES: 1804 rows berhasil di-clone
Memproses tabel: boronganmesin_2022_2023
  -> Jumlah data sumber: 1382 rows
  -> Tabel lokal di-truncate
  -> SUKSES: 1382 rows berhasil di-clone
Memproses tabel: buang_benang_finishing
  -> Jumlah data sumber: 1032 rows
  -> Tabel lokal di-truncate
  -> SUKSES: 1032 rows berhasil di-clone
Memproses tabel: buang_benang_finishing_2022_2023
  -> Jumlah data sumber: 478 rows
  -> Tabel lokal di-truncate
  -> SUKSES: 478 rows berhasil di-clone
Memproses tabel: cache
  -> Jumlah data sumber: 2 rows
  -> Tabel lokal di-truncate
  -> SUKSES: 2 rows berhasil di-clone
Memproses tabel: cache_locks
  -> Jumlah data sumber: 0 rows
  -> Tabel lokal di-truncate
  -> Tidak ada data untuk di-clone
Memproses tabel: claim_potongan_sablon_detail
  -> Jumlah data sumber: 1 rows
  -> Tabel lokal di-truncate
  -> SUKSES: 1 rows berhasil di-clone
Memproses tabel: claim_sablon
  -> Jumlah data sumber: 3 rows
  -> Tabel lokal di-truncate
  -> SUKSES: 3 rows berhasil di-clone
Memproses tabel: claim_timpotong
  -> Jumlah data sumber: 29 rows
  -> Tabel lokal di-truncate
  -> SUKSES: 29 rows berhasil di-clone
Memproses tabel: croscek_admin
  -> Jumlah data sumber: 2 rows
  -> Tabel lokal di-truncate
  -> SUKSES: 2 rows berhasil di-clone
Memproses tabel: cucian
  -> Jumlah data sumber: 951 rows
  -> Tabel lokal di-truncate
  -> SUKSES: 951 rows berhasil di-clone
Memproses tabel: cucian_2022_2023
  -> Jumlah data sumber: 606 rows
  -> Tabel lokal di-truncate
  -> SUKSES: 606 rows berhasil di-clone
Memproses tabel: cucianhpp_history
  -> Jumlah data sumber: 37 rows
  -> Tabel lokal di-truncate
  -> SUKSES: 37 rows berhasil di-clone
Memproses tabel: customer
  -> Jumlah data sumber: 16 rows
  -> Tabel lokal di-truncate
  -> SUKSES: 16 rows berhasil di-clone
Memproses tabel: daftarharga_cmt
  -> Jumlah data sumber: 25 rows
  -> Tabel lokal di-truncate
  -> SUKSES: 25 rows berhasil di-clone
Memproses tabel: distribusi_alat_sukabumi
  -> Jumlah data sumber: 2266 rows
  -> Tabel lokal di-truncate
  -> SUKSES: 2266 rows berhasil di-clone
Memproses tabel: divisi
  -> Jumlah data sumber: 17 rows
  -> Tabel lokal di-truncate
  -> SUKSES: 17 rows berhasil di-clone
Memproses tabel: ekspedisi
  -> Jumlah data sumber: 12 rows
  -> Tabel lokal di-truncate
  -> SUKSES: 12 rows berhasil di-clone
Memproses tabel: failed_jobs
  -> Jumlah data sumber: 0 rows
  -> Tabel lokal di-truncate
  -> Tidak ada data untuk di-clone
Memproses tabel: file_lap_tahunan
  -> Jumlah data sumber: 0 rows
  -> Tabel lokal di-truncate
  -> Tidak ada data untuk di-clone
Memproses tabel: finishing_kirim_gudang
  -> Jumlah data sumber: 3014 rows
  -> Tabel lokal di-truncate
  -> SUKSES: 3014 rows berhasil di-clone
Memproses tabel: finishing_kirim_gudang_2022_2023
  -> Jumlah data sumber: 2253 rows
  -> Tabel lokal di-truncate
  -> SUKSES: 2253 rows berhasil di-clone
Memproses tabel: finishing_kirim_gudang_faktur
  -> Jumlah data sumber: 2822 rows
  -> Tabel lokal di-truncate
  -> SUKSES: 2822 rows berhasil di-clone
Memproses tabel: finishing_kirim_gudang_faktur_2022_2023
  -> Jumlah data sumber: 1597 rows
  -> Tabel lokal di-truncate
  -> SUKSES: 1597 rows berhasil di-clone
Memproses tabel: finishing_kirim_gudang_rincian
  -> Jumlah data sumber: 11302 rows
  -> Tabel lokal di-truncate
  -> SUKSES: 11302 rows berhasil di-clone
Memproses tabel: finishing_kirim_gudang_rincian_2022_2023
  -> Jumlah data sumber: 8624 rows
  -> Tabel lokal di-truncate
  -> SUKSES: 8624 rows berhasil di-clone
Memproses tabel: finishing_proses_updated
  -> Jumlah data sumber: 330 rows
  -> Tabel lokal di-truncate
  -> SUKSES: 330 rows berhasil di-clone
Memproses tabel: formpengambilanalat
  -> Jumlah data sumber: 1472 rows
  -> Tabel lokal di-truncate
  -> SUKSES: 1472 rows berhasil di-clone
Memproses tabel: formpengambilanalat_detail
  -> Jumlah data sumber: 5771 rows
  -> Tabel lokal di-truncate
  -> SUKSES: 5771 rows berhasil di-clone
Memproses tabel: gagal_login
  -> Jumlah data sumber: 53 rows
  -> Tabel lokal di-truncate
  -> SUKSES: 53 rows berhasil di-clone
Memproses tabel: gaji_bulanan
  -> Jumlah data sumber: 55 rows
  -> Tabel lokal di-truncate
  -> SUKSES: 55 rows berhasil di-clone
Memproses tabel: gaji_finishing
  -> Jumlah data sumber: 397 rows
  -> Tabel lokal di-truncate
  -> SUKSES: 397 rows berhasil di-clone
Memproses tabel: gaji_finishing_detail
  -> Jumlah data sumber: 1363 rows
  -> Tabel lokal di-truncate
  -> SUKSES: 1363 rows berhasil di-clone
Memproses tabel: gaji_operator
  -> Jumlah data sumber: 218 rows
  -> Tabel lokal di-truncate
  -> SUKSES: 218 rows berhasil di-clone
Memproses tabel: gaji_operator_detail
  -> Jumlah data sumber: 1632 rows
  -> Tabel lokal di-truncate
  -> SUKSES: 1632 rows berhasil di-clone
Memproses tabel: gaji_operator_detail_new
  -> Jumlah data sumber: 11302 rows
  -> Tabel lokal di-truncate
  -> SUKSES: 11302 rows berhasil di-clone
Memproses tabel: gaji_operator_new
  -> Jumlah data sumber: 1632 rows
  -> Tabel lokal di-truncate
  -> SUKSES: 1632 rows berhasil di-clone
Memproses tabel: gaji_sablon_borongan
  -> Jumlah data sumber: 3672 rows
  -> Tabel lokal di-truncate
  -> SUKSES: 3672 rows berhasil di-clone
Memproses tabel: gaji_sablon_harian
  -> Jumlah data sumber: 307 rows
  -> Tabel lokal di-truncate
  -> SUKSES: 307 rows berhasil di-clone
Memproses tabel: gaji_sablon_harian_detail
  -> Jumlah data sumber: 307 rows
  -> Tabel lokal di-truncate
  -> SUKSES: 307 rows berhasil di-clone
Memproses tabel: gaji_timpotong
  -> Jumlah data sumber: 254 rows
  -> Tabel lokal di-truncate
  -> SUKSES: 254 rows berhasil di-clone
Memproses tabel: gaji_timpotong_detail
  -> Jumlah data sumber: 10042 rows
  -> Tabel lokal di-truncate
  -> SUKSES: 10042 rows berhasil di-clone
Memproses tabel: gajiborongan
  -> Jumlah data sumber: 5 rows
  -> Tabel lokal di-truncate
  -> SUKSES: 5 rows berhasil di-clone
Memproses tabel: gajisukabumi
  -> Jumlah data sumber: 171 rows
  -> Tabel lokal di-truncate
  -> SUKSES: 171 rows berhasil di-clone
Memproses tabel: gajisukabumi_detail
  -> Jumlah data sumber: 444 rows
  -> Tabel lokal di-truncate
  -> SUKSES: 444 rows berhasil di-clone
Memproses tabel: global_daftarharga
  -> Jumlah data sumber: 5 rows
  -> Tabel lokal di-truncate
  -> SUKSES: 5 rows berhasil di-clone
Memproses tabel: gudang_bahan_keluar
  -> Jumlah data sumber: 20262 rows
  -> Tabel lokal di-truncate
  -> SUKSES: 20262 rows berhasil di-clone
Memproses tabel: gudang_bahan_keluar_2022_2023
  -> Jumlah data sumber: 9994 rows
  -> Tabel lokal di-truncate
  -> SUKSES: 9994 rows berhasil di-clone
Memproses tabel: gudang_item_keluar
  -> Jumlah data sumber: 27006 rows
  -> Tabel lokal di-truncate
  -> SUKSES: 27006 rows berhasil di-clone
Memproses tabel: gudang_item_keluar_2022_2023
  -> Jumlah data sumber: 13561 rows
  -> Tabel lokal di-truncate
  -> SUKSES: 13561 rows berhasil di-clone
Memproses tabel: gudang_item_masuk
  -> Jumlah data sumber: 0 rows
  -> Tabel lokal di-truncate
  -> Tidak ada data untuk di-clone
Memproses tabel: gudang_out_po
  -> Jumlah data sumber: 8825 rows
  -> Tabel lokal di-truncate
  -> SUKSES: 8825 rows berhasil di-clone
Memproses tabel: gudang_out_po_2022_2023
  -> Jumlah data sumber: 3749 rows
  -> Tabel lokal di-truncate
  -> SUKSES: 3749 rows berhasil di-clone
Memproses tabel: gudang_pengajuan_item
  -> Jumlah data sumber: 0 rows
  -> Tabel lokal di-truncate
  -> Tidak ada data untuk di-clone
Memproses tabel: gudang_persediaan_item
  -> Jumlah data sumber: 2543 rows
  -> Tabel lokal di-truncate
  -> SUKSES: 2543 rows berhasil di-clone
Memproses tabel: harga_transport
  -> Jumlah data sumber: 8 rows
  -> Tabel lokal di-truncate
  -> SUKSES: 8 rows berhasil di-clone
Memproses tabel: history_stok_penjualan
  -> Jumlah data sumber: 189 rows
  -> Tabel lokal di-truncate
  -> SUKSES: 189 rows berhasil di-clone
Memproses tabel: insentifsecurity
  -> Jumlah data sumber: 3632 rows
  -> Tabel lokal di-truncate
  -> SUKSES: 3632 rows berhasil di-clone
Memproses tabel: insentifsecurity_detail
  -> Jumlah data sumber: 3620 rows
  -> Tabel lokal di-truncate
  -> SUKSES: 3620 rows berhasil di-clone
Memproses tabel: jabatan
  -> Jumlah data sumber: 54 rows
  -> Tabel lokal di-truncate
  -> SUKSES: 54 rows berhasil di-clone
Memproses tabel: jenis_potongan
  -> Jumlah data sumber: 4 rows
  -> Tabel lokal di-truncate
  -> SUKSES: 4 rows berhasil di-clone
Memproses tabel: job_batches
  -> Jumlah data sumber: 0 rows
  -> Tabel lokal di-truncate
  -> Tidak ada data untuk di-clone
Memproses tabel: jobs
  -> Jumlah data sumber: 0 rows
  -> Tabel lokal di-truncate
  -> Tidak ada data untuk di-clone
Memproses tabel: kalender
  -> Jumlah data sumber: 0 rows
  -> Tabel lokal di-truncate
  -> Tidak ada data untuk di-clone
Memproses tabel: kartustok_product
  -> Jumlah data sumber: 82201 rows
  -> Tabel lokal di-truncate
  -> SUKSES: 82201 rows berhasil di-clone
Memproses tabel: karyawan
  -> Jumlah data sumber: 75 rows
  -> Tabel lokal di-truncate
  -> SUKSES: 75 rows berhasil di-clone
Memproses tabel: karyawan_harian
  -> Jumlah data sumber: 266 rows
  -> Tabel lokal di-truncate
  -> SUKSES: 266 rows berhasil di-clone
Memproses tabel: karyawan_skb
  -> Jumlah data sumber: 5 rows
  -> Tabel lokal di-truncate
  -> SUKSES: 5 rows berhasil di-clone
Memproses tabel: kasbon
  -> Jumlah data sumber: 1457 rows
  -> Tabel lokal di-truncate
  -> SUKSES: 1457 rows berhasil di-clone
Memproses tabel: kasbon_acc
  -> Jumlah data sumber: 0 rows
  -> Tabel lokal di-truncate
  -> Tidak ada data untuk di-clone
Memproses tabel: kategori_bahan
  -> Jumlah data sumber: 0 rows
  -> Tabel lokal di-truncate
  -> Tidak ada data untuk di-clone
Memproses tabel: kategori_barang
  -> Jumlah data sumber: 41 rows
  -> Tabel lokal di-truncate
  -> SUKSES: 41 rows berhasil di-clone
Memproses tabel: kelola_mesin_bordir
  -> Jumlah data sumber: 19072 rows
  -> Tabel lokal di-truncate
  -> SUKSES: 19072 rows berhasil di-clone
Memproses tabel: kelola_mesin_bordir_2022_2023
  -> Jumlah data sumber: 9908 rows
  -> Tabel lokal di-truncate
  -> SUKSES: 9908 rows berhasil di-clone
Memproses tabel: kelola_po_nota_kirim_cmt
  -> Jumlah data sumber: 0 rows
  -> Tabel lokal di-truncate
  -> Tidak ada data untuk di-clone
Memproses tabel: kelolapo_buang_benang
  -> Jumlah data sumber: 55224 rows
  -> Tabel lokal di-truncate
  -> SUKSES: 55224 rows berhasil di-clone
Memproses tabel: kelolapo_buang_benang_2022_2023
  -> Jumlah data sumber: 35143 rows
  -> Tabel lokal di-truncate
  -> SUKSES: 35143 rows berhasil di-clone
Memproses tabel: kelolapo_kirim_setor
  -> Jumlah data sumber: 18349 rows
  -> Tabel lokal di-truncate
  -> SUKSES: 18349 rows berhasil di-clone
Memproses tabel: kelolapo_kirim_setor_2022_2023
  -> Jumlah data sumber: 8493 rows
  -> Tabel lokal di-truncate
  -> SUKSES: 8493 rows berhasil di-clone
Memproses tabel: kelolapo_kirim_setor_atas
  -> Jumlah data sumber: 0 rows
  -> Tabel lokal di-truncate
  -> Tidak ada data untuk di-clone
Memproses tabel: kelolapo_kirim_setor_bawah
  -> Jumlah data sumber: 0 rows
  -> Tabel lokal di-truncate
  -> Tidak ada data untuk di-clone
Memproses tabel: kelolapo_kirim_setor_celana
  -> Jumlah data sumber: 0 rows
  -> Tabel lokal di-truncate
  -> Tidak ada data untuk di-clone
Memproses tabel: kelolapo_pengecekan_potongan
  -> Jumlah data sumber: 0 rows
  -> Tabel lokal di-truncate
  -> Tidak ada data untuk di-clone
Memproses tabel: kelolapo_pengecekan_potongan_atas
  -> Jumlah data sumber: 0 rows
  -> Tabel lokal di-truncate
  -> Tidak ada data untuk di-clone
Memproses tabel: kelolapo_pengecekan_potongan_bawah
  -> Jumlah data sumber: 0 rows
  -> Tabel lokal di-truncate
  -> Tidak ada data untuk di-clone
Memproses tabel: kelolapo_rincian_setor_cmt
  -> Jumlah data sumber: 2840 rows
  -> Tabel lokal di-truncate
  -> SUKSES: 2840 rows berhasil di-clone
Memproses tabel: kelolapo_rincian_setor_cmt_2022_2023
  -> Jumlah data sumber: 1496 rows
  -> Tabel lokal di-truncate
  -> SUKSES: 1496 rows berhasil di-clone
Memproses tabel: kelolapo_rincian_setor_cmt_celana
  -> Jumlah data sumber: 869 rows
  -> Tabel lokal di-truncate
  -> SUKSES: 869 rows berhasil di-clone
Memproses tabel: kelolapo_rincian_setor_cmt_finish
  -> Jumlah data sumber: 10137 rows
  -> Tabel lokal di-truncate
  -> SUKSES: 10137 rows berhasil di-clone
Memproses tabel: kelolapo_rincian_setor_cmt_finish_2022_2023
  -> Jumlah data sumber: 4804 rows
  -> Tabel lokal di-truncate
  -> SUKSES: 4804 rows berhasil di-clone
Memproses tabel: kelolapo_rincian_setor_cmt_finish_celana
  -> Jumlah data sumber: 3339 rows
  -> Tabel lokal di-truncate
  -> SUKSES: 3339 rows berhasil di-clone
Memproses tabel: keterangan_alokasipo
  -> Jumlah data sumber: 6 rows
  -> Tabel lokal di-truncate
  -> SUKSES: 6 rows berhasil di-clone
Memproses tabel: kirimbupot
  -> Jumlah data sumber: 76 rows
  -> Tabel lokal di-truncate
  -> SUKSES: 76 rows berhasil di-clone
Memproses tabel: kirimbupot_detail
  -> Jumlah data sumber: 765 rows
  -> Tabel lokal di-truncate
  -> SUKSES: 765 rows berhasil di-clone
Memproses tabel: kirimcmt
  -> Jumlah data sumber: 1158 rows
  -> Tabel lokal di-truncate
  -> SUKSES: 1158 rows berhasil di-clone
Memproses tabel: kirimcmt_2022_2023
  -> Jumlah data sumber: 547 rows
  -> Tabel lokal di-truncate
  -> SUKSES: 547 rows berhasil di-clone
Memproses tabel: kirimcmt_celana
  -> Jumlah data sumber: 161 rows
  -> Tabel lokal di-truncate
  -> SUKSES: 161 rows berhasil di-clone
Memproses tabel: kirimcmt_celana_detail
  -> Jumlah data sumber: 621 rows
  -> Tabel lokal di-truncate
  -> SUKSES: 621 rows berhasil di-clone
Memproses tabel: kirimcmt_detail
  -> Jumlah data sumber: 4425 rows
  -> Tabel lokal di-truncate
  -> SUKSES: 4425 rows berhasil di-clone
Memproses tabel: kirimcmt_detail_2022_2023
  -> Jumlah data sumber: 1758 rows
  -> Tabel lokal di-truncate
  -> SUKSES: 1758 rows berhasil di-clone
Memproses tabel: kirimcmt_detailatas
  -> Jumlah data sumber: 0 rows
  -> Tabel lokal di-truncate
  -> Tidak ada data untuk di-clone
Memproses tabel: kirimcmt_detailbawah
  -> Jumlah data sumber: 0 rows
  -> Tabel lokal di-truncate
  -> Tidak ada data untuk di-clone
Memproses tabel: kirimcmt_po
  -> Jumlah data sumber: 0 rows
  -> Tabel lokal di-truncate
  -> Tidak ada data untuk di-clone
Memproses tabel: kirimcmtbordir
  -> Jumlah data sumber: 0 rows
  -> Tabel lokal di-truncate
  -> Tidak ada data untuk di-clone
Memproses tabel: kirimcmtbordir_detail
  -> Jumlah data sumber: 0 rows
  -> Tabel lokal di-truncate
  -> Tidak ada data untuk di-clone
Memproses tabel: kirimcmtsablon
  -> Jumlah data sumber: 600 rows
  -> Tabel lokal di-truncate
  -> SUKSES: 600 rows berhasil di-clone
Memproses tabel: kirimcmtsablon_2022_2023
  -> Jumlah data sumber: 404 rows
  -> Tabel lokal di-truncate
  -> SUKSES: 404 rows berhasil di-clone
Memproses tabel: kirimcmtsablon_detail
  -> Jumlah data sumber: 2606 rows
  -> Tabel lokal di-truncate
  -> SUKSES: 2606 rows berhasil di-clone
Memproses tabel: kirimcmtsablon_detail_2022_2023
  -> Jumlah data sumber: 1063 rows
  -> Tabel lokal di-truncate
  -> SUKSES: 1063 rows berhasil di-clone
Memproses tabel: kirimgudang_bulanan
  -> Jumlah data sumber: 0 rows
  -> Tabel lokal di-truncate
  -> Tidak ada data untuk di-clone
Memproses tabel: kirimsetor_bulanan
  -> Jumlah data sumber: 0 rows
  -> Tabel lokal di-truncate
  -> Tidak ada data untuk di-clone
Memproses tabel: klo_bulanan
  -> Jumlah data sumber: 0 rows
  -> Tabel lokal di-truncate
  -> Tidak ada data untuk di-clone
Memproses tabel: konveksi_buku_potongan
  -> Jumlah data sumber: 2940 rows
  -> Tabel lokal di-truncate
  -> SUKSES: 2940 rows berhasil di-clone
Memproses tabel: konveksi_buku_potongan_2022_2023
  -> Jumlah data sumber: 1647 rows
  -> Tabel lokal di-truncate
  -> SUKSES: 1647 rows berhasil di-clone
Memproses tabel: konveksi_buku_potongan_utama
  -> Jumlah data sumber: 10685 rows
  -> Tabel lokal di-truncate
  -> SUKSES: 10685 rows berhasil di-clone
Memproses tabel: konveksi_buku_potongan_utama_2022_2023
  -> Jumlah data sumber: 6072 rows
  -> Tabel lokal di-truncate
  -> SUKSES: 6072 rows berhasil di-clone
Memproses tabel: konveksi_buku_potongan_variasi
  -> Jumlah data sumber: 6064 rows
  -> Tabel lokal di-truncate
  -> SUKSES: 6064 rows berhasil di-clone
Memproses tabel: konveksi_buku_potongan_variasi_2022_2023
  -> Jumlah data sumber: 2276 rows
  -> Tabel lokal di-truncate
  -> SUKSES: 2276 rows berhasil di-clone
Memproses tabel: laba_produksi
  -> Jumlah data sumber: 0 rows
  -> Tabel lokal di-truncate
  -> Tidak ada data untuk di-clone
Memproses tabel: lampiran_alat
  -> Jumlah data sumber: 0 rows
  -> Tabel lokal di-truncate
  -> Tidak ada data untuk di-clone
Memproses tabel: laporanexpedisi
  -> Jumlah data sumber: 0 rows
  -> Tabel lokal di-truncate
  -> Tidak ada data untuk di-clone
Memproses tabel: lembur_harian
  -> Jumlah data sumber: 54 rows
  -> Tabel lokal di-truncate
  -> SUKSES: 54 rows berhasil di-clone
Memproses tabel: log_user
  -> Jumlah data sumber: 9227 rows
  -> Tabel lokal di-truncate
  -> SUKSES: 9227 rows berhasil di-clone
Memproses tabel: lokasi_cmt
  -> Jumlah data sumber: 6 rows
  -> Tabel lokal di-truncate
  -> SUKSES: 6 rows berhasil di-clone
Memproses tabel: marketplace
  -> Jumlah data sumber: 4 rows
  -> Tabel lokal di-truncate
  -> SUKSES: 4 rows berhasil di-clone
Memproses tabel: master_cmt
  -> Jumlah data sumber: 104 rows
  -> Tabel lokal di-truncate
  -> SUKSES: 104 rows berhasil di-clone
Memproses tabel: master_cmt_job
  -> Jumlah data sumber: 261 rows
  -> Tabel lokal di-truncate
  -> SUKSES: 261 rows berhasil di-clone
Memproses tabel: master_gudang
  -> Jumlah data sumber: 2 rows
  -> Tabel lokal di-truncate
  -> SUKSES: 2 rows berhasil di-clone
Memproses tabel: master_harga_gaji
  -> Jumlah data sumber: 30 rows
  -> Tabel lokal di-truncate
  -> SUKSES: 30 rows berhasil di-clone
Memproses tabel: master_harga_potongan
  -> Jumlah data sumber: 86 rows
  -> Tabel lokal di-truncate
  -> SUKSES: 86 rows berhasil di-clone
Memproses tabel: master_jenis_kaos
  -> Jumlah data sumber: 39 rows
  -> Tabel lokal di-truncate
  -> SUKSES: 39 rows berhasil di-clone
Memproses tabel: master_jenis_po
  -> Jumlah data sumber: 103 rows
  -> Tabel lokal di-truncate
  -> SUKSES: 103 rows berhasil di-clone
Memproses tabel: master_job
  -> Jumlah data sumber: 172 rows
  -> Tabel lokal di-truncate
  -> SUKSES: 172 rows berhasil di-clone
Memproses tabel: master_karyawan_benang
  -> Jumlah data sumber: 62 rows
  -> Tabel lokal di-truncate
  -> SUKSES: 62 rows berhasil di-clone
Memproses tabel: master_karyawan_bordir
  -> Jumlah data sumber: 144 rows
  -> Tabel lokal di-truncate
  -> SUKSES: 144 rows berhasil di-clone
Memproses tabel: master_karyawan_finishing_gudang
  -> Jumlah data sumber: 7 rows
  -> Tabel lokal di-truncate
  -> SUKSES: 7 rows berhasil di-clone
Memproses tabel: master_karyawan_pengecekan
  -> Jumlah data sumber: 9 rows
  -> Tabel lokal di-truncate
  -> SUKSES: 9 rows berhasil di-clone
Memproses tabel: master_menu
  -> Jumlah data sumber: 42 rows
  -> Tabel lokal di-truncate
  -> SUKSES: 42 rows berhasil di-clone
Memproses tabel: master_mesin
  -> Jumlah data sumber: 17 rows
  -> Tabel lokal di-truncate
  -> SUKSES: 17 rows berhasil di-clone
Memproses tabel: master_nama_po
  -> Jumlah data sumber: 0 rows
  -> Tabel lokal di-truncate
  -> Tidak ada data untuk di-clone
Memproses tabel: master_po_luar
  -> Jumlah data sumber: 1800 rows
  -> Tabel lokal di-truncate
  -> SUKSES: 1800 rows berhasil di-clone
Memproses tabel: master_po_luar_2223
  -> Jumlah data sumber: 1450 rows
  -> Tabel lokal di-truncate
  -> SUKSES: 1450 rows berhasil di-clone
Memproses tabel: master_po_online
  -> Jumlah data sumber: 76 rows
  -> Tabel lokal di-truncate
  -> SUKSES: 76 rows berhasil di-clone
Memproses tabel: master_po_online_detail
  -> Jumlah data sumber: 1114 rows
  -> Tabel lokal di-truncate
  -> SUKSES: 1114 rows berhasil di-clone
Memproses tabel: master_po_online_serian
  -> Jumlah data sumber: 18 rows
  -> Tabel lokal di-truncate
  -> SUKSES: 18 rows berhasil di-clone
Memproses tabel: master_progress
  -> Jumlah data sumber: 4 rows
  -> Tabel lokal di-truncate
  -> SUKSES: 4 rows berhasil di-clone
Memproses tabel: master_satuan_barang
  -> Jumlah data sumber: 23 rows
  -> Tabel lokal di-truncate
  -> SUKSES: 23 rows berhasil di-clone
Memproses tabel: master_size
  -> Jumlah data sumber: 22 rows
  -> Tabel lokal di-truncate
  -> SUKSES: 22 rows berhasil di-clone
Memproses tabel: master_supplier
  -> Jumlah data sumber: 110 rows
  -> Tabel lokal di-truncate
  -> SUKSES: 110 rows berhasil di-clone
Memproses tabel: masterdata_hargapo
  -> Jumlah data sumber: 22 rows
  -> Tabel lokal di-truncate
  -> SUKSES: 22 rows berhasil di-clone
Memproses tabel: masterharga_bahan
  -> Jumlah data sumber: 0 rows
  -> Tabel lokal di-truncate
  -> Tidak ada data untuk di-clone
Memproses tabel: mastersize_potongan
  -> Jumlah data sumber: 16 rows
  -> Tabel lokal di-truncate
  -> SUKSES: 16 rows berhasil di-clone
Memproses tabel: menu
  -> Jumlah data sumber: 460 rows
  -> Tabel lokal di-truncate
  -> SUKSES: 460 rows berhasil di-clone
Memproses tabel: mesin_bordir
  -> Jumlah data sumber: 22 rows
  -> Tabel lokal di-truncate
  -> SUKSES: 22 rows berhasil di-clone
Memproses tabel: migrations
  -> Jumlah data sumber: 4 rows
  -> Tabel lokal di-truncate
  -> SUKSES: 4 rows berhasil di-clone
Memproses tabel: model_po
  -> Jumlah data sumber: 20 rows
  -> Tabel lokal di-truncate
  -> SUKSES: 20 rows berhasil di-clone
Memproses tabel: notifikasi
  -> Jumlah data sumber: 3502 rows
  -> Tabel lokal di-truncate
  -> SUKSES: 3502 rows berhasil di-clone
Memproses tabel: operational
  -> Jumlah data sumber: 1 rows
  -> Tabel lokal di-truncate
  -> SUKSES: 1 rows berhasil di-clone
Memproses tabel: packing
  -> Jumlah data sumber: 488 rows
  -> Tabel lokal di-truncate
  -> SUKSES: 488 rows berhasil di-clone
Memproses tabel: packing_2022_2023
  -> Jumlah data sumber: 494 rows
  -> Tabel lokal di-truncate
  -> SUKSES: 494 rows berhasil di-clone
Memproses tabel: packing_po
  -> Jumlah data sumber: 11 rows
  -> Tabel lokal di-truncate
  -> SUKSES: 11 rows berhasil di-clone
Memproses tabel: password_reset_tokens
  -> Jumlah data sumber: 0 rows
  -> Tabel lokal di-truncate
  -> Tidak ada data untuk di-clone
Memproses tabel: pelunasan_pembayaran_skb
  -> Jumlah data sumber: 37 rows
  -> Tabel lokal di-truncate
  -> SUKSES: 37 rows berhasil di-clone
Memproses tabel: pembayaran_cmt
  -> Jumlah data sumber: 1989 rows
  -> Tabel lokal di-truncate
  -> SUKSES: 1989 rows berhasil di-clone
Memproses tabel: pembayaran_cmt_2022_2023
  -> Jumlah data sumber: 682 rows
  -> Tabel lokal di-truncate
  -> SUKSES: 682 rows berhasil di-clone
Memproses tabel: pembayaran_cmt_detail
  -> Jumlah data sumber: 6931 rows
  -> Tabel lokal di-truncate
  -> SUKSES: 6931 rows berhasil di-clone
Memproses tabel: pembayaran_cmt_tambahan_lainnya
  -> Jumlah data sumber: 0 rows
  -> Tabel lokal di-truncate
  -> Tidak ada data untuk di-clone
Memproses tabel: pembayaran_sablon
  -> Jumlah data sumber: 0 rows
  -> Tabel lokal di-truncate
  -> Tidak ada data untuk di-clone
Memproses tabel: pembayaran_skb
  -> Jumlah data sumber: 154 rows
  -> Tabel lokal di-truncate
  -> SUKSES: 154 rows berhasil di-clone
Memproses tabel: pembayaran_skb_2022_2023
  -> Jumlah data sumber: 47 rows
  -> Tabel lokal di-truncate
  -> SUKSES: 47 rows berhasil di-clone
Memproses tabel: pembayaran_skb_alat
  -> Jumlah data sumber: 260 rows
  -> Tabel lokal di-truncate
  -> SUKSES: 260 rows berhasil di-clone
Memproses tabel: pembayaran_skb_pmb
  -> Jumlah data sumber: 154 rows
  -> Tabel lokal di-truncate
  -> SUKSES: 154 rows berhasil di-clone
Memproses tabel: pembayaran_skb_po
  -> Jumlah data sumber: 154 rows
  -> Tabel lokal di-truncate
  -> SUKSES: 154 rows berhasil di-clone
Memproses tabel: pembayaran_skb_setor
  -> Jumlah data sumber: 287 rows
  -> Tabel lokal di-truncate
  -> SUKSES: 287 rows berhasil di-clone
Memproses tabel: pemilik_poluar
  -> Jumlah data sumber: 10 rows
  -> Tabel lokal di-truncate
  -> SUKSES: 10 rows berhasil di-clone
Memproses tabel: pendapatan_transport
  -> Jumlah data sumber: 223 rows
  -> Tabel lokal di-truncate
  -> SUKSES: 223 rows berhasil di-clone
Memproses tabel: penerimaan_item
  -> Jumlah data sumber: 5249 rows
  -> Tabel lokal di-truncate
  -> SUKSES: 5249 rows berhasil di-clone
Memproses tabel: penerimaan_item_detail
  -> Jumlah data sumber: 13962 rows
  -> Tabel lokal di-truncate
  -> SUKSES: 13962 rows berhasil di-clone
Memproses tabel: pengajuan_barang
  -> Jumlah data sumber: 0 rows
  -> Tabel lokal di-truncate
  -> Tidak ada data untuk di-clone
Memproses tabel: pengajuan_harian_new
  -> Jumlah data sumber: 3995 rows
  -> Tabel lokal di-truncate
  -> SUKSES: 3995 rows berhasil di-clone
Memproses tabel: pengajuan_harian_new_detail
  -> Jumlah data sumber: 23572 rows
  -> Tabel lokal di-truncate
  -> SUKSES: 23572 rows berhasil di-clone
Memproses tabel: pengalihanpo
  -> Jumlah data sumber: 81 rows
  -> Tabel lokal di-truncate
  -> SUKSES: 81 rows berhasil di-clone
Memproses tabel: pengalihanpo_2022_2023
  -> Jumlah data sumber: 44 rows
  -> Tabel lokal di-truncate
  -> SUKSES: 44 rows berhasil di-clone
Memproses tabel: pengalokasian
  -> Jumlah data sumber: 21 rows
  -> Tabel lokal di-truncate
  -> SUKSES: 21 rows berhasil di-clone
Memproses tabel: pengeluaran_bordir
  -> Jumlah data sumber: 64 rows
  -> Tabel lokal di-truncate
  -> SUKSES: 64 rows berhasil di-clone
Memproses tabel: pengeluaran_bordir_detail
  -> Jumlah data sumber: 305 rows
  -> Tabel lokal di-truncate
  -> SUKSES: 305 rows berhasil di-clone
Memproses tabel: pengeluaran_sablon
  -> Jumlah data sumber: 164 rows
  -> Tabel lokal di-truncate
  -> SUKSES: 164 rows berhasil di-clone
Memproses tabel: pengembalian_bangke
  -> Jumlah data sumber: 397 rows
  -> Tabel lokal di-truncate
  -> SUKSES: 397 rows berhasil di-clone
Memproses tabel: pengembalian_bangke_2022_2023
  -> Jumlah data sumber: 160 rows
  -> Tabel lokal di-truncate
  -> SUKSES: 160 rows berhasil di-clone
Memproses tabel: penjualan_online
  -> Jumlah data sumber: 64 rows
  -> Tabel lokal di-truncate
  -> SUKSES: 64 rows berhasil di-clone
Memproses tabel: penjualan_online_product
  -> Jumlah data sumber: 157 rows
  -> Tabel lokal di-truncate
  -> SUKSES: 157 rows berhasil di-clone
Memproses tabel: periodeproduksi
  -> Jumlah data sumber: 1 rows
  -> Tabel lokal di-truncate
  -> SUKSES: 1 rows berhasil di-clone
Memproses tabel: personal_access_tokens
  -> Jumlah data sumber: 505 rows
  -> Tabel lokal di-truncate
  -> SUKSES: 505 rows berhasil di-clone
Memproses tabel: pinjaman_cmt
  -> Jumlah data sumber: 9 rows
  -> Tabel lokal di-truncate
  -> SUKSES: 9 rows berhasil di-clone
Memproses tabel: pinjaman_karyawan
  -> Jumlah data sumber: 62 rows
  -> Tabel lokal di-truncate
  -> SUKSES: 62 rows berhasil di-clone
Memproses tabel: pinjaman_karyawan_detail
  -> Jumlah data sumber: 0 rows
  -> Tabel lokal di-truncate
  -> Tidak ada data untuk di-clone
Memproses tabel: po_online
  -> Jumlah data sumber: 0 rows
  -> Tabel lokal di-truncate
  -> Tidak ada data untuk di-clone
Memproses tabel: po_online_stok
  -> Jumlah data sumber: 0 rows
  -> Tabel lokal di-truncate
  -> Tidak ada data untuk di-clone
Memproses tabel: po_online_tracking
  -> Jumlah data sumber: 0 rows
  -> Tabel lokal di-truncate
  -> Tidak ada data untuk di-clone
Memproses tabel: po_retur
  -> Jumlah data sumber: 119 rows
  -> Tabel lokal di-truncate
  -> SUKSES: 119 rows berhasil di-clone
Memproses tabel: po_retur_detail
  -> Jumlah data sumber: 500 rows
  -> Tabel lokal di-truncate
  -> SUKSES: 500 rows berhasil di-clone
Memproses tabel: podiluaralokasi
  -> Jumlah data sumber: 2 rows
  -> Tabel lokal di-truncate
  -> SUKSES: 2 rows berhasil di-clone
Memproses tabel: podiluaralokasi_detail
  -> Jumlah data sumber: 18 rows
  -> Tabel lokal di-truncate
  -> SUKSES: 18 rows berhasil di-clone
Memproses tabel: pogagalproduksi
  -> Jumlah data sumber: 0 rows
  -> Tabel lokal di-truncate
  -> Tidak ada data untuk di-clone
Memproses tabel: potongan_alat
  -> Jumlah data sumber: 5147 rows
  -> Tabel lokal di-truncate
  -> SUKSES: 5147 rows berhasil di-clone
Memproses tabel: potongan_bangke
  -> Jumlah data sumber: 498 rows
  -> Tabel lokal di-truncate
  -> SUKSES: 498 rows berhasil di-clone
Memproses tabel: potongan_bangke_2022_2023
  -> Jumlah data sumber: 249 rows
  -> Tabel lokal di-truncate
  -> SUKSES: 249 rows berhasil di-clone
Memproses tabel: potongan_bulanan
  -> Jumlah data sumber: 0 rows
  -> Tabel lokal di-truncate
  -> Tidak ada data untuk di-clone
Memproses tabel: potongan_mesin
  -> Jumlah data sumber: 76 rows
  -> Tabel lokal di-truncate
  -> SUKSES: 76 rows berhasil di-clone
Memproses tabel: potongan_operator
  -> Jumlah data sumber: 7 rows
  -> Tabel lokal di-truncate
  -> SUKSES: 7 rows berhasil di-clone
Memproses tabel: potongan_pinjaman_cmt
  -> Jumlah data sumber: 39 rows
  -> Tabel lokal di-truncate
  -> SUKSES: 39 rows berhasil di-clone
Memproses tabel: potongan_pinjaman_karyawan
  -> Jumlah data sumber: 237 rows
  -> Tabel lokal di-truncate
  -> SUKSES: 237 rows berhasil di-clone
Memproses tabel: potongan_vermak
  -> Jumlah data sumber: 682 rows
  -> Tabel lokal di-truncate
  -> SUKSES: 682 rows berhasil di-clone
Memproses tabel: product
  -> Jumlah data sumber: 2533 rows
  -> Tabel lokal di-truncate
  -> SUKSES: 2533 rows berhasil di-clone
Memproses tabel: produksi_po
  -> Jumlah data sumber: 1963 rows
  -> Tabel lokal di-truncate
  -> SUKSES: 1963 rows berhasil di-clone
Memproses tabel: produksi_po_2022_2023_
  -> Jumlah data sumber: 1639 rows
  -> Tabel lokal di-truncate
  -> SUKSES: 1639 rows berhasil di-clone
Memproses tabel: produksi_po_2023_2024
  -> Jumlah data sumber: 988 rows
  -> Tabel lokal di-truncate
  -> SUKSES: 988 rows berhasil di-clone
Memproses tabel: proggresion_po
  -> Jumlah data sumber: 15 rows
  -> Tabel lokal di-truncate
  -> SUKSES: 15 rows berhasil di-clone
Memproses tabel: proses_po
  -> Jumlah data sumber: 472 rows
  -> Tabel lokal di-truncate
  -> SUKSES: 472 rows berhasil di-clone
Memproses tabel: proses_po_2022_2023
  -> Jumlah data sumber: 139 rows
  -> Tabel lokal di-truncate
  -> SUKSES: 139 rows berhasil di-clone
Memproses tabel: rekapbarangsupplier
  -> Jumlah data sumber: 361 rows
  -> Tabel lokal di-truncate
  -> SUKSES: 361 rows berhasil di-clone
Memproses tabel: rekapbarangsupplier_detail
  -> Jumlah data sumber: 1444 rows
  -> Tabel lokal di-truncate
  -> SUKSES: 1444 rows berhasil di-clone
Memproses tabel: rekapinsentif_security
  -> Jumlah data sumber: 49 rows
  -> Tabel lokal di-truncate
  -> SUKSES: 49 rows berhasil di-clone
Memproses tabel: request_harga
  -> Jumlah data sumber: 3 rows
  -> Tabel lokal di-truncate
  -> SUKSES: 3 rows berhasil di-clone
Memproses tabel: rijek
  -> Jumlah data sumber: 112 rows
  -> Tabel lokal di-truncate
  -> SUKSES: 112 rows berhasil di-clone
Memproses tabel: rijek_2022_2023
  -> Jumlah data sumber: 209 rows
  -> Tabel lokal di-truncate
  -> SUKSES: 209 rows berhasil di-clone
Memproses tabel: sablon_sewarumah
  -> Jumlah data sumber: 1 rows
  -> Tabel lokal di-truncate
  -> SUKSES: 1 rows berhasil di-clone
Memproses tabel: sablon_sewarumah_detail
  -> Jumlah data sumber: 0 rows
  -> Tabel lokal di-truncate
  -> Tidak ada data untuk di-clone
Memproses tabel: sablonbawahan
  -> Jumlah data sumber: 0 rows
  -> Tabel lokal di-truncate
  -> Tidak ada data untuk di-clone
Memproses tabel: sessions
  -> Jumlah data sumber: 92 rows
  -> Tabel lokal di-truncate
  -> SUKSES: 92 rows berhasil di-clone
Memproses tabel: set_tgl_laporan
  -> Jumlah data sumber: 0 rows
  -> Tabel lokal di-truncate
  -> Tidak ada data untuk di-clone
Memproses tabel: set_tgl_laporan_tgl
  -> Jumlah data sumber: 0 rows
  -> Tabel lokal di-truncate
  -> Tidak ada data untuk di-clone
Memproses tabel: setorcmt
  -> Jumlah data sumber: 2036 rows
  -> Tabel lokal di-truncate
  -> SUKSES: 2036 rows berhasil di-clone
Memproses tabel: setorcmt_2022_2023
  -> Jumlah data sumber: 1067 rows
  -> Tabel lokal di-truncate
  -> SUKSES: 1067 rows berhasil di-clone
Memproses tabel: setorcmt_detail
  -> Jumlah data sumber: 3544 rows
  -> Tabel lokal di-truncate
  -> SUKSES: 3544 rows berhasil di-clone
Memproses tabel: setorcmt_detail_2022_2023
  -> Jumlah data sumber: 1605 rows
  -> Tabel lokal di-truncate
  -> SUKSES: 1605 rows berhasil di-clone
Memproses tabel: setorcmt_sablon
  -> Jumlah data sumber: 0 rows
  -> Tabel lokal di-truncate
  -> Tidak ada data untuk di-clone
Memproses tabel: setorcmt_sablon_detail
  -> Jumlah data sumber: 2230 rows
  -> Tabel lokal di-truncate
  -> SUKSES: 2230 rows berhasil di-clone
Memproses tabel: setorcmt_sablon_detail_2022_2023
  -> Jumlah data sumber: 1043 rows
  -> Tabel lokal di-truncate
  -> SUKSES: 1043 rows berhasil di-clone
Memproses tabel: settings
  -> Jumlah data sumber: 0 rows
  -> Tabel lokal di-truncate
  -> Tidak ada data untuk di-clone
Memproses tabel: size_po_online
  -> Jumlah data sumber: 13 rows
  -> Tabel lokal di-truncate
  -> SUKSES: 13 rows berhasil di-clone
Memproses tabel: size_po_produksi
  -> Jumlah data sumber: 0 rows
  -> Tabel lokal di-truncate
  -> Tidak ada data untuk di-clone
Memproses tabel: sj_bordir_luar
  -> Jumlah data sumber: 1104 rows
  -> Tabel lokal di-truncate
  -> SUKSES: 1104 rows berhasil di-clone
Memproses tabel: sj_bordir_luar_detail
  -> Jumlah data sumber: 3461 rows
  -> Tabel lokal di-truncate
  -> SUKSES: 3461 rows berhasil di-clone
Memproses tabel: sj_po_retur
  -> Jumlah data sumber: 0 rows
  -> Tabel lokal di-truncate
  -> Tidak ada data untuk di-clone
Memproses tabel: sj_po_retur_detail
  -> Jumlah data sumber: 0 rows
  -> Tabel lokal di-truncate
  -> Tidak ada data untuk di-clone
Memproses tabel: sj_tagihanbordir
  -> Jumlah data sumber: 2367 rows
  -> Tabel lokal di-truncate
  -> SUKSES: 2367 rows berhasil di-clone
Memproses tabel: sj_tagihanbordir_detail
  -> Jumlah data sumber: 6177 rows
  -> Tabel lokal di-truncate
  -> SUKSES: 6177 rows berhasil di-clone
Memproses tabel: spesifikasi_gambar
  -> Jumlah data sumber: 0 rows
  -> Tabel lokal di-truncate
  -> Tidak ada data untuk di-clone
Memproses tabel: spesifikasi_gambar_po
  -> Jumlah data sumber: 8738 rows
  -> Tabel lokal di-truncate
  -> SUKSES: 8738 rows berhasil di-clone
Memproses tabel: spesifikasi_gambar_po_2022_2023
  -> Jumlah data sumber: 2817 rows
  -> Tabel lokal di-truncate
  -> SUKSES: 2817 rows berhasil di-clone
Memproses tabel: status_pull
  -> Jumlah data sumber: 0 rows
  -> Tabel lokal di-truncate
  -> Tidak ada data untuk di-clone
Memproses tabel: stok_barang_skb
  -> Jumlah data sumber: 173 rows
  -> Tabel lokal di-truncate
  -> SUKSES: 173 rows berhasil di-clone
Memproses tabel: stok_barang_skb_history
  -> Jumlah data sumber: 0 rows
  -> Tabel lokal di-truncate
  -> Tidak ada data untuk di-clone
Memproses tabel: supplier_giro
  -> Jumlah data sumber: 1 rows
  -> Tabel lokal di-truncate
  -> SUKSES: 1 rows berhasil di-clone
Memproses tabel: supplier_giro_pembayaran
  -> Jumlah data sumber: 0 rows
  -> Tabel lokal di-truncate
  -> Tidak ada data untuk di-clone
Memproses tabel: tagihan_poluar
  -> Jumlah data sumber: 409 rows
  -> Tabel lokal di-truncate
  -> SUKSES: 409 rows berhasil di-clone
Memproses tabel: target_mesin
  -> Jumlah data sumber: 52 rows
  -> Tabel lokal di-truncate
  -> SUKSES: 52 rows berhasil di-clone
Memproses tabel: testcron
  -> Jumlah data sumber: 0 rows
  -> Tabel lokal di-truncate
  -> Tidak ada data untuk di-clone
Memproses tabel: timpotong
  -> Jumlah data sumber: 19 rows
  -> Tabel lokal di-truncate
  -> SUKSES: 19 rows berhasil di-clone
Memproses tabel: transferan
  -> Jumlah data sumber: 6390 rows
  -> Tabel lokal di-truncate
  -> SUKSES: 6390 rows berhasil di-clone
Memproses tabel: transport_driver
  -> Jumlah data sumber: 162 rows
  -> Tabel lokal di-truncate
  -> SUKSES: 162 rows berhasil di-clone
Memproses tabel: um_security
  -> Jumlah data sumber: 139 rows
  -> Tabel lokal di-truncate
  -> SUKSES: 139 rows berhasil di-clone
Memproses tabel: um_security_detail
  -> Jumlah data sumber: 689 rows
  -> Tabel lokal di-truncate
  -> SUKSES: 689 rows berhasil di-clone
Memproses tabel: user
  -> Jumlah data sumber: 17 rows
  -> Tabel lokal di-truncate
  -> SUKSES: 17 rows berhasil di-clone
Memproses tabel: user_activity
  -> Jumlah data sumber: 36362 rows
  -> Tabel lokal di-truncate
  -> SUKSES: 36362 rows berhasil di-clone
Memproses tabel: user_request
  -> Jumlah data sumber: 1754 rows
  -> Tabel lokal di-truncate
  -> SUKSES: 1754 rows berhasil di-clone
Memproses tabel: usermenu
  -> Jumlah data sumber: 4649 rows
  -> Tabel lokal di-truncate
  -> SUKSES: 4649 rows berhasil di-clone
Memproses tabel: users
  -> Jumlah data sumber: 2 rows
  -> Tabel lokal di-truncate
  -> SUKSES: 2 rows berhasil di-clone
-----------------------------------
=== CLONE DATABASE SELESAI ===
Tabel sukses : 316
Tabel skip   : 2
Tabel error  : 0
Total rows   : 720195
Waktu selesai: 2026-02-24 12:03:09
PHP Warning:  Undefined array key "HTTP_HOST" in /var/www/fb2/application/config/constants.php on line 78

Warning: Undefined array key "HTTP_HOST" in /var/www/fb2/application/config/constants.php on line 78
=== MULAI CLONE DATABASE ===
Sumber: forboysproduction.com / forboysp_2425
Tujuan: localhost / forboysp_2425
Waktu mulai: 2026-02-24 12:22:35
-----------------------------------
Total tabel ditemukan: 318
-----------------------------------
Memproses tabel: absensi
  -> Jumlah data sumber: 0 rows
  -> Tabel lokal di-truncate
  -> Tidak ada data untuk di-clone
Memproses tabel: absensi_bordir
  -> Jumlah data sumber: 0 rows
  -> Tabel lokal di-truncate
  -> Tidak ada data untuk di-clone
Memproses tabel: absensi_bordir_detail
  -> Jumlah data sumber: 0 rows
  -> Tabel lokal di-truncate
  -> Tidak ada data untuk di-clone
Memproses tabel: acc_ajuan_mingguan
  -> Jumlah data sumber: 3 rows
  -> Tabel lokal di-truncate
  -> SUKSES: 3 rows berhasil di-clone
Memproses tabel: adjust_kirimgudang
  -> Jumlah data sumber: 12 rows
  -> Tabel lokal di-truncate
  -> SUKSES: 12 rows berhasil di-clone
Memproses tabel: adjust_kirimgudang_detail
  -> Jumlah data sumber: 0 rows
  -> Tabel lokal di-truncate
  -> Tidak ada data untuk di-clone
Memproses tabel: adjust_kirimsetorcmt
  -> Jumlah data sumber: 10 rows
  -> Tabel lokal di-truncate
  -> SUKSES: 10 rows berhasil di-clone
Memproses tabel: adjust_kirimsetorcmt_detail
  -> Jumlah data sumber: 0 rows
  -> Tabel lokal di-truncate
  -> Tidak ada data untuk di-clone
Memproses tabel: ajuan_benang
  -> Jumlah data sumber: 0 rows
  -> Tabel lokal di-truncate
  -> Tidak ada data untuk di-clone
Memproses tabel: ajuan_benang_detail
  -> Jumlah data sumber: 0 rows
  -> Tabel lokal di-truncate
  -> Tidak ada data untuk di-clone
Memproses tabel: ajuan_kemeja_baru
  -> Jumlah data sumber: 25 rows
  -> Tabel lokal di-truncate
  -> SUKSES: 25 rows berhasil di-clone
Memproses tabel: ajuan_mingguan
  -> Jumlah data sumber: 2312 rows
  -> Tabel lokal di-truncate
  -> SUKSES: 2312 rows berhasil di-clone
Memproses tabel: ajuan_mingguan_detail
  -> Jumlah data sumber: 20801 rows
  -> Tabel lokal di-truncate
  -> SUKSES: 20801 rows berhasil di-clone
Memproses tabel: ajuan_mingguan_detail_kemeja
  -> Jumlah data sumber: 246 rows
  -> Tabel lokal di-truncate
  -> SUKSES: 246 rows berhasil di-clone
Memproses tabel: ajuan_mingguan_kemeja
  -> Jumlah data sumber: 137 rows
  -> Tabel lokal di-truncate
  -> SUKSES: 137 rows berhasil di-clone
Memproses tabel: ajuan_stock_mingguan
  -> Jumlah data sumber: 0 rows
  -> Tabel lokal di-truncate
  -> Tidak ada data untuk di-clone
Memproses tabel: ajuan_transfer
  -> Jumlah data sumber: 130 rows
  -> Tabel lokal di-truncate
  -> SUKSES: 130 rows berhasil di-clone
Memproses tabel: ajuanalatalat
  -> Jumlah data sumber: 3362 rows
  -> Tabel lokal di-truncate
  -> SUKSES: 3362 rows berhasil di-clone
Memproses tabel: ajuanalatalat_detail
  -> Jumlah data sumber: 240 rows
  -> Tabel lokal di-truncate
  -> SUKSES: 240 rows berhasil di-clone
Memproses tabel: aksesdata
  -> Jumlah data sumber: 63 rows
  -> Tabel lokal di-truncate
  -> SUKSES: 63 rows berhasil di-clone
Memproses tabel: alat_sukabumi
  -> Jumlah data sumber: 1225 rows
  -> Tabel lokal di-truncate
  -> SUKSES: 1225 rows berhasil di-clone
Memproses tabel: alert_notif
  -> Jumlah data sumber: 0 rows
  -> Tabel lokal di-truncate
  -> Tidak ada data untuk di-clone
Memproses tabel: alokasi
  -> Jumlah data sumber: 0 rows
  -> Tabel lokal di-truncate
  -> Tidak ada data untuk di-clone
Memproses tabel: alokasi_item
  -> Jumlah data sumber: 0 rows
  -> Tabel lokal di-truncate
  -> Tidak ada data untuk di-clone
Memproses tabel: alokasi_mingguan
  -> Jumlah data sumber: 1 rows
  -> Tabel lokal di-truncate
  -> SUKSES: 1 rows berhasil di-clone
Memproses tabel: alokasi_mingguan_detail
  -> Jumlah data sumber: 2 rows
  -> Tabel lokal di-truncate
  -> SUKSES: 2 rows berhasil di-clone
Memproses tabel: alokasi_po
  -> Jumlah data sumber: 63 rows
  -> Tabel lokal di-truncate
  -> SUKSES: 63 rows berhasil di-clone
Memproses tabel: alokasi_po_2022_2023
  -> Jumlah data sumber: 8 rows
  -> Tabel lokal di-truncate
  -> SUKSES: 8 rows berhasil di-clone
Memproses tabel: alokasi_po_detail
  -> Jumlah data sumber: 402 rows
  -> Tabel lokal di-truncate
  -> SUKSES: 402 rows berhasil di-clone
Memproses tabel: alokasi_po_detail_2022_2023.
  -> SKIP: Nama tabel 'alokasi_po_detail_2022_2023.' mengandung karakter bermasalah
Memproses tabel: alokasi_transferan
  -> Jumlah data sumber: 5978 rows
  -> Tabel lokal di-truncate
  -> SUKSES: 5978 rows berhasil di-clone
Memproses tabel: anggaran_operasional_sukabumi
  -> Jumlah data sumber: 170 rows
  -> Tabel lokal di-truncate
  -> SUKSES: 170 rows berhasil di-clone
Memproses tabel: anggaran_operasional_sukabumi_detail
  -> Jumlah data sumber: 305 rows
  -> Tabel lokal di-truncate
  -> SUKSES: 305 rows berhasil di-clone
Memproses tabel: aruskas
  -> Jumlah data sumber: 3037 rows
  -> Tabel lokal di-truncate
  -> SUKSES: 3037 rows berhasil di-clone
Memproses tabel: bagian
  -> Jumlah data sumber: 27 rows
  -> Tabel lokal di-truncate
  -> SUKSES: 27 rows berhasil di-clone
Memproses tabel: bagian_pengambilan
  -> Jumlah data sumber: 14 rows
  -> Tabel lokal di-truncate
  -> SUKSES: 14 rows berhasil di-clone
Memproses tabel: bagian_user
  -> Jumlah data sumber: 2 rows
  -> Tabel lokal di-truncate
  -> SUKSES: 2 rows berhasil di-clone
Memproses tabel: bank
  -> Jumlah data sumber: 1 rows
  -> Tabel lokal di-truncate
  -> SUKSES: 1 rows berhasil di-clone
Memproses tabel: barangkeluar_harian
  -> Jumlah data sumber: 2559 rows
  -> Tabel lokal di-truncate
  -> SUKSES: 2559 rows berhasil di-clone
Memproses tabel: barangkeluar_harian_2022_2023
  -> Jumlah data sumber: 443 rows
  -> Tabel lokal di-truncate
  -> SUKSES: 443 rows berhasil di-clone
Memproses tabel: barangkeluar_harian_detail
  -> Jumlah data sumber: 10852 rows
  -> Tabel lokal di-truncate
  -> SUKSES: 10852 rows berhasil di-clone
Memproses tabel: barangkeluar_harian_detail_2022_2023
  -> Jumlah data sumber: 2609 rows
  -> Tabel lokal di-truncate
  -> SUKSES: 2609 rows berhasil di-clone
Memproses tabel: barangkeluarharian
  -> Jumlah data sumber: 1625 rows
  -> Tabel lokal di-truncate
  -> SUKSES: 1625 rows berhasil di-clone
Memproses tabel: barangkeluarharian_2022_2023.
  -> SKIP: Nama tabel 'barangkeluarharian_2022_2023.' mengandung karakter bermasalah
Memproses tabel: barangkeluarharian_detail
  -> Jumlah data sumber: 5784 rows
  -> Tabel lokal di-truncate
  -> SUKSES: 5784 rows berhasil di-clone
Memproses tabel: barangkeluarharian_detail_2022_2023
  -> Jumlah data sumber: 4255 rows
  -> Tabel lokal di-truncate
  -> SUKSES: 4255 rows berhasil di-clone
Memproses tabel: biaya_hpp
  -> Jumlah data sumber: 2 rows
  -> Tabel lokal di-truncate
  -> SUKSES: 2 rows berhasil di-clone
Memproses tabel: biaya_hpp_perpo
  -> Jumlah data sumber: 110 rows
  -> Tabel lokal di-truncate
  -> SUKSES: 110 rows berhasil di-clone
Memproses tabel: biaya_hpp_perpodetail
  -> Jumlah data sumber: 253 rows
  -> Tabel lokal di-truncate
  -> SUKSES: 253 rows berhasil di-clone
Memproses tabel: boronganmesin
  -> Jumlah data sumber: 1804 rows
  -> Tabel lokal di-truncate
  -> SUKSES: 1804 rows berhasil di-clone
Memproses tabel: boronganmesin_2022_2023
  -> Jumlah data sumber: 1382 rows
  -> Tabel lokal di-truncate
  -> SUKSES: 1382 rows berhasil di-clone
Memproses tabel: buang_benang_finishing
  -> Jumlah data sumber: 1032 rows
  -> Tabel lokal di-truncate
  -> SUKSES: 1032 rows berhasil di-clone
Memproses tabel: buang_benang_finishing_2022_2023
  -> Jumlah data sumber: 478 rows
  -> Tabel lokal di-truncate
  -> SUKSES: 478 rows berhasil di-clone
Memproses tabel: cache
  -> Jumlah data sumber: 2 rows
  -> Tabel lokal di-truncate
  -> SUKSES: 2 rows berhasil di-clone
Memproses tabel: cache_locks
  -> Jumlah data sumber: 0 rows
  -> Tabel lokal di-truncate
  -> Tidak ada data untuk di-clone
Memproses tabel: claim_potongan_sablon_detail
  -> Jumlah data sumber: 1 rows
  -> Tabel lokal di-truncate
  -> SUKSES: 1 rows berhasil di-clone
Memproses tabel: claim_sablon
  -> Jumlah data sumber: 3 rows
  -> Tabel lokal di-truncate
  -> SUKSES: 3 rows berhasil di-clone
Memproses tabel: claim_timpotong
  -> Jumlah data sumber: 29 rows
  -> Tabel lokal di-truncate
  -> SUKSES: 29 rows berhasil di-clone
Memproses tabel: croscek_admin
  -> Jumlah data sumber: 2 rows
  -> Tabel lokal di-truncate
  -> SUKSES: 2 rows berhasil di-clone
Memproses tabel: cucian
  -> Jumlah data sumber: 951 rows
  -> Tabel lokal di-truncate
  -> SUKSES: 951 rows berhasil di-clone
Memproses tabel: cucian_2022_2023
  -> Jumlah data sumber: 606 rows
  -> Tabel lokal di-truncate
  -> SUKSES: 606 rows berhasil di-clone
Memproses tabel: cucianhpp_history
  -> Jumlah data sumber: 37 rows
  -> Tabel lokal di-truncate
  -> SUKSES: 37 rows berhasil di-clone
Memproses tabel: customer
  -> Jumlah data sumber: 16 rows
  -> Tabel lokal di-truncate
  -> SUKSES: 16 rows berhasil di-clone
Memproses tabel: daftarharga_cmt
  -> Jumlah data sumber: 25 rows
  -> Tabel lokal di-truncate
  -> SUKSES: 25 rows berhasil di-clone
Memproses tabel: distribusi_alat_sukabumi
  -> Jumlah data sumber: 2266 rows
  -> Tabel lokal di-truncate
  -> SUKSES: 2266 rows berhasil di-clone
Memproses tabel: divisi
  -> Jumlah data sumber: 17 rows
  -> Tabel lokal di-truncate
  -> SUKSES: 17 rows berhasil di-clone
Memproses tabel: ekspedisi
  -> Jumlah data sumber: 12 rows
  -> Tabel lokal di-truncate
  -> SUKSES: 12 rows berhasil di-clone
Memproses tabel: failed_jobs
  -> Jumlah data sumber: 0 rows
  -> Tabel lokal di-truncate
  -> Tidak ada data untuk di-clone
Memproses tabel: file_lap_tahunan
  -> Jumlah data sumber: 0 rows
  -> Tabel lokal di-truncate
  -> Tidak ada data untuk di-clone
Memproses tabel: finishing_kirim_gudang
  -> Jumlah data sumber: 3014 rows
  -> Tabel lokal di-truncate
  -> SUKSES: 3014 rows berhasil di-clone
Memproses tabel: finishing_kirim_gudang_2022_2023
  -> Jumlah data sumber: 2253 rows
  -> Tabel lokal di-truncate
  -> SUKSES: 2253 rows berhasil di-clone
Memproses tabel: finishing_kirim_gudang_faktur
  -> Jumlah data sumber: 2822 rows
  -> Tabel lokal di-truncate
  -> SUKSES: 2822 rows berhasil di-clone
Memproses tabel: finishing_kirim_gudang_faktur_2022_2023
  -> Jumlah data sumber: 1597 rows
  -> Tabel lokal di-truncate
  -> SUKSES: 1597 rows berhasil di-clone
Memproses tabel: finishing_kirim_gudang_rincian
  -> Jumlah data sumber: 11302 rows
  -> Tabel lokal di-truncate
  -> SUKSES: 11302 rows berhasil di-clone
Memproses tabel: finishing_kirim_gudang_rincian_2022_2023
  -> Jumlah data sumber: 8624 rows
  -> Tabel lokal di-truncate
  -> SUKSES: 8624 rows berhasil di-clone
Memproses tabel: finishing_proses_updated
  -> Jumlah data sumber: 330 rows
  -> Tabel lokal di-truncate
  -> SUKSES: 330 rows berhasil di-clone
Memproses tabel: formpengambilanalat
  -> Jumlah data sumber: 1472 rows
  -> Tabel lokal di-truncate
  -> SUKSES: 1472 rows berhasil di-clone
Memproses tabel: formpengambilanalat_detail
  -> Jumlah data sumber: 5771 rows
  -> Tabel lokal di-truncate
  -> SUKSES: 5771 rows berhasil di-clone
Memproses tabel: gagal_login
  -> Jumlah data sumber: 53 rows
  -> Tabel lokal di-truncate
  -> SUKSES: 53 rows berhasil di-clone
Memproses tabel: gaji_bulanan
  -> Jumlah data sumber: 55 rows
  -> Tabel lokal di-truncate
  -> SUKSES: 55 rows berhasil di-clone
Memproses tabel: gaji_finishing
  -> Jumlah data sumber: 397 rows
  -> Tabel lokal di-truncate
  -> SUKSES: 397 rows berhasil di-clone
Memproses tabel: gaji_finishing_detail
  -> Jumlah data sumber: 1363 rows
  -> Tabel lokal di-truncate
  -> SUKSES: 1363 rows berhasil di-clone
Memproses tabel: gaji_operator
  -> Jumlah data sumber: 218 rows
  -> Tabel lokal di-truncate
  -> SUKSES: 218 rows berhasil di-clone
Memproses tabel: gaji_operator_detail
  -> Jumlah data sumber: 1632 rows
  -> Tabel lokal di-truncate
  -> SUKSES: 1632 rows berhasil di-clone
Memproses tabel: gaji_operator_detail_new
  -> Jumlah data sumber: 11302 rows
  -> Tabel lokal di-truncate
  -> SUKSES: 11302 rows berhasil di-clone
Memproses tabel: gaji_operator_new
  -> Jumlah data sumber: 1632 rows
  -> Tabel lokal di-truncate
  -> SUKSES: 1632 rows berhasil di-clone
Memproses tabel: gaji_sablon_borongan
  -> Jumlah data sumber: 3672 rows
  -> Tabel lokal di-truncate
  -> SUKSES: 3672 rows berhasil di-clone
Memproses tabel: gaji_sablon_harian
  -> Jumlah data sumber: 307 rows
  -> Tabel lokal di-truncate
  -> SUKSES: 307 rows berhasil di-clone
Memproses tabel: gaji_sablon_harian_detail
  -> Jumlah data sumber: 307 rows
  -> Tabel lokal di-truncate
  -> SUKSES: 307 rows berhasil di-clone
Memproses tabel: gaji_timpotong
  -> Jumlah data sumber: 254 rows
  -> Tabel lokal di-truncate
  -> SUKSES: 254 rows berhasil di-clone
Memproses tabel: gaji_timpotong_detail
  -> Jumlah data sumber: 10042 rows
  -> Tabel lokal di-truncate
  -> SUKSES: 10042 rows berhasil di-clone
Memproses tabel: gajiborongan
  -> Jumlah data sumber: 5 rows
  -> Tabel lokal di-truncate
  -> SUKSES: 5 rows berhasil di-clone
Memproses tabel: gajisukabumi
  -> Jumlah data sumber: 171 rows
  -> Tabel lokal di-truncate
  -> SUKSES: 171 rows berhasil di-clone
Memproses tabel: gajisukabumi_detail
  -> Jumlah data sumber: 444 rows
  -> Tabel lokal di-truncate
  -> SUKSES: 444 rows berhasil di-clone
Memproses tabel: global_daftarharga
  -> Jumlah data sumber: 5 rows
  -> Tabel lokal di-truncate
  -> SUKSES: 5 rows berhasil di-clone
Memproses tabel: gudang_bahan_keluar
  -> Jumlah data sumber: 20262 rows
  -> Tabel lokal di-truncate
  -> SUKSES: 20262 rows berhasil di-clone
Memproses tabel: gudang_bahan_keluar_2022_2023
  -> Jumlah data sumber: 9994 rows
  -> Tabel lokal di-truncate
  -> SUKSES: 9994 rows berhasil di-clone
Memproses tabel: gudang_item_keluar
  -> Jumlah data sumber: 27006 rows
  -> Tabel lokal di-truncate
  -> SUKSES: 27006 rows berhasil di-clone
Memproses tabel: gudang_item_keluar_2022_2023
  -> Jumlah data sumber: 13561 rows
  -> Tabel lokal di-truncate
  -> SUKSES: 13561 rows berhasil di-clone
Memproses tabel: gudang_item_masuk
  -> Jumlah data sumber: 0 rows
  -> Tabel lokal di-truncate
  -> Tidak ada data untuk di-clone
Memproses tabel: gudang_out_po
  -> Jumlah data sumber: 8825 rows
  -> Tabel lokal di-truncate
  -> SUKSES: 8825 rows berhasil di-clone
Memproses tabel: gudang_out_po_2022_2023
  -> Jumlah data sumber: 3749 rows
  -> Tabel lokal di-truncate
  -> SUKSES: 3749 rows berhasil di-clone
Memproses tabel: gudang_pengajuan_item
  -> Jumlah data sumber: 0 rows
  -> Tabel lokal di-truncate
  -> Tidak ada data untuk di-clone
Memproses tabel: gudang_persediaan_item
  -> Jumlah data sumber: 2543 rows
  -> Tabel lokal di-truncate
  -> SUKSES: 2543 rows berhasil di-clone
Memproses tabel: harga_transport
  -> Jumlah data sumber: 8 rows
  -> Tabel lokal di-truncate
  -> SUKSES: 8 rows berhasil di-clone
Memproses tabel: history_stok_penjualan
  -> Jumlah data sumber: 189 rows
  -> Tabel lokal di-truncate
  -> SUKSES: 189 rows berhasil di-clone
Memproses tabel: insentifsecurity
  -> Jumlah data sumber: 3632 rows
  -> Tabel lokal di-truncate
  -> SUKSES: 3632 rows berhasil di-clone
Memproses tabel: insentifsecurity_detail
  -> Jumlah data sumber: 3620 rows
  -> Tabel lokal di-truncate
  -> SUKSES: 3620 rows berhasil di-clone
Memproses tabel: jabatan
  -> Jumlah data sumber: 54 rows
  -> Tabel lokal di-truncate
  -> SUKSES: 54 rows berhasil di-clone
Memproses tabel: jenis_potongan
  -> Jumlah data sumber: 4 rows
  -> Tabel lokal di-truncate
  -> SUKSES: 4 rows berhasil di-clone
Memproses tabel: job_batches
  -> Jumlah data sumber: 0 rows
  -> Tabel lokal di-truncate
  -> Tidak ada data untuk di-clone
Memproses tabel: jobs
  -> Jumlah data sumber: 0 rows
  -> Tabel lokal di-truncate
  -> Tidak ada data untuk di-clone
Memproses tabel: kalender
  -> Jumlah data sumber: 0 rows
  -> Tabel lokal di-truncate
  -> Tidak ada data untuk di-clone
Memproses tabel: kartustok_product
  -> Jumlah data sumber: 82201 rows
  -> Tabel lokal di-truncate
  -> SUKSES: 82201 rows berhasil di-clone
Memproses tabel: karyawan
  -> Jumlah data sumber: 75 rows
  -> Tabel lokal di-truncate
  -> SUKSES: 75 rows berhasil di-clone
Memproses tabel: karyawan_harian
  -> Jumlah data sumber: 266 rows
  -> Tabel lokal di-truncate
  -> SUKSES: 266 rows berhasil di-clone
Memproses tabel: karyawan_skb
  -> Jumlah data sumber: 5 rows
  -> Tabel lokal di-truncate
  -> SUKSES: 5 rows berhasil di-clone
Memproses tabel: kasbon
  -> Jumlah data sumber: 1457 rows
  -> Tabel lokal di-truncate
  -> SUKSES: 1457 rows berhasil di-clone
Memproses tabel: kasbon_acc
  -> Jumlah data sumber: 0 rows
  -> Tabel lokal di-truncate
  -> Tidak ada data untuk di-clone
Memproses tabel: kategori_bahan
  -> Jumlah data sumber: 0 rows
  -> Tabel lokal di-truncate
  -> Tidak ada data untuk di-clone
Memproses tabel: kategori_barang
  -> Jumlah data sumber: 41 rows
  -> Tabel lokal di-truncate
  -> SUKSES: 41 rows berhasil di-clone
Memproses tabel: kelola_mesin_bordir
  -> Jumlah data sumber: 19072 rows
  -> Tabel lokal di-truncate
  -> SUKSES: 19072 rows berhasil di-clone
Memproses tabel: kelola_mesin_bordir_2022_2023
  -> Jumlah data sumber: 9908 rows
  -> Tabel lokal di-truncate
  -> SUKSES: 9908 rows berhasil di-clone
Memproses tabel: kelola_po_nota_kirim_cmt
  -> Jumlah data sumber: 0 rows
  -> Tabel lokal di-truncate
  -> Tidak ada data untuk di-clone
Memproses tabel: kelolapo_buang_benang
  -> Jumlah data sumber: 55224 rows
  -> Tabel lokal di-truncate
  -> SUKSES: 55224 rows berhasil di-clone
Memproses tabel: kelolapo_buang_benang_2022_2023
  -> Jumlah data sumber: 35143 rows
  -> Tabel lokal di-truncate
  -> SUKSES: 35143 rows berhasil di-clone
Memproses tabel: kelolapo_kirim_setor
  -> Jumlah data sumber: 18349 rows
  -> Tabel lokal di-truncate
  -> ERROR: Gagal baca data batch offset 8000
  -> PARTIAL: 8000 rows berhasil sebelum error
Memproses tabel: kelolapo_kirim_setor_2022_2023
  -> ERROR: Gagal menghitung data tabel 'kelolapo_kirim_setor_2022_2023', SKIP
Memproses tabel: kelolapo_kirim_setor_atas
  -> ERROR: Gagal menghitung data tabel 'kelolapo_kirim_setor_atas', SKIP
Memproses tabel: kelolapo_kirim_setor_bawah
  -> ERROR: Gagal menghitung data tabel 'kelolapo_kirim_setor_bawah', SKIP
Memproses tabel: kelolapo_kirim_setor_celana
  -> ERROR: Gagal menghitung data tabel 'kelolapo_kirim_setor_celana', SKIP
Memproses tabel: kelolapo_pengecekan_potongan
  -> ERROR: Gagal menghitung data tabel 'kelolapo_pengecekan_potongan', SKIP
Memproses tabel: kelolapo_pengecekan_potongan_atas
  -> ERROR: Gagal menghitung data tabel 'kelolapo_pengecekan_potongan_atas', SKIP
Memproses tabel: kelolapo_pengecekan_potongan_bawah
  -> ERROR: Gagal menghitung data tabel 'kelolapo_pengecekan_potongan_bawah', SKIP
Memproses tabel: kelolapo_rincian_setor_cmt
  -> ERROR: Gagal menghitung data tabel 'kelolapo_rincian_setor_cmt', SKIP
Memproses tabel: kelolapo_rincian_setor_cmt_2022_2023
  -> ERROR: Gagal menghitung data tabel 'kelolapo_rincian_setor_cmt_2022_2023', SKIP
Memproses tabel: kelolapo_rincian_setor_cmt_celana
  -> ERROR: Gagal menghitung data tabel 'kelolapo_rincian_setor_cmt_celana', SKIP
Memproses tabel: kelolapo_rincian_setor_cmt_finish
  -> ERROR: Gagal menghitung data tabel 'kelolapo_rincian_setor_cmt_finish', SKIP
Memproses tabel: kelolapo_rincian_setor_cmt_finish_2022_2023
  -> ERROR: Gagal menghitung data tabel 'kelolapo_rincian_setor_cmt_finish_2022_2023', SKIP
Memproses tabel: kelolapo_rincian_setor_cmt_finish_celana
  -> ERROR: Gagal menghitung data tabel 'kelolapo_rincian_setor_cmt_finish_celana', SKIP
Memproses tabel: keterangan_alokasipo
  -> ERROR: Gagal menghitung data tabel 'keterangan_alokasipo', SKIP
Memproses tabel: kirimbupot
  -> ERROR: Gagal menghitung data tabel 'kirimbupot', SKIP
Memproses tabel: kirimbupot_detail
  -> ERROR: Gagal menghitung data tabel 'kirimbupot_detail', SKIP
Memproses tabel: kirimcmt
  -> ERROR: Gagal menghitung data tabel 'kirimcmt', SKIP
Memproses tabel: kirimcmt_2022_2023
  -> ERROR: Gagal menghitung data tabel 'kirimcmt_2022_2023', SKIP
Memproses tabel: kirimcmt_celana
  -> ERROR: Gagal menghitung data tabel 'kirimcmt_celana', SKIP
Memproses tabel: kirimcmt_celana_detail
  -> ERROR: Gagal menghitung data tabel 'kirimcmt_celana_detail', SKIP
Memproses tabel: kirimcmt_detail
  -> ERROR: Gagal menghitung data tabel 'kirimcmt_detail', SKIP
Memproses tabel: kirimcmt_detail_2022_2023
  -> ERROR: Gagal menghitung data tabel 'kirimcmt_detail_2022_2023', SKIP
Memproses tabel: kirimcmt_detailatas
  -> ERROR: Gagal menghitung data tabel 'kirimcmt_detailatas', SKIP
Memproses tabel: kirimcmt_detailbawah
  -> ERROR: Gagal menghitung data tabel 'kirimcmt_detailbawah', SKIP
Memproses tabel: kirimcmt_po
  -> ERROR: Gagal menghitung data tabel 'kirimcmt_po', SKIP
Memproses tabel: kirimcmtbordir
  -> ERROR: Gagal menghitung data tabel 'kirimcmtbordir', SKIP
Memproses tabel: kirimcmtbordir_detail
  -> ERROR: Gagal menghitung data tabel 'kirimcmtbordir_detail', SKIP
Memproses tabel: kirimcmtsablon
  -> ERROR: Gagal menghitung data tabel 'kirimcmtsablon', SKIP
Memproses tabel: kirimcmtsablon_2022_2023
  -> ERROR: Gagal menghitung data tabel 'kirimcmtsablon_2022_2023', SKIP
Memproses tabel: kirimcmtsablon_detail
  -> ERROR: Gagal menghitung data tabel 'kirimcmtsablon_detail', SKIP
Memproses tabel: kirimcmtsablon_detail_2022_2023
  -> ERROR: Gagal menghitung data tabel 'kirimcmtsablon_detail_2022_2023', SKIP
Memproses tabel: kirimgudang_bulanan
  -> ERROR: Gagal menghitung data tabel 'kirimgudang_bulanan', SKIP
Memproses tabel: kirimsetor_bulanan
  -> ERROR: Gagal menghitung data tabel 'kirimsetor_bulanan', SKIP
Memproses tabel: klo_bulanan
  -> ERROR: Gagal menghitung data tabel 'klo_bulanan', SKIP
Memproses tabel: konveksi_buku_potongan
  -> ERROR: Gagal menghitung data tabel 'konveksi_buku_potongan', SKIP
Memproses tabel: konveksi_buku_potongan_2022_2023
  -> ERROR: Gagal menghitung data tabel 'konveksi_buku_potongan_2022_2023', SKIP
Memproses tabel: konveksi_buku_potongan_utama
  -> ERROR: Gagal menghitung data tabel 'konveksi_buku_potongan_utama', SKIP
Memproses tabel: konveksi_buku_potongan_utama_2022_2023
  -> ERROR: Gagal menghitung data tabel 'konveksi_buku_potongan_utama_2022_2023', SKIP
Memproses tabel: konveksi_buku_potongan_variasi
  -> ERROR: Gagal menghitung data tabel 'konveksi_buku_potongan_variasi', SKIP
Memproses tabel: konveksi_buku_potongan_variasi_2022_2023
  -> ERROR: Gagal menghitung data tabel 'konveksi_buku_potongan_variasi_2022_2023', SKIP
Memproses tabel: laba_produksi
  -> ERROR: Gagal menghitung data tabel 'laba_produksi', SKIP
Memproses tabel: lampiran_alat
  -> ERROR: Gagal menghitung data tabel 'lampiran_alat', SKIP
Memproses tabel: laporanexpedisi
  -> ERROR: Gagal menghitung data tabel 'laporanexpedisi', SKIP
Memproses tabel: lembur_harian
  -> ERROR: Gagal menghitung data tabel 'lembur_harian', SKIP
Memproses tabel: log_user
  -> ERROR: Gagal menghitung data tabel 'log_user', SKIP
Memproses tabel: lokasi_cmt
  -> ERROR: Gagal menghitung data tabel 'lokasi_cmt', SKIP
Memproses tabel: marketplace
  -> ERROR: Gagal menghitung data tabel 'marketplace', SKIP
Memproses tabel: master_cmt
  -> ERROR: Gagal menghitung data tabel 'master_cmt', SKIP
Memproses tabel: master_cmt_job
  -> ERROR: Gagal menghitung data tabel 'master_cmt_job', SKIP
Memproses tabel: master_gudang
  -> ERROR: Gagal menghitung data tabel 'master_gudang', SKIP
Memproses tabel: master_harga_gaji
  -> ERROR: Gagal menghitung data tabel 'master_harga_gaji', SKIP
Memproses tabel: master_harga_potongan
  -> ERROR: Gagal menghitung data tabel 'master_harga_potongan', SKIP
Memproses tabel: master_jenis_kaos
  -> ERROR: Gagal menghitung data tabel 'master_jenis_kaos', SKIP
Memproses tabel: master_jenis_po
  -> ERROR: Gagal menghitung data tabel 'master_jenis_po', SKIP
Memproses tabel: master_job
  -> ERROR: Gagal menghitung data tabel 'master_job', SKIP
Memproses tabel: master_karyawan_benang
  -> ERROR: Gagal menghitung data tabel 'master_karyawan_benang', SKIP
Memproses tabel: master_karyawan_bordir
  -> ERROR: Gagal menghitung data tabel 'master_karyawan_bordir', SKIP
Memproses tabel: master_karyawan_finishing_gudang
  -> ERROR: Gagal menghitung data tabel 'master_karyawan_finishing_gudang', SKIP
Memproses tabel: master_karyawan_pengecekan
  -> ERROR: Gagal menghitung data tabel 'master_karyawan_pengecekan', SKIP
Memproses tabel: master_menu
  -> ERROR: Gagal menghitung data tabel 'master_menu', SKIP
Memproses tabel: master_mesin
  -> ERROR: Gagal menghitung data tabel 'master_mesin', SKIP
Memproses tabel: master_nama_po
  -> ERROR: Gagal menghitung data tabel 'master_nama_po', SKIP
Memproses tabel: master_po_luar
  -> ERROR: Gagal menghitung data tabel 'master_po_luar', SKIP
Memproses tabel: master_po_luar_2223
  -> ERROR: Gagal menghitung data tabel 'master_po_luar_2223', SKIP
Memproses tabel: master_po_online
  -> ERROR: Gagal menghitung data tabel 'master_po_online', SKIP
Memproses tabel: master_po_online_detail
  -> ERROR: Gagal menghitung data tabel 'master_po_online_detail', SKIP
Memproses tabel: master_po_online_serian
  -> ERROR: Gagal menghitung data tabel 'master_po_online_serian', SKIP
Memproses tabel: master_progress
  -> ERROR: Gagal menghitung data tabel 'master_progress', SKIP
Memproses tabel: master_satuan_barang
  -> ERROR: Gagal menghitung data tabel 'master_satuan_barang', SKIP
Memproses tabel: master_size
  -> ERROR: Gagal menghitung data tabel 'master_size', SKIP
Memproses tabel: master_supplier
  -> ERROR: Gagal menghitung data tabel 'master_supplier', SKIP
Memproses tabel: masterdata_hargapo
  -> ERROR: Gagal menghitung data tabel 'masterdata_hargapo', SKIP
Memproses tabel: masterharga_bahan
  -> ERROR: Gagal menghitung data tabel 'masterharga_bahan', SKIP
Memproses tabel: mastersize_potongan
  -> ERROR: Gagal menghitung data tabel 'mastersize_potongan', SKIP
Memproses tabel: menu
  -> ERROR: Gagal menghitung data tabel 'menu', SKIP
Memproses tabel: mesin_bordir
  -> ERROR: Gagal menghitung data tabel 'mesin_bordir', SKIP
Memproses tabel: migrations
  -> ERROR: Gagal menghitung data tabel 'migrations', SKIP
Memproses tabel: model_po
  -> ERROR: Gagal menghitung data tabel 'model_po', SKIP
Memproses tabel: notifikasi
  -> ERROR: Gagal menghitung data tabel 'notifikasi', SKIP
Memproses tabel: operational
  -> ERROR: Gagal menghitung data tabel 'operational', SKIP
Memproses tabel: packing
  -> ERROR: Gagal menghitung data tabel 'packing', SKIP
Memproses tabel: packing_2022_2023
  -> ERROR: Gagal menghitung data tabel 'packing_2022_2023', SKIP
Memproses tabel: packing_po
  -> ERROR: Gagal menghitung data tabel 'packing_po', SKIP
Memproses tabel: password_reset_tokens
  -> ERROR: Gagal menghitung data tabel 'password_reset_tokens', SKIP
Memproses tabel: pelunasan_pembayaran_skb
  -> ERROR: Gagal menghitung data tabel 'pelunasan_pembayaran_skb', SKIP
Memproses tabel: pembayaran_cmt
  -> ERROR: Gagal menghitung data tabel 'pembayaran_cmt', SKIP
Memproses tabel: pembayaran_cmt_2022_2023
  -> ERROR: Gagal menghitung data tabel 'pembayaran_cmt_2022_2023', SKIP
Memproses tabel: pembayaran_cmt_detail
  -> ERROR: Gagal menghitung data tabel 'pembayaran_cmt_detail', SKIP
Memproses tabel: pembayaran_cmt_tambahan_lainnya
  -> ERROR: Gagal menghitung data tabel 'pembayaran_cmt_tambahan_lainnya', SKIP
Memproses tabel: pembayaran_sablon
  -> ERROR: Gagal menghitung data tabel 'pembayaran_sablon', SKIP
Memproses tabel: pembayaran_skb
  -> ERROR: Gagal menghitung data tabel 'pembayaran_skb', SKIP
Memproses tabel: pembayaran_skb_2022_2023
  -> ERROR: Gagal menghitung data tabel 'pembayaran_skb_2022_2023', SKIP
Memproses tabel: pembayaran_skb_alat
  -> ERROR: Gagal menghitung data tabel 'pembayaran_skb_alat', SKIP
Memproses tabel: pembayaran_skb_pmb
  -> ERROR: Gagal menghitung data tabel 'pembayaran_skb_pmb', SKIP
Memproses tabel: pembayaran_skb_po
  -> ERROR: Gagal menghitung data tabel 'pembayaran_skb_po', SKIP
Memproses tabel: pembayaran_skb_setor
  -> ERROR: Gagal menghitung data tabel 'pembayaran_skb_setor', SKIP
Memproses tabel: pemilik_poluar
  -> ERROR: Gagal menghitung data tabel 'pemilik_poluar', SKIP
Memproses tabel: pendapatan_transport
  -> ERROR: Gagal menghitung data tabel 'pendapatan_transport', SKIP
Memproses tabel: penerimaan_item
  -> ERROR: Gagal menghitung data tabel 'penerimaan_item', SKIP
Memproses tabel: penerimaan_item_detail
  -> ERROR: Gagal menghitung data tabel 'penerimaan_item_detail', SKIP
Memproses tabel: pengajuan_barang
  -> ERROR: Gagal menghitung data tabel 'pengajuan_barang', SKIP
Memproses tabel: pengajuan_harian_new
  -> ERROR: Gagal menghitung data tabel 'pengajuan_harian_new', SKIP
Memproses tabel: pengajuan_harian_new_detail
  -> ERROR: Gagal menghitung data tabel 'pengajuan_harian_new_detail', SKIP
Memproses tabel: pengalihanpo
  -> ERROR: Gagal menghitung data tabel 'pengalihanpo', SKIP
Memproses tabel: pengalihanpo_2022_2023
  -> ERROR: Gagal menghitung data tabel 'pengalihanpo_2022_2023', SKIP
Memproses tabel: pengalokasian
  -> ERROR: Gagal menghitung data tabel 'pengalokasian', SKIP
Memproses tabel: pengeluaran_bordir
  -> ERROR: Gagal menghitung data tabel 'pengeluaran_bordir', SKIP
Memproses tabel: pengeluaran_bordir_detail
  -> ERROR: Gagal menghitung data tabel 'pengeluaran_bordir_detail', SKIP
Memproses tabel: pengeluaran_sablon
  -> ERROR: Gagal menghitung data tabel 'pengeluaran_sablon', SKIP
Memproses tabel: pengembalian_bangke
  -> ERROR: Gagal menghitung data tabel 'pengembalian_bangke', SKIP
Memproses tabel: pengembalian_bangke_2022_2023
  -> ERROR: Gagal menghitung data tabel 'pengembalian_bangke_2022_2023', SKIP
Memproses tabel: penjualan_online
  -> ERROR: Gagal menghitung data tabel 'penjualan_online', SKIP
Memproses tabel: penjualan_online_product
  -> ERROR: Gagal menghitung data tabel 'penjualan_online_product', SKIP
Memproses tabel: periodeproduksi
  -> ERROR: Gagal menghitung data tabel 'periodeproduksi', SKIP
Memproses tabel: personal_access_tokens
  -> ERROR: Gagal menghitung data tabel 'personal_access_tokens', SKIP
Memproses tabel: pinjaman_cmt
  -> ERROR: Gagal menghitung data tabel 'pinjaman_cmt', SKIP
Memproses tabel: pinjaman_karyawan
  -> ERROR: Gagal menghitung data tabel 'pinjaman_karyawan', SKIP
Memproses tabel: pinjaman_karyawan_detail
  -> ERROR: Gagal menghitung data tabel 'pinjaman_karyawan_detail', SKIP
Memproses tabel: po_online
  -> ERROR: Gagal menghitung data tabel 'po_online', SKIP
Memproses tabel: po_online_stok
  -> ERROR: Gagal menghitung data tabel 'po_online_stok', SKIP
Memproses tabel: po_online_tracking
  -> ERROR: Gagal menghitung data tabel 'po_online_tracking', SKIP
Memproses tabel: po_retur
  -> ERROR: Gagal menghitung data tabel 'po_retur', SKIP
Memproses tabel: po_retur_detail
  -> ERROR: Gagal menghitung data tabel 'po_retur_detail', SKIP
Memproses tabel: podiluaralokasi
  -> ERROR: Gagal menghitung data tabel 'podiluaralokasi', SKIP
Memproses tabel: podiluaralokasi_detail
  -> ERROR: Gagal menghitung data tabel 'podiluaralokasi_detail', SKIP
Memproses tabel: pogagalproduksi
  -> ERROR: Gagal menghitung data tabel 'pogagalproduksi', SKIP
Memproses tabel: potongan_alat
  -> ERROR: Gagal menghitung data tabel 'potongan_alat', SKIP
Memproses tabel: potongan_bangke
  -> ERROR: Gagal menghitung data tabel 'potongan_bangke', SKIP
Memproses tabel: potongan_bangke_2022_2023
  -> ERROR: Gagal menghitung data tabel 'potongan_bangke_2022_2023', SKIP
Memproses tabel: potongan_bulanan
  -> ERROR: Gagal menghitung data tabel 'potongan_bulanan', SKIP
Memproses tabel: potongan_mesin
  -> ERROR: Gagal menghitung data tabel 'potongan_mesin', SKIP
Memproses tabel: potongan_operator
  -> ERROR: Gagal menghitung data tabel 'potongan_operator', SKIP
Memproses tabel: potongan_pinjaman_cmt
  -> ERROR: Gagal menghitung data tabel 'potongan_pinjaman_cmt', SKIP
Memproses tabel: potongan_pinjaman_karyawan
  -> ERROR: Gagal menghitung data tabel 'potongan_pinjaman_karyawan', SKIP
Memproses tabel: potongan_vermak
  -> ERROR: Gagal menghitung data tabel 'potongan_vermak', SKIP
Memproses tabel: product
  -> ERROR: Gagal menghitung data tabel 'product', SKIP
Memproses tabel: produksi_po
  -> ERROR: Gagal menghitung data tabel 'produksi_po', SKIP
Memproses tabel: produksi_po_2022_2023_
  -> ERROR: Gagal menghitung data tabel 'produksi_po_2022_2023_', SKIP
Memproses tabel: produksi_po_2023_2024
  -> ERROR: Gagal menghitung data tabel 'produksi_po_2023_2024', SKIP
Memproses tabel: proggresion_po
  -> ERROR: Gagal menghitung data tabel 'proggresion_po', SKIP
Memproses tabel: proses_po
  -> ERROR: Gagal menghitung data tabel 'proses_po', SKIP
Memproses tabel: proses_po_2022_2023
  -> ERROR: Gagal menghitung data tabel 'proses_po_2022_2023', SKIP
Memproses tabel: rekapbarangsupplier
  -> ERROR: Gagal menghitung data tabel 'rekapbarangsupplier', SKIP
Memproses tabel: rekapbarangsupplier_detail
  -> ERROR: Gagal menghitung data tabel 'rekapbarangsupplier_detail', SKIP
Memproses tabel: rekapinsentif_security
  -> ERROR: Gagal menghitung data tabel 'rekapinsentif_security', SKIP
Memproses tabel: request_harga
  -> ERROR: Gagal menghitung data tabel 'request_harga', SKIP
Memproses tabel: rijek
  -> ERROR: Gagal menghitung data tabel 'rijek', SKIP
Memproses tabel: rijek_2022_2023
  -> ERROR: Gagal menghitung data tabel 'rijek_2022_2023', SKIP
Memproses tabel: sablon_sewarumah
  -> ERROR: Gagal menghitung data tabel 'sablon_sewarumah', SKIP
Memproses tabel: sablon_sewarumah_detail
  -> ERROR: Gagal menghitung data tabel 'sablon_sewarumah_detail', SKIP
Memproses tabel: sablonbawahan
  -> ERROR: Gagal menghitung data tabel 'sablonbawahan', SKIP
Memproses tabel: sessions
  -> ERROR: Gagal menghitung data tabel 'sessions', SKIP
Memproses tabel: set_tgl_laporan
  -> ERROR: Gagal menghitung data tabel 'set_tgl_laporan', SKIP
Memproses tabel: set_tgl_laporan_tgl
  -> ERROR: Gagal menghitung data tabel 'set_tgl_laporan_tgl', SKIP
Memproses tabel: setorcmt
  -> ERROR: Gagal menghitung data tabel 'setorcmt', SKIP
Memproses tabel: setorcmt_2022_2023
  -> ERROR: Gagal menghitung data tabel 'setorcmt_2022_2023', SKIP
Memproses tabel: setorcmt_detail
  -> ERROR: Gagal menghitung data tabel 'setorcmt_detail', SKIP
Memproses tabel: setorcmt_detail_2022_2023
  -> ERROR: Gagal menghitung data tabel 'setorcmt_detail_2022_2023', SKIP
Memproses tabel: setorcmt_sablon
  -> ERROR: Gagal menghitung data tabel 'setorcmt_sablon', SKIP
Memproses tabel: setorcmt_sablon_detail
  -> ERROR: Gagal menghitung data tabel 'setorcmt_sablon_detail', SKIP
Memproses tabel: setorcmt_sablon_detail_2022_2023
  -> ERROR: Gagal menghitung data tabel 'setorcmt_sablon_detail_2022_2023', SKIP
Memproses tabel: settings
  -> ERROR: Gagal menghitung data tabel 'settings', SKIP
Memproses tabel: size_po_online
  -> ERROR: Gagal menghitung data tabel 'size_po_online', SKIP
Memproses tabel: size_po_produksi
  -> ERROR: Gagal menghitung data tabel 'size_po_produksi', SKIP
Memproses tabel: sj_bordir_luar
  -> ERROR: Gagal menghitung data tabel 'sj_bordir_luar', SKIP
Memproses tabel: sj_bordir_luar_detail
  -> ERROR: Gagal menghitung data tabel 'sj_bordir_luar_detail', SKIP
Memproses tabel: sj_po_retur
  -> ERROR: Gagal menghitung data tabel 'sj_po_retur', SKIP
Memproses tabel: sj_po_retur_detail
  -> ERROR: Gagal menghitung data tabel 'sj_po_retur_detail', SKIP
Memproses tabel: sj_tagihanbordir
  -> ERROR: Gagal menghitung data tabel 'sj_tagihanbordir', SKIP
Memproses tabel: sj_tagihanbordir_detail
  -> ERROR: Gagal menghitung data tabel 'sj_tagihanbordir_detail', SKIP
Memproses tabel: spesifikasi_gambar
  -> ERROR: Gagal menghitung data tabel 'spesifikasi_gambar', SKIP
Memproses tabel: spesifikasi_gambar_po
  -> ERROR: Gagal menghitung data tabel 'spesifikasi_gambar_po', SKIP
Memproses tabel: spesifikasi_gambar_po_2022_2023
  -> ERROR: Gagal menghitung data tabel 'spesifikasi_gambar_po_2022_2023', SKIP
Memproses tabel: status_pull
  -> ERROR: Gagal menghitung data tabel 'status_pull', SKIP
Memproses tabel: stok_barang_skb
  -> ERROR: Gagal menghitung data tabel 'stok_barang_skb', SKIP
Memproses tabel: stok_barang_skb_history
  -> ERROR: Gagal menghitung data tabel 'stok_barang_skb_history', SKIP
Memproses tabel: supplier_giro
  -> ERROR: Gagal menghitung data tabel 'supplier_giro', SKIP
Memproses tabel: supplier_giro_pembayaran
  -> ERROR: Gagal menghitung data tabel 'supplier_giro_pembayaran', SKIP
Memproses tabel: tagihan_poluar
  -> ERROR: Gagal menghitung data tabel 'tagihan_poluar', SKIP
Memproses tabel: target_mesin
  -> ERROR: Gagal menghitung data tabel 'target_mesin', SKIP
Memproses tabel: testcron
  -> ERROR: Gagal menghitung data tabel 'testcron', SKIP
Memproses tabel: timpotong
  -> ERROR: Gagal menghitung data tabel 'timpotong', SKIP
Memproses tabel: transferan
  -> ERROR: Gagal menghitung data tabel 'transferan', SKIP
Memproses tabel: transport_driver
  -> ERROR: Gagal menghitung data tabel 'transport_driver', SKIP
Memproses tabel: um_security
  -> ERROR: Gagal menghitung data tabel 'um_security', SKIP
Memproses tabel: um_security_detail
  -> ERROR: Gagal menghitung data tabel 'um_security_detail', SKIP
Memproses tabel: user
  -> ERROR: Gagal menghitung data tabel 'user', SKIP
Memproses tabel: user_activity
  -> ERROR: Gagal menghitung data tabel 'user_activity', SKIP
Memproses tabel: user_request
  -> ERROR: Gagal menghitung data tabel 'user_request', SKIP
Memproses tabel: usermenu
  -> ERROR: Gagal menghitung data tabel 'usermenu', SKIP
Memproses tabel: users
  -> ERROR: Gagal menghitung data tabel 'users', SKIP
-----------------------------------
=== CLONE DATABASE SELESAI ===
Tabel sukses : 124
Tabel skip   : 2
Tabel error  : 192
Total rows   : 449614
Waktu selesai: 2026-02-24 12:25:10
PHP Warning:  Undefined array key "HTTP_HOST" in /var/www/fb2/application/config/constants.php on line 78

Warning: Undefined array key "HTTP_HOST" in /var/www/fb2/application/config/constants.php on line 78
=== MULAI CLONE DATABASE ===
Sumber: forboysproduction.com / forboysp_2425
Tujuan: localhost / forboysp_2425
Waktu mulai: 2026-02-25 07:50:53
-----------------------------------
Total tabel ditemukan: 318
-----------------------------------
Memproses tabel: absensi
  -> Jumlah data sumber: 0 rows
  -> Tabel lokal di-truncate
  -> Tidak ada data untuk di-clone
Memproses tabel: absensi_bordir
  -> Jumlah data sumber: 0 rows
  -> Tabel lokal di-truncate
  -> Tidak ada data untuk di-clone
Memproses tabel: absensi_bordir_detail
  -> Jumlah data sumber: 0 rows
  -> Tabel lokal di-truncate
  -> Tidak ada data untuk di-clone
Memproses tabel: acc_ajuan_mingguan
  -> Jumlah data sumber: 3 rows
  -> Tabel lokal di-truncate
  -> SUKSES: 3 rows berhasil di-clone
Memproses tabel: adjust_kirimgudang
  -> Jumlah data sumber: 12 rows
  -> Tabel lokal di-truncate
  -> SUKSES: 12 rows berhasil di-clone
Memproses tabel: adjust_kirimgudang_detail
  -> Jumlah data sumber: 0 rows
  -> Tabel lokal di-truncate
  -> Tidak ada data untuk di-clone
Memproses tabel: adjust_kirimsetorcmt
  -> Jumlah data sumber: 10 rows
  -> Tabel lokal di-truncate
  -> SUKSES: 10 rows berhasil di-clone
Memproses tabel: adjust_kirimsetorcmt_detail
  -> Jumlah data sumber: 0 rows
  -> Tabel lokal di-truncate
  -> Tidak ada data untuk di-clone
Memproses tabel: ajuan_benang
  -> Jumlah data sumber: 0 rows
  -> Tabel lokal di-truncate
  -> Tidak ada data untuk di-clone
Memproses tabel: ajuan_benang_detail
  -> Jumlah data sumber: 0 rows
  -> Tabel lokal di-truncate
  -> Tidak ada data untuk di-clone
Memproses tabel: ajuan_kemeja_baru
  -> Jumlah data sumber: 25 rows
  -> Tabel lokal di-truncate
  -> SUKSES: 25 rows berhasil di-clone
Memproses tabel: ajuan_mingguan
  -> Jumlah data sumber: 2317 rows
  -> Tabel lokal di-truncate
  -> SUKSES: 2317 rows berhasil di-clone
Memproses tabel: ajuan_mingguan_detail
  -> Jumlah data sumber: 20819 rows
  -> Tabel lokal di-truncate
  -> SUKSES: 20819 rows berhasil di-clone
Memproses tabel: ajuan_mingguan_detail_kemeja
  -> Jumlah data sumber: 246 rows
  -> Tabel lokal di-truncate
  -> SUKSES: 246 rows berhasil di-clone
Memproses tabel: ajuan_mingguan_kemeja
  -> Jumlah data sumber: 137 rows
  -> Tabel lokal di-truncate
  -> SUKSES: 137 rows berhasil di-clone
Memproses tabel: ajuan_stock_mingguan
  -> Jumlah data sumber: 0 rows
  -> Tabel lokal di-truncate
  -> Tidak ada data untuk di-clone
Memproses tabel: ajuan_transfer
  -> Jumlah data sumber: 130 rows
  -> Tabel lokal di-truncate
  -> SUKSES: 130 rows berhasil di-clone
Memproses tabel: ajuanalatalat
  -> Jumlah data sumber: 3367 rows
  -> Tabel lokal di-truncate
  -> SUKSES: 3367 rows berhasil di-clone
Memproses tabel: ajuanalatalat_detail
  -> Jumlah data sumber: 240 rows
  -> Tabel lokal di-truncate
  -> SUKSES: 240 rows berhasil di-clone
Memproses tabel: aksesdata
  -> Jumlah data sumber: 63 rows
  -> Tabel lokal di-truncate
  -> SUKSES: 63 rows berhasil di-clone
Memproses tabel: alat_sukabumi
  -> Jumlah data sumber: 1225 rows
  -> Tabel lokal di-truncate
  -> SUKSES: 1225 rows berhasil di-clone
Memproses tabel: alert_notif
  -> Jumlah data sumber: 0 rows
  -> Tabel lokal di-truncate
  -> Tidak ada data untuk di-clone
Memproses tabel: alokasi
  -> Jumlah data sumber: 0 rows
  -> Tabel lokal di-truncate
  -> Tidak ada data untuk di-clone
Memproses tabel: alokasi_item
  -> Jumlah data sumber: 0 rows
  -> Tabel lokal di-truncate
  -> Tidak ada data untuk di-clone
Memproses tabel: alokasi_mingguan
  -> Jumlah data sumber: 1 rows
  -> Tabel lokal di-truncate
  -> SUKSES: 1 rows berhasil di-clone
Memproses tabel: alokasi_mingguan_detail
  -> Jumlah data sumber: 2 rows
  -> Tabel lokal di-truncate
  -> SUKSES: 2 rows berhasil di-clone
Memproses tabel: alokasi_po
  -> Jumlah data sumber: 63 rows
  -> Tabel lokal di-truncate
  -> SUKSES: 63 rows berhasil di-clone
Memproses tabel: alokasi_po_2022_2023
  -> Jumlah data sumber: 8 rows
  -> Tabel lokal di-truncate
  -> SUKSES: 8 rows berhasil di-clone
Memproses tabel: alokasi_po_detail
  -> Jumlah data sumber: 402 rows
  -> Tabel lokal di-truncate
  -> SUKSES: 402 rows berhasil di-clone
Memproses tabel: alokasi_po_detail_2022_2023.
  -> SKIP: Nama tabel 'alokasi_po_detail_2022_2023.' mengandung karakter bermasalah
Memproses tabel: alokasi_transferan
  -> Jumlah data sumber: 5980 rows
  -> Tabel lokal di-truncate
  -> SUKSES: 5980 rows berhasil di-clone
Memproses tabel: anggaran_operasional_sukabumi
  -> Jumlah data sumber: 170 rows
  -> Tabel lokal di-truncate
  -> SUKSES: 170 rows berhasil di-clone
Memproses tabel: anggaran_operasional_sukabumi_detail
  -> Jumlah data sumber: 305 rows
  -> Tabel lokal di-truncate
  -> SUKSES: 305 rows berhasil di-clone
Memproses tabel: aruskas
  -> Jumlah data sumber: 3037 rows
  -> Tabel lokal di-truncate
  -> SUKSES: 3037 rows berhasil di-clone
Memproses tabel: bagian
  -> Jumlah data sumber: 27 rows
  -> Tabel lokal di-truncate
  -> SUKSES: 27 rows berhasil di-clone
Memproses tabel: bagian_pengambilan
  -> Jumlah data sumber: 14 rows
  -> Tabel lokal di-truncate
  -> SUKSES: 14 rows berhasil di-clone
Memproses tabel: bagian_user
  -> Jumlah data sumber: 2 rows
  -> Tabel lokal di-truncate
  -> SUKSES: 2 rows berhasil di-clone
Memproses tabel: bank
  -> Jumlah data sumber: 1 rows
  -> Tabel lokal di-truncate
  -> SUKSES: 1 rows berhasil di-clone
Memproses tabel: barangkeluar_harian
  -> Jumlah data sumber: 2560 rows
  -> Tabel lokal di-truncate
  -> SUKSES: 2560 rows berhasil di-clone
Memproses tabel: barangkeluar_harian_2022_2023
  -> Jumlah data sumber: 443 rows
  -> Tabel lokal di-truncate
  -> SUKSES: 443 rows berhasil di-clone
Memproses tabel: barangkeluar_harian_detail
  -> Jumlah data sumber: 10857 rows
  -> Tabel lokal di-truncate
  -> SUKSES: 10857 rows berhasil di-clone
Memproses tabel: barangkeluar_harian_detail_2022_2023
  -> Jumlah data sumber: 2609 rows
  -> Tabel lokal di-truncate
  -> SUKSES: 2609 rows berhasil di-clone
Memproses tabel: barangkeluarharian
  -> Jumlah data sumber: 1626 rows
  -> Tabel lokal di-truncate
  -> SUKSES: 1626 rows berhasil di-clone
Memproses tabel: barangkeluarharian_2022_2023.
  -> SKIP: Nama tabel 'barangkeluarharian_2022_2023.' mengandung karakter bermasalah
Memproses tabel: barangkeluarharian_detail
  -> Jumlah data sumber: 5785 rows
  -> Tabel lokal di-truncate
  -> SUKSES: 5785 rows berhasil di-clone
Memproses tabel: barangkeluarharian_detail_2022_2023
  -> Jumlah data sumber: 4255 rows
  -> Tabel lokal di-truncate
  -> SUKSES: 4255 rows berhasil di-clone
Memproses tabel: biaya_hpp
  -> Jumlah data sumber: 2 rows
  -> Tabel lokal di-truncate
  -> SUKSES: 2 rows berhasil di-clone
Memproses tabel: biaya_hpp_perpo
  -> Jumlah data sumber: 110 rows
  -> Tabel lokal di-truncate
  -> SUKSES: 110 rows berhasil di-clone
Memproses tabel: biaya_hpp_perpodetail
  -> Jumlah data sumber: 253 rows
  -> Tabel lokal di-truncate
  -> SUKSES: 253 rows berhasil di-clone
Memproses tabel: boronganmesin
  -> Jumlah data sumber: 1804 rows
  -> Tabel lokal di-truncate
  -> SUKSES: 1804 rows berhasil di-clone
Memproses tabel: boronganmesin_2022_2023
  -> Jumlah data sumber: 1382 rows
  -> Tabel lokal di-truncate
  -> SUKSES: 1382 rows berhasil di-clone
Memproses tabel: buang_benang_finishing
  -> Jumlah data sumber: 1032 rows
  -> Tabel lokal di-truncate
  -> SUKSES: 1032 rows berhasil di-clone
Memproses tabel: buang_benang_finishing_2022_2023
  -> Jumlah data sumber: 478 rows
  -> Tabel lokal di-truncate
  -> SUKSES: 478 rows berhasil di-clone
Memproses tabel: cache
  -> Jumlah data sumber: 2 rows
  -> Tabel lokal di-truncate
  -> SUKSES: 2 rows berhasil di-clone
Memproses tabel: cache_locks
  -> Jumlah data sumber: 0 rows
  -> Tabel lokal di-truncate
  -> Tidak ada data untuk di-clone
Memproses tabel: claim_potongan_sablon_detail
  -> Jumlah data sumber: 1 rows
  -> Tabel lokal di-truncate
  -> SUKSES: 1 rows berhasil di-clone
Memproses tabel: claim_sablon
  -> Jumlah data sumber: 3 rows
  -> Tabel lokal di-truncate
  -> SUKSES: 3 rows berhasil di-clone
Memproses tabel: claim_timpotong
  -> Jumlah data sumber: 29 rows
  -> Tabel lokal di-truncate
  -> SUKSES: 29 rows berhasil di-clone
Memproses tabel: croscek_admin
  -> Jumlah data sumber: 2 rows
  -> Tabel lokal di-truncate
  -> SUKSES: 2 rows berhasil di-clone
Memproses tabel: cucian
  -> Jumlah data sumber: 951 rows
  -> Tabel lokal di-truncate
  -> SUKSES: 951 rows berhasil di-clone
Memproses tabel: cucian_2022_2023
  -> Jumlah data sumber: 606 rows
  -> Tabel lokal di-truncate
  -> SUKSES: 606 rows berhasil di-clone
Memproses tabel: cucianhpp_history
  -> Jumlah data sumber: 37 rows
  -> Tabel lokal di-truncate
  -> SUKSES: 37 rows berhasil di-clone
Memproses tabel: customer
  -> Jumlah data sumber: 16 rows
  -> Tabel lokal di-truncate
  -> SUKSES: 16 rows berhasil di-clone
Memproses tabel: daftarharga_cmt
  -> Jumlah data sumber: 25 rows
  -> Tabel lokal di-truncate
  -> SUKSES: 25 rows berhasil di-clone
Memproses tabel: distribusi_alat_sukabumi
  -> Jumlah data sumber: 2266 rows
  -> Tabel lokal di-truncate
  -> SUKSES: 2266 rows berhasil di-clone
Memproses tabel: divisi
  -> Jumlah data sumber: 17 rows
  -> Tabel lokal di-truncate
  -> SUKSES: 17 rows berhasil di-clone
Memproses tabel: ekspedisi
  -> Jumlah data sumber: 12 rows
  -> Tabel lokal di-truncate
  -> SUKSES: 12 rows berhasil di-clone
Memproses tabel: failed_jobs
  -> Jumlah data sumber: 0 rows
  -> Tabel lokal di-truncate
  -> Tidak ada data untuk di-clone
Memproses tabel: file_lap_tahunan
  -> Jumlah data sumber: 0 rows
  -> Tabel lokal di-truncate
  -> Tidak ada data untuk di-clone
Memproses tabel: finishing_kirim_gudang
  -> Jumlah data sumber: 3014 rows
  -> Tabel lokal di-truncate
  -> SUKSES: 3014 rows berhasil di-clone
Memproses tabel: finishing_kirim_gudang_2022_2023
  -> Jumlah data sumber: 2253 rows
  -> Tabel lokal di-truncate
  -> SUKSES: 2253 rows berhasil di-clone
Memproses tabel: finishing_kirim_gudang_faktur
  -> Jumlah data sumber: 2822 rows
  -> Tabel lokal di-truncate
  -> SUKSES: 2822 rows berhasil di-clone
Memproses tabel: finishing_kirim_gudang_faktur_2022_2023
  -> Jumlah data sumber: 1597 rows
  -> Tabel lokal di-truncate
  -> SUKSES: 1597 rows berhasil di-clone
Memproses tabel: finishing_kirim_gudang_rincian
  -> Jumlah data sumber: 11302 rows
  -> Tabel lokal di-truncate
  -> SUKSES: 11302 rows berhasil di-clone
Memproses tabel: finishing_kirim_gudang_rincian_2022_2023
  -> Jumlah data sumber: 8624 rows
  -> Tabel lokal di-truncate
  -> SUKSES: 8624 rows berhasil di-clone
Memproses tabel: finishing_proses_updated
  -> Jumlah data sumber: 330 rows
  -> Tabel lokal di-truncate
  -> SUKSES: 330 rows berhasil di-clone
Memproses tabel: formpengambilanalat
  -> Jumlah data sumber: 1473 rows
  -> Tabel lokal di-truncate
  -> SUKSES: 1473 rows berhasil di-clone
Memproses tabel: formpengambilanalat_detail
  -> Jumlah data sumber: 5776 rows
  -> Tabel lokal di-truncate
  -> SUKSES: 5776 rows berhasil di-clone
Memproses tabel: gagal_login
  -> Jumlah data sumber: 53 rows
  -> Tabel lokal di-truncate
  -> SUKSES: 53 rows berhasil di-clone
Memproses tabel: gaji_bulanan
  -> Jumlah data sumber: 55 rows
  -> Tabel lokal di-truncate
  -> SUKSES: 55 rows berhasil di-clone
Memproses tabel: gaji_finishing
  -> Jumlah data sumber: 397 rows
  -> Tabel lokal di-truncate
  -> SUKSES: 397 rows berhasil di-clone
Memproses tabel: gaji_finishing_detail
  -> Jumlah data sumber: 1363 rows
  -> Tabel lokal di-truncate
  -> SUKSES: 1363 rows berhasil di-clone
Memproses tabel: gaji_operator
  -> Jumlah data sumber: 218 rows
  -> Tabel lokal di-truncate
  -> SUKSES: 218 rows berhasil di-clone
Memproses tabel: gaji_operator_detail
  -> Jumlah data sumber: 1632 rows
  -> Tabel lokal di-truncate
  -> SUKSES: 1632 rows berhasil di-clone
Memproses tabel: gaji_operator_detail_new
  -> Jumlah data sumber: 11302 rows
  -> Tabel lokal di-truncate
  -> SUKSES: 11302 rows berhasil di-clone
Memproses tabel: gaji_operator_new
  -> Jumlah data sumber: 1632 rows
  -> Tabel lokal di-truncate
  -> SUKSES: 1632 rows berhasil di-clone
Memproses tabel: gaji_sablon_borongan
  -> Jumlah data sumber: 3672 rows
  -> Tabel lokal di-truncate
  -> SUKSES: 3672 rows berhasil di-clone
Memproses tabel: gaji_sablon_harian
  -> Jumlah data sumber: 307 rows
  -> Tabel lokal di-truncate
  -> SUKSES: 307 rows berhasil di-clone
Memproses tabel: gaji_sablon_harian_detail
  -> Jumlah data sumber: 307 rows
  -> Tabel lokal di-truncate
  -> SUKSES: 307 rows berhasil di-clone
Memproses tabel: gaji_timpotong
  -> Jumlah data sumber: 254 rows
  -> Tabel lokal di-truncate
  -> SUKSES: 254 rows berhasil di-clone
Memproses tabel: gaji_timpotong_detail
  -> Jumlah data sumber: 10042 rows
  -> Tabel lokal di-truncate
  -> SUKSES: 10042 rows berhasil di-clone
Memproses tabel: gajiborongan
  -> Jumlah data sumber: 5 rows
  -> Tabel lokal di-truncate
  -> SUKSES: 5 rows berhasil di-clone
Memproses tabel: gajisukabumi
  -> Jumlah data sumber: 171 rows
  -> Tabel lokal di-truncate
  -> SUKSES: 171 rows berhasil di-clone
Memproses tabel: gajisukabumi_detail
  -> Jumlah data sumber: 444 rows
  -> Tabel lokal di-truncate
  -> SUKSES: 444 rows berhasil di-clone
Memproses tabel: global_daftarharga
  -> Jumlah data sumber: 5 rows
  -> Tabel lokal di-truncate
  -> SUKSES: 5 rows berhasil di-clone
Memproses tabel: gudang_bahan_keluar
  -> Jumlah data sumber: 20262 rows
  -> Tabel lokal di-truncate
  -> SUKSES: 20262 rows berhasil di-clone
Memproses tabel: gudang_bahan_keluar_2022_2023
  -> Jumlah data sumber: 9994 rows
  -> Tabel lokal di-truncate
  -> SUKSES: 9994 rows berhasil di-clone
Memproses tabel: gudang_item_keluar
  -> Jumlah data sumber: 27006 rows
  -> Tabel lokal di-truncate
  -> SUKSES: 27006 rows berhasil di-clone
Memproses tabel: gudang_item_keluar_2022_2023
  -> Jumlah data sumber: 13561 rows
  -> Tabel lokal di-truncate
  -> SUKSES: 13561 rows berhasil di-clone
Memproses tabel: gudang_item_masuk
  -> Jumlah data sumber: 0 rows
  -> Tabel lokal di-truncate
  -> Tidak ada data untuk di-clone
Memproses tabel: gudang_out_po
  -> Jumlah data sumber: 8825 rows
  -> Tabel lokal di-truncate
  -> SUKSES: 8825 rows berhasil di-clone
Memproses tabel: gudang_out_po_2022_2023
  -> Jumlah data sumber: 3749 rows
  -> Tabel lokal di-truncate
  -> SUKSES: 3749 rows berhasil di-clone
Memproses tabel: gudang_pengajuan_item
  -> Jumlah data sumber: 0 rows
  -> Tabel lokal di-truncate
  -> Tidak ada data untuk di-clone
Memproses tabel: gudang_persediaan_item
  -> Jumlah data sumber: 2543 rows
  -> Tabel lokal di-truncate
  -> SUKSES: 2543 rows berhasil di-clone
Memproses tabel: harga_transport
  -> Jumlah data sumber: 8 rows
  -> Tabel lokal di-truncate
  -> SUKSES: 8 rows berhasil di-clone
Memproses tabel: history_stok_penjualan
  -> Jumlah data sumber: 189 rows
  -> Tabel lokal di-truncate
  -> SUKSES: 189 rows berhasil di-clone
Memproses tabel: insentifsecurity
  -> Jumlah data sumber: 3632 rows
  -> Tabel lokal di-truncate
  -> SUKSES: 3632 rows berhasil di-clone
Memproses tabel: insentifsecurity_detail
  -> Jumlah data sumber: 3620 rows
  -> Tabel lokal di-truncate
  -> SUKSES: 3620 rows berhasil di-clone
Memproses tabel: jabatan
  -> Jumlah data sumber: 54 rows
  -> Tabel lokal di-truncate
  -> SUKSES: 54 rows berhasil di-clone
Memproses tabel: jenis_potongan
  -> Jumlah data sumber: 4 rows
  -> Tabel lokal di-truncate
  -> SUKSES: 4 rows berhasil di-clone
Memproses tabel: job_batches
  -> Jumlah data sumber: 0 rows
  -> Tabel lokal di-truncate
  -> Tidak ada data untuk di-clone
Memproses tabel: jobs
  -> Jumlah data sumber: 0 rows
  -> Tabel lokal di-truncate
  -> Tidak ada data untuk di-clone
Memproses tabel: kalender
  -> Jumlah data sumber: 0 rows
  -> Tabel lokal di-truncate
  -> Tidak ada data untuk di-clone
Memproses tabel: kartustok_product
  -> Jumlah data sumber: 82211 rows
  -> Tabel lokal di-truncate
  -> SUKSES: 82211 rows berhasil di-clone
Memproses tabel: karyawan
  -> Jumlah data sumber: 75 rows
  -> Tabel lokal di-truncate
  -> SUKSES: 75 rows berhasil di-clone
Memproses tabel: karyawan_harian
  -> Jumlah data sumber: 266 rows
  -> Tabel lokal di-truncate
  -> SUKSES: 266 rows berhasil di-clone
Memproses tabel: karyawan_skb
  -> Jumlah data sumber: 5 rows
  -> Tabel lokal di-truncate
  -> SUKSES: 5 rows berhasil di-clone
Memproses tabel: kasbon
  -> Jumlah data sumber: 1457 rows
  -> Tabel lokal di-truncate
  -> SUKSES: 1457 rows berhasil di-clone
Memproses tabel: kasbon_acc
  -> Jumlah data sumber: 0 rows
  -> Tabel lokal di-truncate
  -> Tidak ada data untuk di-clone
Memproses tabel: kategori_bahan
  -> Jumlah data sumber: 0 rows
  -> Tabel lokal di-truncate
  -> Tidak ada data untuk di-clone
Memproses tabel: kategori_barang
  -> Jumlah data sumber: 41 rows
  -> Tabel lokal di-truncate
  -> SUKSES: 41 rows berhasil di-clone
Memproses tabel: kelola_mesin_bordir
  -> Jumlah data sumber: 19089 rows
  -> Tabel lokal di-truncate
  -> SUKSES: 19090 rows berhasil di-clone
Memproses tabel: kelola_mesin_bordir_2022_2023
  -> Jumlah data sumber: 9908 rows
  -> Tabel lokal di-truncate
  -> SUKSES: 9908 rows berhasil di-clone
Memproses tabel: kelola_po_nota_kirim_cmt
  -> Jumlah data sumber: 0 rows
  -> Tabel lokal di-truncate
  -> Tidak ada data untuk di-clone
Memproses tabel: kelolapo_buang_benang
  -> Jumlah data sumber: 55224 rows
  -> Tabel lokal di-truncate
  -> SUKSES: 55224 rows berhasil di-clone
Memproses tabel: kelolapo_buang_benang_2022_2023
  -> Jumlah data sumber: 35143 rows
  -> Tabel lokal di-truncate
  -> SUKSES: 35143 rows berhasil di-clone
Memproses tabel: kelolapo_kirim_setor
  -> Jumlah data sumber: 18349 rows
  -> Tabel lokal di-truncate
  -> SUKSES: 18349 rows berhasil di-clone
Memproses tabel: kelolapo_kirim_setor_2022_2023
  -> Jumlah data sumber: 8493 rows
  -> Tabel lokal di-truncate
  -> SUKSES: 8493 rows berhasil di-clone
Memproses tabel: kelolapo_kirim_setor_atas
  -> Jumlah data sumber: 0 rows
  -> Tabel lokal di-truncate
  -> Tidak ada data untuk di-clone
Memproses tabel: kelolapo_kirim_setor_bawah
  -> Jumlah data sumber: 0 rows
  -> Tabel lokal di-truncate
  -> Tidak ada data untuk di-clone
Memproses tabel: kelolapo_kirim_setor_celana
  -> Jumlah data sumber: 0 rows
  -> Tabel lokal di-truncate
  -> Tidak ada data untuk di-clone
Memproses tabel: kelolapo_pengecekan_potongan
  -> Jumlah data sumber: 0 rows
  -> Tabel lokal di-truncate
  -> Tidak ada data untuk di-clone
Memproses tabel: kelolapo_pengecekan_potongan_atas
  -> Jumlah data sumber: 0 rows
  -> Tabel lokal di-truncate
  -> Tidak ada data untuk di-clone
Memproses tabel: kelolapo_pengecekan_potongan_bawah
  -> Jumlah data sumber: 0 rows
  -> Tabel lokal di-truncate
  -> Tidak ada data untuk di-clone
Memproses tabel: kelolapo_rincian_setor_cmt
  -> Jumlah data sumber: 2840 rows
  -> Tabel lokal di-truncate
  -> SUKSES: 2840 rows berhasil di-clone
Memproses tabel: kelolapo_rincian_setor_cmt_2022_2023
  -> Jumlah data sumber: 1496 rows
  -> Tabel lokal di-truncate
  -> SUKSES: 1496 rows berhasil di-clone
Memproses tabel: kelolapo_rincian_setor_cmt_celana
  -> Jumlah data sumber: 869 rows
  -> Tabel lokal di-truncate
  -> SUKSES: 869 rows berhasil di-clone
Memproses tabel: kelolapo_rincian_setor_cmt_finish
  -> Jumlah data sumber: 10137 rows
  -> Tabel lokal di-truncate
  -> SUKSES: 10137 rows berhasil di-clone
Memproses tabel: kelolapo_rincian_setor_cmt_finish_2022_2023
  -> Jumlah data sumber: 4804 rows
  -> Tabel lokal di-truncate
  -> SUKSES: 4804 rows berhasil di-clone
Memproses tabel: kelolapo_rincian_setor_cmt_finish_celana
  -> Jumlah data sumber: 3339 rows
  -> Tabel lokal di-truncate
  -> SUKSES: 3339 rows berhasil di-clone
Memproses tabel: keterangan_alokasipo
  -> Jumlah data sumber: 6 rows
  -> Tabel lokal di-truncate
  -> SUKSES: 6 rows berhasil di-clone
Memproses tabel: kirimbupot
  -> Jumlah data sumber: 76 rows
  -> Tabel lokal di-truncate
  -> SUKSES: 76 rows berhasil di-clone
Memproses tabel: kirimbupot_detail
  -> Jumlah data sumber: 765 rows
  -> Tabel lokal di-truncate
  -> SUKSES: 765 rows berhasil di-clone
Memproses tabel: kirimcmt
  -> Jumlah data sumber: 1158 rows
  -> Tabel lokal di-truncate
  -> SUKSES: 1158 rows berhasil di-clone
Memproses tabel: kirimcmt_2022_2023
  -> Jumlah data sumber: 547 rows
  -> Tabel lokal di-truncate
  -> SUKSES: 547 rows berhasil di-clone
Memproses tabel: kirimcmt_celana
  -> Jumlah data sumber: 161 rows
  -> Tabel lokal di-truncate
  -> SUKSES: 161 rows berhasil di-clone
Memproses tabel: kirimcmt_celana_detail
  -> Jumlah data sumber: 621 rows
  -> Tabel lokal di-truncate
  -> SUKSES: 621 rows berhasil di-clone
Memproses tabel: kirimcmt_detail
  -> Jumlah data sumber: 4425 rows
  -> Tabel lokal di-truncate
  -> SUKSES: 4425 rows berhasil di-clone
Memproses tabel: kirimcmt_detail_2022_2023
  -> Jumlah data sumber: 1758 rows
  -> Tabel lokal di-truncate
  -> SUKSES: 1758 rows berhasil di-clone
Memproses tabel: kirimcmt_detailatas
  -> Jumlah data sumber: 0 rows
  -> Tabel lokal di-truncate
  -> Tidak ada data untuk di-clone
Memproses tabel: kirimcmt_detailbawah
  -> Jumlah data sumber: 0 rows
  -> Tabel lokal di-truncate
  -> Tidak ada data untuk di-clone
Memproses tabel: kirimcmt_po
  -> Jumlah data sumber: 0 rows
  -> Tabel lokal di-truncate
  -> Tidak ada data untuk di-clone
Memproses tabel: kirimcmtbordir
  -> Jumlah data sumber: 0 rows
  -> Tabel lokal di-truncate
  -> Tidak ada data untuk di-clone
Memproses tabel: kirimcmtbordir_detail
  -> Jumlah data sumber: 0 rows
  -> Tabel lokal di-truncate
  -> Tidak ada data untuk di-clone
Memproses tabel: kirimcmtsablon
  -> Jumlah data sumber: 600 rows
  -> Tabel lokal di-truncate
  -> SUKSES: 600 rows berhasil di-clone
Memproses tabel: kirimcmtsablon_2022_2023
  -> Jumlah data sumber: 404 rows
  -> Tabel lokal di-truncate
  -> SUKSES: 404 rows berhasil di-clone
Memproses tabel: kirimcmtsablon_detail
  -> Jumlah data sumber: 2606 rows
  -> Tabel lokal di-truncate
  -> SUKSES: 2606 rows berhasil di-clone
Memproses tabel: kirimcmtsablon_detail_2022_2023
  -> Jumlah data sumber: 1063 rows
  -> Tabel lokal di-truncate
  -> SUKSES: 1063 rows berhasil di-clone
Memproses tabel: kirimgudang_bulanan
  -> Jumlah data sumber: 0 rows
  -> Tabel lokal di-truncate
  -> Tidak ada data untuk di-clone
Memproses tabel: kirimsetor_bulanan
  -> Jumlah data sumber: 0 rows
  -> Tabel lokal di-truncate
  -> Tidak ada data untuk di-clone
Memproses tabel: klo_bulanan
  -> Jumlah data sumber: 0 rows
  -> Tabel lokal di-truncate
  -> Tidak ada data untuk di-clone
Memproses tabel: konveksi_buku_potongan
  -> Jumlah data sumber: 2940 rows
  -> Tabel lokal di-truncate
  -> SUKSES: 2940 rows berhasil di-clone
Memproses tabel: konveksi_buku_potongan_2022_2023
  -> Jumlah data sumber: 1647 rows
  -> Tabel lokal di-truncate
  -> SUKSES: 1647 rows berhasil di-clone
Memproses tabel: konveksi_buku_potongan_utama
  -> Jumlah data sumber: 10685 rows
  -> Tabel lokal di-truncate
  -> SUKSES: 10685 rows berhasil di-clone
Memproses tabel: konveksi_buku_potongan_utama_2022_2023
  -> Jumlah data sumber: 6072 rows
  -> Tabel lokal di-truncate
  -> SUKSES: 6072 rows berhasil di-clone
Memproses tabel: konveksi_buku_potongan_variasi
  -> Jumlah data sumber: 6064 rows
  -> Tabel lokal di-truncate
  -> SUKSES: 6064 rows berhasil di-clone
Memproses tabel: konveksi_buku_potongan_variasi_2022_2023
  -> Jumlah data sumber: 2276 rows
  -> Tabel lokal di-truncate
  -> SUKSES: 2276 rows berhasil di-clone
Memproses tabel: laba_produksi
  -> Jumlah data sumber: 0 rows
  -> Tabel lokal di-truncate
  -> Tidak ada data untuk di-clone
Memproses tabel: lampiran_alat
  -> Jumlah data sumber: 0 rows
  -> Tabel lokal di-truncate
  -> Tidak ada data untuk di-clone
Memproses tabel: laporanexpedisi
  -> Jumlah data sumber: 0 rows
  -> Tabel lokal di-truncate
  -> Tidak ada data untuk di-clone
Memproses tabel: lembur_harian
  -> Jumlah data sumber: 54 rows
  -> Tabel lokal di-truncate
  -> SUKSES: 54 rows berhasil di-clone
Memproses tabel: log_user
  -> Jumlah data sumber: 9232 rows
  -> Tabel lokal di-truncate
  -> SUKSES: 9232 rows berhasil di-clone
Memproses tabel: lokasi_cmt
  -> Jumlah data sumber: 6 rows
  -> Tabel lokal di-truncate
  -> SUKSES: 6 rows berhasil di-clone
Memproses tabel: marketplace
  -> Jumlah data sumber: 4 rows
  -> Tabel lokal di-truncate
  -> SUKSES: 4 rows berhasil di-clone
Memproses tabel: master_cmt
  -> Jumlah data sumber: 104 rows
  -> Tabel lokal di-truncate
  -> SUKSES: 104 rows berhasil di-clone
Memproses tabel: master_cmt_job
  -> Jumlah data sumber: 261 rows
  -> Tabel lokal di-truncate
  -> SUKSES: 261 rows berhasil di-clone
Memproses tabel: master_gudang
  -> Jumlah data sumber: 2 rows
  -> Tabel lokal di-truncate
  -> SUKSES: 2 rows berhasil di-clone
Memproses tabel: master_harga_gaji
  -> Jumlah data sumber: 30 rows
  -> Tabel lokal di-truncate
  -> SUKSES: 30 rows berhasil di-clone
Memproses tabel: master_harga_potongan
  -> Jumlah data sumber: 86 rows
  -> Tabel lokal di-truncate
  -> SUKSES: 86 rows berhasil di-clone
Memproses tabel: master_jenis_kaos
  -> Jumlah data sumber: 39 rows
  -> Tabel lokal di-truncate
  -> SUKSES: 39 rows berhasil di-clone
Memproses tabel: master_jenis_po
  -> Jumlah data sumber: 103 rows
  -> Tabel lokal di-truncate
  -> SUKSES: 103 rows berhasil di-clone
Memproses tabel: master_job
  -> Jumlah data sumber: 172 rows
  -> Tabel lokal di-truncate
  -> SUKSES: 172 rows berhasil di-clone
Memproses tabel: master_karyawan_benang
  -> Jumlah data sumber: 62 rows
  -> Tabel lokal di-truncate
  -> SUKSES: 62 rows berhasil di-clone
Memproses tabel: master_karyawan_bordir
  -> Jumlah data sumber: 144 rows
  -> Tabel lokal di-truncate
  -> SUKSES: 144 rows berhasil di-clone
Memproses tabel: master_karyawan_finishing_gudang
  -> Jumlah data sumber: 7 rows
  -> Tabel lokal di-truncate
  -> SUKSES: 7 rows berhasil di-clone
Memproses tabel: master_karyawan_pengecekan
  -> Jumlah data sumber: 9 rows
  -> Tabel lokal di-truncate
  -> SUKSES: 9 rows berhasil di-clone
Memproses tabel: master_menu
  -> Jumlah data sumber: 42 rows
  -> Tabel lokal di-truncate
  -> SUKSES: 42 rows berhasil di-clone
Memproses tabel: master_mesin
  -> Jumlah data sumber: 17 rows
  -> Tabel lokal di-truncate
  -> SUKSES: 17 rows berhasil di-clone
Memproses tabel: master_nama_po
  -> Jumlah data sumber: 0 rows
  -> Tabel lokal di-truncate
  -> Tidak ada data untuk di-clone
Memproses tabel: master_po_luar
  -> Jumlah data sumber: 1803 rows
  -> Tabel lokal di-truncate
  -> SUKSES: 1803 rows berhasil di-clone
Memproses tabel: master_po_luar_2223
  -> Jumlah data sumber: 1450 rows
  -> Tabel lokal di-truncate
  -> SUKSES: 1450 rows berhasil di-clone
Memproses tabel: master_po_online
  -> Jumlah data sumber: 76 rows
  -> Tabel lokal di-truncate
  -> SUKSES: 76 rows berhasil di-clone
Memproses tabel: master_po_online_detail
  -> Jumlah data sumber: 1114 rows
  -> Tabel lokal di-truncate
  -> SUKSES: 1114 rows berhasil di-clone
Memproses tabel: master_po_online_serian
  -> Jumlah data sumber: 18 rows
  -> Tabel lokal di-truncate
  -> SUKSES: 18 rows berhasil di-clone
Memproses tabel: master_progress
  -> Jumlah data sumber: 4 rows
  -> Tabel lokal di-truncate
  -> SUKSES: 4 rows berhasil di-clone
Memproses tabel: master_satuan_barang
  -> Jumlah data sumber: 23 rows
  -> Tabel lokal di-truncate
  -> SUKSES: 23 rows berhasil di-clone
Memproses tabel: master_size
  -> Jumlah data sumber: 22 rows
  -> Tabel lokal di-truncate
  -> SUKSES: 22 rows berhasil di-clone
Memproses tabel: master_supplier
  -> Jumlah data sumber: 110 rows
  -> Tabel lokal di-truncate
  -> SUKSES: 110 rows berhasil di-clone
Memproses tabel: masterdata_hargapo
  -> Jumlah data sumber: 22 rows
  -> Tabel lokal di-truncate
  -> SUKSES: 22 rows berhasil di-clone
Memproses tabel: masterharga_bahan
  -> Jumlah data sumber: 0 rows
  -> Tabel lokal di-truncate
  -> Tidak ada data untuk di-clone
Memproses tabel: mastersize_potongan
  -> Jumlah data sumber: 16 rows
  -> Tabel lokal di-truncate
  -> SUKSES: 16 rows berhasil di-clone
Memproses tabel: menu
  -> Jumlah data sumber: 460 rows
  -> Tabel lokal di-truncate
  -> SUKSES: 460 rows berhasil di-clone
Memproses tabel: mesin_bordir
  -> Jumlah data sumber: 22 rows
  -> Tabel lokal di-truncate
  -> SUKSES: 22 rows berhasil di-clone
Memproses tabel: migrations
  -> Jumlah data sumber: 4 rows
  -> Tabel lokal di-truncate
  -> SUKSES: 4 rows berhasil di-clone
Memproses tabel: model_po
  -> Jumlah data sumber: 20 rows
  -> Tabel lokal di-truncate
  -> SUKSES: 20 rows berhasil di-clone
Memproses tabel: notifikasi
  -> Jumlah data sumber: 3504 rows
  -> Tabel lokal di-truncate
  -> SUKSES: 3504 rows berhasil di-clone
Memproses tabel: operational
  -> Jumlah data sumber: 1 rows
  -> Tabel lokal di-truncate
  -> SUKSES: 1 rows berhasil di-clone
Memproses tabel: packing
  -> Jumlah data sumber: 488 rows
  -> Tabel lokal di-truncate
  -> SUKSES: 488 rows berhasil di-clone
Memproses tabel: packing_2022_2023
  -> Jumlah data sumber: 494 rows
  -> Tabel lokal di-truncate
  -> SUKSES: 494 rows berhasil di-clone
Memproses tabel: packing_po
  -> Jumlah data sumber: 11 rows
  -> Tabel lokal di-truncate
  -> SUKSES: 11 rows berhasil di-clone
Memproses tabel: password_reset_tokens
  -> Jumlah data sumber: 0 rows
  -> Tabel lokal di-truncate
  -> Tidak ada data untuk di-clone
Memproses tabel: pelunasan_pembayaran_skb
  -> Jumlah data sumber: 37 rows
  -> Tabel lokal di-truncate
  -> SUKSES: 37 rows berhasil di-clone
Memproses tabel: pembayaran_cmt
  -> Jumlah data sumber: 1989 rows
  -> Tabel lokal di-truncate
  -> SUKSES: 1989 rows berhasil di-clone
Memproses tabel: pembayaran_cmt_2022_2023
  -> Jumlah data sumber: 682 rows
  -> Tabel lokal di-truncate
  -> SUKSES: 682 rows berhasil di-clone
Memproses tabel: pembayaran_cmt_detail
  -> Jumlah data sumber: 6931 rows
  -> Tabel lokal di-truncate
  -> SUKSES: 6931 rows berhasil di-clone
Memproses tabel: pembayaran_cmt_tambahan_lainnya
  -> Jumlah data sumber: 0 rows
  -> Tabel lokal di-truncate
  -> Tidak ada data untuk di-clone
Memproses tabel: pembayaran_sablon
  -> Jumlah data sumber: 0 rows
  -> Tabel lokal di-truncate
  -> Tidak ada data untuk di-clone
Memproses tabel: pembayaran_skb
  -> Jumlah data sumber: 154 rows
  -> Tabel lokal di-truncate
  -> SUKSES: 154 rows berhasil di-clone
Memproses tabel: pembayaran_skb_2022_2023
  -> Jumlah data sumber: 47 rows
  -> Tabel lokal di-truncate
  -> SUKSES: 47 rows berhasil di-clone
Memproses tabel: pembayaran_skb_alat
  -> Jumlah data sumber: 260 rows
  -> Tabel lokal di-truncate
  -> SUKSES: 260 rows berhasil di-clone
Memproses tabel: pembayaran_skb_pmb
  -> Jumlah data sumber: 154 rows
  -> Tabel lokal di-truncate
  -> SUKSES: 154 rows berhasil di-clone
Memproses tabel: pembayaran_skb_po
  -> Jumlah data sumber: 154 rows
  -> Tabel lokal di-truncate
  -> SUKSES: 154 rows berhasil di-clone
Memproses tabel: pembayaran_skb_setor
  -> Jumlah data sumber: 287 rows
  -> Tabel lokal di-truncate
  -> SUKSES: 287 rows berhasil di-clone
Memproses tabel: pemilik_poluar
  -> Jumlah data sumber: 10 rows
  -> Tabel lokal di-truncate
  -> SUKSES: 10 rows berhasil di-clone
Memproses tabel: pendapatan_transport
  -> Jumlah data sumber: 223 rows
  -> Tabel lokal di-truncate
  -> SUKSES: 223 rows berhasil di-clone
Memproses tabel: penerimaan_item
  -> Jumlah data sumber: 5250 rows
  -> Tabel lokal di-truncate
  -> SUKSES: 5250 rows berhasil di-clone
Memproses tabel: penerimaan_item_detail
  -> Jumlah data sumber: 13964 rows
  -> Tabel lokal di-truncate
  -> SUKSES: 13964 rows berhasil di-clone
Memproses tabel: pengajuan_barang
  -> Jumlah data sumber: 0 rows
  -> Tabel lokal di-truncate
  -> Tidak ada data untuk di-clone
Memproses tabel: pengajuan_harian_new
  -> Jumlah data sumber: 3997 rows
  -> Tabel lokal di-truncate
  -> SUKSES: 3997 rows berhasil di-clone
Memproses tabel: pengajuan_harian_new_detail
  -> Jumlah data sumber: 23576 rows
  -> Tabel lokal di-truncate
  -> SUKSES: 23576 rows berhasil di-clone
Memproses tabel: pengalihanpo
  -> Jumlah data sumber: 81 rows
  -> Tabel lokal di-truncate
  -> SUKSES: 81 rows berhasil di-clone
Memproses tabel: pengalihanpo_2022_2023
  -> Jumlah data sumber: 44 rows
  -> Tabel lokal di-truncate
  -> SUKSES: 44 rows berhasil di-clone
Memproses tabel: pengalokasian
  -> Jumlah data sumber: 21 rows
  -> Tabel lokal di-truncate
  -> SUKSES: 21 rows berhasil di-clone
Memproses tabel: pengeluaran_bordir
  -> Jumlah data sumber: 64 rows
  -> Tabel lokal di-truncate
  -> SUKSES: 64 rows berhasil di-clone
Memproses tabel: pengeluaran_bordir_detail
  -> Jumlah data sumber: 305 rows
  -> Tabel lokal di-truncate
  -> SUKSES: 305 rows berhasil di-clone
Memproses tabel: pengeluaran_sablon
  -> Jumlah data sumber: 164 rows
  -> Tabel lokal di-truncate
  -> SUKSES: 164 rows berhasil di-clone
Memproses tabel: pengembalian_bangke
  -> Jumlah data sumber: 397 rows
  -> Tabel lokal di-truncate
  -> SUKSES: 397 rows berhasil di-clone
Memproses tabel: pengembalian_bangke_2022_2023
  -> Jumlah data sumber: 160 rows
  -> Tabel lokal di-truncate
  -> SUKSES: 160 rows berhasil di-clone
Memproses tabel: penjualan_online
  -> Jumlah data sumber: 64 rows
  -> Tabel lokal di-truncate
  -> SUKSES: 64 rows berhasil di-clone
Memproses tabel: penjualan_online_product
  -> Jumlah data sumber: 157 rows
  -> Tabel lokal di-truncate
  -> SUKSES: 157 rows berhasil di-clone
Memproses tabel: periodeproduksi
  -> Jumlah data sumber: 1 rows
  -> Tabel lokal di-truncate
  -> SUKSES: 1 rows berhasil di-clone
Memproses tabel: personal_access_tokens
  -> Jumlah data sumber: 505 rows
  -> Tabel lokal di-truncate
  -> SUKSES: 505 rows berhasil di-clone
Memproses tabel: pinjaman_cmt
  -> Jumlah data sumber: 9 rows
  -> Tabel lokal di-truncate
  -> SUKSES: 9 rows berhasil di-clone
Memproses tabel: pinjaman_karyawan
  -> Jumlah data sumber: 62 rows
  -> Tabel lokal di-truncate
  -> SUKSES: 62 rows berhasil di-clone
Memproses tabel: pinjaman_karyawan_detail
  -> Jumlah data sumber: 0 rows
  -> Tabel lokal di-truncate
  -> Tidak ada data untuk di-clone
Memproses tabel: po_online
  -> Jumlah data sumber: 0 rows
  -> Tabel lokal di-truncate
  -> Tidak ada data untuk di-clone
Memproses tabel: po_online_stok
  -> Jumlah data sumber: 0 rows
  -> Tabel lokal di-truncate
  -> Tidak ada data untuk di-clone
Memproses tabel: po_online_tracking
  -> Jumlah data sumber: 0 rows
  -> Tabel lokal di-truncate
  -> Tidak ada data untuk di-clone
Memproses tabel: po_retur
  -> Jumlah data sumber: 119 rows
  -> Tabel lokal di-truncate
  -> SUKSES: 119 rows berhasil di-clone
Memproses tabel: po_retur_detail
  -> Jumlah data sumber: 500 rows
  -> Tabel lokal di-truncate
  -> SUKSES: 500 rows berhasil di-clone
Memproses tabel: podiluaralokasi
  -> Jumlah data sumber: 2 rows
  -> Tabel lokal di-truncate
  -> SUKSES: 2 rows berhasil di-clone
Memproses tabel: podiluaralokasi_detail
  -> Jumlah data sumber: 18 rows
  -> Tabel lokal di-truncate
  -> SUKSES: 18 rows berhasil di-clone
Memproses tabel: pogagalproduksi
  -> Jumlah data sumber: 0 rows
  -> Tabel lokal di-truncate
  -> Tidak ada data untuk di-clone
Memproses tabel: potongan_alat
  -> Jumlah data sumber: 5147 rows
  -> Tabel lokal di-truncate
  -> SUKSES: 5147 rows berhasil di-clone
Memproses tabel: potongan_bangke
  -> Jumlah data sumber: 498 rows
  -> Tabel lokal di-truncate
  -> SUKSES: 498 rows berhasil di-clone
Memproses tabel: potongan_bangke_2022_2023
  -> Jumlah data sumber: 249 rows
  -> Tabel lokal di-truncate
  -> SUKSES: 249 rows berhasil di-clone
Memproses tabel: potongan_bulanan
  -> Jumlah data sumber: 0 rows
  -> Tabel lokal di-truncate
  -> Tidak ada data untuk di-clone
Memproses tabel: potongan_mesin
  -> Jumlah data sumber: 76 rows
  -> Tabel lokal di-truncate
  -> SUKSES: 76 rows berhasil di-clone
Memproses tabel: potongan_operator
  -> Jumlah data sumber: 7 rows
  -> Tabel lokal di-truncate
  -> SUKSES: 7 rows berhasil di-clone
Memproses tabel: potongan_pinjaman_cmt
  -> Jumlah data sumber: 39 rows
  -> Tabel lokal di-truncate
  -> SUKSES: 39 rows berhasil di-clone
Memproses tabel: potongan_pinjaman_karyawan
  -> Jumlah data sumber: 237 rows
  -> Tabel lokal di-truncate
  -> SUKSES: 237 rows berhasil di-clone
Memproses tabel: potongan_vermak
  -> Jumlah data sumber: 682 rows
  -> Tabel lokal di-truncate
  -> SUKSES: 682 rows berhasil di-clone
Memproses tabel: product
  -> Jumlah data sumber: 2533 rows
  -> Tabel lokal di-truncate
  -> SUKSES: 2533 rows berhasil di-clone
Memproses tabel: produksi_po
  -> Jumlah data sumber: 1963 rows
  -> Tabel lokal di-truncate
  -> SUKSES: 1963 rows berhasil di-clone
Memproses tabel: produksi_po_2022_2023_
  -> Jumlah data sumber: 1639 rows
  -> Tabel lokal di-truncate
  -> SUKSES: 1639 rows berhasil di-clone
Memproses tabel: produksi_po_2023_2024
  -> Jumlah data sumber: 988 rows
  -> Tabel lokal di-truncate
  -> SUKSES: 988 rows berhasil di-clone
Memproses tabel: proggresion_po
  -> Jumlah data sumber: 15 rows
  -> Tabel lokal di-truncate
  -> SUKSES: 15 rows berhasil di-clone
Memproses tabel: proses_po
  -> Jumlah data sumber: 472 rows
  -> Tabel lokal di-truncate
  -> SUKSES: 472 rows berhasil di-clone
Memproses tabel: proses_po_2022_2023
  -> Jumlah data sumber: 139 rows
  -> Tabel lokal di-truncate
  -> SUKSES: 139 rows berhasil di-clone
Memproses tabel: rekapbarangsupplier
  -> Jumlah data sumber: 361 rows
  -> Tabel lokal di-truncate
  -> SUKSES: 361 rows berhasil di-clone
Memproses tabel: rekapbarangsupplier_detail
  -> Jumlah data sumber: 1444 rows
  -> Tabel lokal di-truncate
  -> SUKSES: 1444 rows berhasil di-clone
Memproses tabel: rekapinsentif_security
  -> Jumlah data sumber: 49 rows
  -> Tabel lokal di-truncate
  -> SUKSES: 49 rows berhasil di-clone
Memproses tabel: request_harga
  -> Jumlah data sumber: 3 rows
  -> Tabel lokal di-truncate
  -> SUKSES: 3 rows berhasil di-clone
Memproses tabel: rijek
  -> Jumlah data sumber: 112 rows
  -> Tabel lokal di-truncate
  -> SUKSES: 112 rows berhasil di-clone
Memproses tabel: rijek_2022_2023
  -> Jumlah data sumber: 209 rows
  -> Tabel lokal di-truncate
  -> SUKSES: 209 rows berhasil di-clone
Memproses tabel: sablon_sewarumah
  -> Jumlah data sumber: 1 rows
  -> Tabel lokal di-truncate
  -> SUKSES: 1 rows berhasil di-clone
Memproses tabel: sablon_sewarumah_detail
  -> Jumlah data sumber: 0 rows
  -> Tabel lokal di-truncate
  -> Tidak ada data untuk di-clone
Memproses tabel: sablonbawahan
  -> Jumlah data sumber: 0 rows
  -> Tabel lokal di-truncate
  -> Tidak ada data untuk di-clone
Memproses tabel: sessions
  -> Jumlah data sumber: 94 rows
  -> Tabel lokal di-truncate
  -> SUKSES: 94 rows berhasil di-clone
Memproses tabel: set_tgl_laporan
  -> Jumlah data sumber: 0 rows
  -> Tabel lokal di-truncate
  -> Tidak ada data untuk di-clone
Memproses tabel: set_tgl_laporan_tgl
  -> Jumlah data sumber: 0 rows
  -> Tabel lokal di-truncate
  -> Tidak ada data untuk di-clone
Memproses tabel: setorcmt
  -> Jumlah data sumber: 2036 rows
  -> Tabel lokal di-truncate
  -> SUKSES: 2036 rows berhasil di-clone
Memproses tabel: setorcmt_2022_2023
  -> Jumlah data sumber: 1067 rows
  -> Tabel lokal di-truncate
  -> SUKSES: 1067 rows berhasil di-clone
Memproses tabel: setorcmt_detail
  -> Jumlah data sumber: 3544 rows
  -> Tabel lokal di-truncate
  -> SUKSES: 3544 rows berhasil di-clone
Memproses tabel: setorcmt_detail_2022_2023
  -> Jumlah data sumber: 1605 rows
  -> Tabel lokal di-truncate
  -> SUKSES: 1605 rows berhasil di-clone
Memproses tabel: setorcmt_sablon
  -> Jumlah data sumber: 0 rows
  -> Tabel lokal di-truncate
  -> Tidak ada data untuk di-clone
Memproses tabel: setorcmt_sablon_detail
  -> Jumlah data sumber: 2230 rows
  -> Tabel lokal di-truncate
  -> SUKSES: 2230 rows berhasil di-clone
Memproses tabel: setorcmt_sablon_detail_2022_2023
  -> Jumlah data sumber: 1043 rows
  -> Tabel lokal di-truncate
  -> SUKSES: 1043 rows berhasil di-clone
Memproses tabel: settings
  -> Jumlah data sumber: 0 rows
  -> Tabel lokal di-truncate
  -> Tidak ada data untuk di-clone
Memproses tabel: size_po_online
  -> Jumlah data sumber: 13 rows
  -> Tabel lokal di-truncate
  -> SUKSES: 13 rows berhasil di-clone
Memproses tabel: size_po_produksi
  -> Jumlah data sumber: 0 rows
  -> Tabel lokal di-truncate
  -> Tidak ada data untuk di-clone
Memproses tabel: sj_bordir_luar
  -> Jumlah data sumber: 1106 rows
  -> Tabel lokal di-truncate
  -> SUKSES: 1106 rows berhasil di-clone
Memproses tabel: sj_bordir_luar_detail
  -> Jumlah data sumber: 3465 rows
  -> Tabel lokal di-truncate
  -> SUKSES: 3465 rows berhasil di-clone
Memproses tabel: sj_po_retur
  -> Jumlah data sumber: 0 rows
  -> Tabel lokal di-truncate
  -> Tidak ada data untuk di-clone
Memproses tabel: sj_po_retur_detail
  -> Jumlah data sumber: 0 rows
  -> Tabel lokal di-truncate
  -> Tidak ada data untuk di-clone
Memproses tabel: sj_tagihanbordir
  -> Jumlah data sumber: 2367 rows
  -> Tabel lokal di-truncate
  -> SUKSES: 2367 rows berhasil di-clone
Memproses tabel: sj_tagihanbordir_detail
  -> Jumlah data sumber: 6177 rows
  -> Tabel lokal di-truncate
  -> SUKSES: 6177 rows berhasil di-clone
Memproses tabel: spesifikasi_gambar
  -> Jumlah data sumber: 0 rows
  -> Tabel lokal di-truncate
  -> Tidak ada data untuk di-clone
Memproses tabel: spesifikasi_gambar_po
  -> Jumlah data sumber: 8738 rows
  -> Tabel lokal di-truncate
  -> SUKSES: 8738 rows berhasil di-clone
Memproses tabel: spesifikasi_gambar_po_2022_2023
  -> Jumlah data sumber: 2817 rows
  -> Tabel lokal di-truncate
  -> SUKSES: 2817 rows berhasil di-clone
Memproses tabel: status_pull
  -> Jumlah data sumber: 0 rows
  -> Tabel lokal di-truncate
  -> Tidak ada data untuk di-clone
Memproses tabel: stok_barang_skb
  -> Jumlah data sumber: 173 rows
  -> Tabel lokal di-truncate
  -> SUKSES: 173 rows berhasil di-clone
Memproses tabel: stok_barang_skb_history
  -> Jumlah data sumber: 0 rows
  -> Tabel lokal di-truncate
  -> Tidak ada data untuk di-clone
Memproses tabel: supplier_giro
  -> Jumlah data sumber: 1 rows
  -> Tabel lokal di-truncate
  -> SUKSES: 1 rows berhasil di-clone
Memproses tabel: supplier_giro_pembayaran
  -> Jumlah data sumber: 0 rows
  -> Tabel lokal di-truncate
  -> Tidak ada data untuk di-clone
Memproses tabel: tagihan_poluar
  -> Jumlah data sumber: 409 rows
  -> Tabel lokal di-truncate
  -> SUKSES: 409 rows berhasil di-clone
Memproses tabel: target_mesin
  -> Jumlah data sumber: 52 rows
  -> Tabel lokal di-truncate
  -> SUKSES: 52 rows berhasil di-clone
Memproses tabel: testcron
  -> Jumlah data sumber: 0 rows
  -> Tabel lokal di-truncate
  -> Tidak ada data untuk di-clone
Memproses tabel: timpotong
  -> Jumlah data sumber: 19 rows
  -> Tabel lokal di-truncate
  -> SUKSES: 19 rows berhasil di-clone
Memproses tabel: transferan
  -> Jumlah data sumber: 6392 rows
  -> Tabel lokal di-truncate
  -> SUKSES: 6392 rows berhasil di-clone
Memproses tabel: transport_driver
  -> Jumlah data sumber: 162 rows
  -> Tabel lokal di-truncate
  -> SUKSES: 162 rows berhasil di-clone
Memproses tabel: um_security
  -> Jumlah data sumber: 139 rows
  -> Tabel lokal di-truncate
  -> SUKSES: 139 rows berhasil di-clone
Memproses tabel: um_security_detail
  -> Jumlah data sumber: 689 rows
  -> Tabel lokal di-truncate
  -> SUKSES: 689 rows berhasil di-clone
Memproses tabel: user
  -> Jumlah data sumber: 17 rows
  -> Tabel lokal di-truncate
  -> SUKSES: 17 rows berhasil di-clone
Memproses tabel: user_activity
  -> Jumlah data sumber: 36371 rows
  -> Tabel lokal di-truncate
  -> SUKSES: 36371 rows berhasil di-clone
Memproses tabel: user_request
  -> Jumlah data sumber: 1754 rows
  -> Tabel lokal di-truncate
  -> SUKSES: 1754 rows berhasil di-clone
Memproses tabel: usermenu
  -> Jumlah data sumber: 4649 rows
  -> Tabel lokal di-truncate
  -> SUKSES: 4649 rows berhasil di-clone
Memproses tabel: users
  -> Jumlah data sumber: 2 rows
  -> Tabel lokal di-truncate
  -> SUKSES: 2 rows berhasil di-clone
-----------------------------------
=== CLONE DATABASE SELESAI ===
Tabel sukses : 316
Tabel skip   : 2
Tabel error  : 0
Total rows   : 720305
Waktu selesai: 2026-02-25 07:53:03
